benefit_name,topic_ids,tree_paths
0001 - Total Charge,66920,/PRODUCTION/SERVICES AND PROCEDURES/FACILITY/MISCELLANEOUS/0001 - TOTAL CHARGE
0020 - RESERVED (020),66923,/PRODUCTION/SERVICES AND PROCEDURES/FACILITY/MISCELLANEOUS/PROSPECTIVE PAYMENT SYSTEM (HIPPS)/0020 - RESERVED (020)
0021 - RESERVED (021),66924,/PRODUCTION/SERVICES AND PROCEDURES/FACILITY/MISCELLANEOUS/PROSPECTIVE PAYMENT SYSTEM (HIPPS)/0021 - RESERVED (021)
0022 - Skilled Nursing Facility Prospective Payment System SNF PPS (RUG),66925,/PRODUCTION/SERVICES AND PROCEDURES/FACILITY/MISCELLANEOUS/PROSPECTIVE PAYMENT SYSTEM (HIPPS)/0022 - SKILLED NURSING FACILITY PROSPECTIVE PAYMENT SYSTEM SNF PPS (RUG)
0023 - Home Health Prospective Payment System SNF PPS (RUG),66926,/PRODUCTION/SERVICES AND PROCEDURES/FACILITY/MISCELLANEOUS/PROSPECTIVE PAYMENT SYSTEM (HIPPS)/0023 - HOME HEALTH PROSPECTIVE PAYMENT SYSTEM SNF PPS (RUG)
0024 - RESERVED (024),66927,/PRODUCTION/SERVICES AND PROCEDURES/FACILITY/MISCELLANEOUS/PROSPECTIVE PAYMENT SYSTEM (HIPPS)/0024 - RESERVED (024)
0025 - RESERVED (025),66928,/PRODUCTION/SERVICES AND PROCEDURES/FACILITY/MISCELLANEOUS/PROSPECTIVE PAYMENT SYSTEM (HIPPS)/0025 - RESERVED (025)
0026 - RESERVED (026),66929,/PRODUCTION/SERVICES AND PROCEDURES/FACILITY/MISCELLANEOUS/PROSPECTIVE PAYMENT SYSTEM (HIPPS)/0026 - RESERVED (026)
0027 - RESERVED (027),66930,/PRODUCTION/SERVICES AND PROCEDURES/FACILITY/MISCELLANEOUS/PROSPECTIVE PAYMENT SYSTEM (HIPPS)/0027 - RESERVED (027)
0028 - RESERVED (028),66931,/PRODUCTION/SERVICES AND PROCEDURES/FACILITY/MISCELLANEOUS/PROSPECTIVE PAYMENT SYSTEM (HIPPS)/0028 - RESERVED (028)
0029 - RESERVED (029),66932,/PRODUCTION/SERVICES AND PROCEDURES/FACILITY/MISCELLANEOUS/PROSPECTIVE PAYMENT SYSTEM (HIPPS)/0029 - RESERVED (029)
0100 - All Inclusive Room and Board Plus Ancillary,60562,"/PRODUCTION/SERVICES AND PROCEDURES/FACILITY/INPATIENT HOSPITAL/ROOM, BOARD AND NURSING CHARGES/ALL INCLUSIVE RATE FOR ROOM BOARD AND ANCILLARY FACILITY CHARGES/0100 - ALL INCLUSIVE ROOM AND BOARD PLUS ANCILLARY"
0101 - All Inclusive Room and Board,60563,"/PRODUCTION/SERVICES AND PROCEDURES/FACILITY/INPATIENT HOSPITAL/ROOM, BOARD AND NURSING CHARGES/ALL INCLUSIVE RATE FOR ROOM BOARD AND ANCILLARY FACILITY CHARGES/0101 - ALL INCLUSIVE ROOM AND BOARD"
0110 - General classification for room and board for private room (medical or general),24125,"/PRODUCTION/SERVICES AND PROCEDURES/FACILITY/INPATIENT HOSPITAL/ROOM, BOARD AND NURSING CHARGES/PRIVATE (MEDICAL OR GENERAL)/0110 - GENERAL CLASSIFICATION"
"0111 - Room and board for medical, surgical or gynecological private room",24126,"/PRODUCTION/SERVICES AND PROCEDURES/FACILITY/INPATIENT HOSPITAL/ROOM, BOARD AND NURSING CHARGES/PRIVATE (MEDICAL OR GENERAL)/0111 - MEDICAL, SURGICAL OR GYNECOLOGICAL"
0112 - Room and board for obstetrics private room,24127,"/PRODUCTION/SERVICES AND PROCEDURES/FACILITY/INPATIENT HOSPITAL/ROOM, BOARD AND NURSING CHARGES/PRIVATE (MEDICAL OR GENERAL)/0112 - OBSTETRICS"
0113 - Room and board for pediatric private room,24128,"/PRODUCTION/SERVICES AND PROCEDURES/FACILITY/INPATIENT HOSPITAL/ROOM, BOARD AND NURSING CHARGES/PRIVATE (MEDICAL OR GENERAL)/0113 - PEDIATRIC"
0114 - Room and board for psychiatric private room,24129,"/PRODUCTION/SERVICES AND PROCEDURES/FACILITY/INPATIENT HOSPITAL/ROOM, BOARD AND NURSING CHARGES/PRIVATE (MEDICAL OR GENERAL)/0114 - PSYCHIATRIC"
0115 - Room and board for hospice private room,24130,"/PRODUCTION/SERVICES AND PROCEDURES/FACILITY/INPATIENT HOSPITAL/ROOM, BOARD AND NURSING CHARGES/PRIVATE (MEDICAL OR GENERAL)/0115 - HOSPICE"
0116 - Room and board for detoxification private room,24131,"/PRODUCTION/SERVICES AND PROCEDURES/FACILITY/INPATIENT HOSPITAL/ROOM, BOARD AND NURSING CHARGES/PRIVATE (MEDICAL OR GENERAL)/0116 - DETOXIFICATION"
0117 - Room and board for oncology private room,24132,"/PRODUCTION/SERVICES AND PROCEDURES/FACILITY/INPATIENT HOSPITAL/ROOM, BOARD AND NURSING CHARGES/PRIVATE (MEDICAL OR GENERAL)/0117 - ONCOLOGY"
0118 - Room and board for rehabilitation private room,24133,"/PRODUCTION/SERVICES AND PROCEDURES/FACILITY/INPATIENT HOSPITAL/ROOM, BOARD AND NURSING CHARGES/PRIVATE (MEDICAL OR GENERAL)/0118 - REHABILITATION"
0119 - Room and board for other private room,24134,"/PRODUCTION/SERVICES AND PROCEDURES/FACILITY/INPATIENT HOSPITAL/ROOM, BOARD AND NURSING CHARGES/PRIVATE (MEDICAL OR GENERAL)/0119 - OTHER"
0120 - General classification for room and board for semi-private two bed room (medical or general),24135,"/PRODUCTION/SERVICES AND PROCEDURES/FACILITY/INPATIENT HOSPITAL/ROOM, BOARD AND NURSING CHARGES/SEMI-PRIVATE TWO BED (MEDICAL OR GENERAL)/0120 - GENERAL CLASSIFICATION"
"0121 - Room and board for semi-private medical, surgical, gynecological two bed room",24136,"/PRODUCTION/SERVICES AND PROCEDURES/FACILITY/INPATIENT HOSPITAL/ROOM, BOARD AND NURSING CHARGES/SEMI-PRIVATE TWO BED (MEDICAL OR GENERAL)/0121 - MEDICAL/SURGICAL/GYN"
0122 - Room and board for obstetrics semi-private two bed room,24137,"/PRODUCTION/SERVICES AND PROCEDURES/FACILITY/INPATIENT HOSPITAL/ROOM, BOARD AND NURSING CHARGES/SEMI-PRIVATE TWO BED (MEDICAL OR GENERAL)/0122 - OBSTETRICS"
0123 - Room and board for pediatric semi-private two bed room,24138,"/PRODUCTION/SERVICES AND PROCEDURES/FACILITY/INPATIENT HOSPITAL/ROOM, BOARD AND NURSING CHARGES/SEMI-PRIVATE TWO BED (MEDICAL OR GENERAL)/0123 - PEDIATRIC"
0124 - Room and board for psychiatric semi-private two bed room,24139,"/PRODUCTION/SERVICES AND PROCEDURES/FACILITY/INPATIENT HOSPITAL/ROOM, BOARD AND NURSING CHARGES/SEMI-PRIVATE TWO BED (MEDICAL OR GENERAL)/0124- PSYCHIATRIC"
0125 - Room and board for hospice semi-private two bed room,24140,"/PRODUCTION/SERVICES AND PROCEDURES/FACILITY/INPATIENT HOSPITAL/ROOM, BOARD AND NURSING CHARGES/SEMI-PRIVATE TWO BED (MEDICAL OR GENERAL)/0125 - HOSPICE"
0126 - Room and board for detoxification semi-private two bed room,24141,"/PRODUCTION/SERVICES AND PROCEDURES/FACILITY/INPATIENT HOSPITAL/ROOM, BOARD AND NURSING CHARGES/SEMI-PRIVATE TWO BED (MEDICAL OR GENERAL)/0126 - DETOXIFICATION"
0127 - Room and board for oncology semi-private two bed room,24142,"/PRODUCTION/SERVICES AND PROCEDURES/FACILITY/INPATIENT HOSPITAL/ROOM, BOARD AND NURSING CHARGES/SEMI-PRIVATE TWO BED (MEDICAL OR GENERAL)/0127 - ONCOLOGY"
0128 - Room and board for rehabilitation semi-private two bed room,24143,"/PRODUCTION/SERVICES AND PROCEDURES/FACILITY/INPATIENT HOSPITAL/ROOM, BOARD AND NURSING CHARGES/SEMI-PRIVATE TWO BED (MEDICAL OR GENERAL)/0128 - REHABILIATION"
0129 - Room and board for other semi-private two bed room,24144,"/PRODUCTION/SERVICES AND PROCEDURES/FACILITY/INPATIENT HOSPITAL/ROOM, BOARD AND NURSING CHARGES/SEMI-PRIVATE TWO BED (MEDICAL OR GENERAL)/0129 - OTHER"
0130 - General classification for room and board for semi-private three and four bed room,24145,"/PRODUCTION/SERVICES AND PROCEDURES/FACILITY/INPATIENT HOSPITAL/ROOM, BOARD AND NURSING CHARGES/SEMI-PRIVATE THREE AND FOUR BED/0130 - GENERAL CLASSIFICATION"
"0131 - Room and board for medical, surgical or gynecological semi-private three and four bed room",24146,"/PRODUCTION/SERVICES AND PROCEDURES/FACILITY/INPATIENT HOSPITAL/ROOM, BOARD AND NURSING CHARGES/SEMI-PRIVATE THREE AND FOUR BED/0131 - MEDICAL, SURGICAL OR GYNECOLOGICAL"
0132 - Room and board for obstetrics semi-private three and four bed room,24147,"/PRODUCTION/SERVICES AND PROCEDURES/FACILITY/INPATIENT HOSPITAL/ROOM, BOARD AND NURSING CHARGES/SEMI-PRIVATE THREE AND FOUR BED/0132 - OBSTETRICS"
0133 - Room and board for pediatric semi-private three and four bed room,24148,"/PRODUCTION/SERVICES AND PROCEDURES/FACILITY/INPATIENT HOSPITAL/ROOM, BOARD AND NURSING CHARGES/SEMI-PRIVATE THREE AND FOUR BED/0133 - PEDIATRIC"
0134 - Room and board for psychiatric semi-private three and four bed room,24149,"/PRODUCTION/SERVICES AND PROCEDURES/FACILITY/INPATIENT HOSPITAL/ROOM, BOARD AND NURSING CHARGES/SEMI-PRIVATE THREE AND FOUR BED/0134 - PSYCHIATRIC"
0135 - Room and board for hospice semi-private three and four bed room,24150,"/PRODUCTION/SERVICES AND PROCEDURES/FACILITY/INPATIENT HOSPITAL/ROOM, BOARD AND NURSING CHARGES/SEMI-PRIVATE THREE AND FOUR BED/0135 - HOSPICE"
0136 - Room and board for detoxification semi-private three and four bed room,24151,"/PRODUCTION/SERVICES AND PROCEDURES/FACILITY/INPATIENT HOSPITAL/ROOM, BOARD AND NURSING CHARGES/SEMI-PRIVATE THREE AND FOUR BED/0136 - DETOXIFICATION"
0137 - Room and board for oncology semi-private three and four bed room,24152,"/PRODUCTION/SERVICES AND PROCEDURES/FACILITY/INPATIENT HOSPITAL/ROOM, BOARD AND NURSING CHARGES/SEMI-PRIVATE THREE AND FOUR BED/0137 - ONCOLOGY"
0138 - Room and board for rehabiliation semi-private three and four bed room,24153,"/PRODUCTION/SERVICES AND PROCEDURES/FACILITY/INPATIENT HOSPITAL/ROOM, BOARD AND NURSING CHARGES/SEMI-PRIVATE THREE AND FOUR BED/0138 - REHABILIATION"
0139 - Room and board for other semi-private three and four bed room,24154,"/PRODUCTION/SERVICES AND PROCEDURES/FACILITY/INPATIENT HOSPITAL/ROOM, BOARD AND NURSING CHARGES/SEMI-PRIVATE THREE AND FOUR BED/0139 - OTHER"
0140 - General classification for room and board for deluxe private room,24155,"/PRODUCTION/SERVICES AND PROCEDURES/FACILITY/INPATIENT HOSPITAL/ROOM, BOARD AND NURSING CHARGES/PRIVATE (DELUXE)/0140 - GENERAL CLASSIFICATION"
"0141 - Room and board for medical, surgical or gynecological deluxe private room",24156,"/PRODUCTION/SERVICES AND PROCEDURES/FACILITY/INPATIENT HOSPITAL/ROOM, BOARD AND NURSING CHARGES/PRIVATE (DELUXE)/0141 - MEDICAL, SURGICAL OR GYNECOLOGICAL"
0142 - Room and board for obstetrics deluxe private room,24157,"/PRODUCTION/SERVICES AND PROCEDURES/FACILITY/INPATIENT HOSPITAL/ROOM, BOARD AND NURSING CHARGES/PRIVATE (DELUXE)/0142 - OBSTETRICS"
0143 - Room and board for pediatric deluxe private room,24158,"/PRODUCTION/SERVICES AND PROCEDURES/FACILITY/INPATIENT HOSPITAL/ROOM, BOARD AND NURSING CHARGES/PRIVATE (DELUXE)/0143 - PEDIATRIC"
0144 - Room and board for psychiatric deluxe private room,24159,"/PRODUCTION/SERVICES AND PROCEDURES/FACILITY/INPATIENT HOSPITAL/ROOM, BOARD AND NURSING CHARGES/PRIVATE (DELUXE)/0144 - PSYCHIATRIC"
0145 - Room and board for hospice deluxe private room,24160,"/PRODUCTION/SERVICES AND PROCEDURES/FACILITY/INPATIENT HOSPITAL/ROOM, BOARD AND NURSING CHARGES/PRIVATE (DELUXE)/0145 - HOSPICE"
0146 - Room and board for detoxification deluxe private room,24161,"/PRODUCTION/SERVICES AND PROCEDURES/FACILITY/INPATIENT HOSPITAL/ROOM, BOARD AND NURSING CHARGES/PRIVATE (DELUXE)/0146 - DETOXIFICATION"
0147 - Room and board for oncology deluxe private room,24162,"/PRODUCTION/SERVICES AND PROCEDURES/FACILITY/INPATIENT HOSPITAL/ROOM, BOARD AND NURSING CHARGES/PRIVATE (DELUXE)/0147 - ONCOLOGY"
0148 - Room and board for rehabiliation deluxe private room,24163,"/PRODUCTION/SERVICES AND PROCEDURES/FACILITY/INPATIENT HOSPITAL/ROOM, BOARD AND NURSING CHARGES/PRIVATE (DELUXE)/0148 - REHABILITATION"
0149 - Room and board for other deluxe private room,24164,"/PRODUCTION/SERVICES AND PROCEDURES/FACILITY/INPATIENT HOSPITAL/ROOM, BOARD AND NURSING CHARGES/PRIVATE (DELUXE)/0149 - OTHER"
0150 - General classification for room and board for ward room (medical or general),24165,"/PRODUCTION/SERVICES AND PROCEDURES/FACILITY/INPATIENT HOSPITAL/ROOM, BOARD AND NURSING CHARGES/WARD (MEDICAL OR GENERAL)/0150 - GENERAL CLASSIFICATION"
"0151 - Room and board for medical, surgical or gynecological ward room",24166,"/PRODUCTION/SERVICES AND PROCEDURES/FACILITY/INPATIENT HOSPITAL/ROOM, BOARD AND NURSING CHARGES/WARD (MEDICAL OR GENERAL)/0151 - MEDICAL, SURGICAL OR GYNECOLOGICAL"
0152 - Room and board for obstetrics ward room,24167,"/PRODUCTION/SERVICES AND PROCEDURES/FACILITY/INPATIENT HOSPITAL/ROOM, BOARD AND NURSING CHARGES/WARD (MEDICAL OR GENERAL)/0152 - OBSTETRICS"
0153 - Room and board for pediatric ward room,24168,"/PRODUCTION/SERVICES AND PROCEDURES/FACILITY/INPATIENT HOSPITAL/ROOM, BOARD AND NURSING CHARGES/WARD (MEDICAL OR GENERAL)/0153 - PEDIATRIC"
0154 - Room and board for psychiatric ward room,24169,"/PRODUCTION/SERVICES AND PROCEDURES/FACILITY/INPATIENT HOSPITAL/ROOM, BOARD AND NURSING CHARGES/WARD (MEDICAL OR GENERAL)/0154 - PSYCHIATRIC"
0155 - Room and board for hospice ward room,24170,"/PRODUCTION/SERVICES AND PROCEDURES/FACILITY/INPATIENT HOSPITAL/ROOM, BOARD AND NURSING CHARGES/WARD (MEDICAL OR GENERAL)/0155 - HOSPICE"
0156 - Room and board for detoxification ward room,24171,"/PRODUCTION/SERVICES AND PROCEDURES/FACILITY/INPATIENT HOSPITAL/ROOM, BOARD AND NURSING CHARGES/WARD (MEDICAL OR GENERAL)/0156 - DETOXIFICATION"
0157 - Room and board for oncology ward room,24172,"/PRODUCTION/SERVICES AND PROCEDURES/FACILITY/INPATIENT HOSPITAL/ROOM, BOARD AND NURSING CHARGES/WARD (MEDICAL OR GENERAL)/0157 - ONCOLOGY"
0158 - Room and board for rehabilitation ward room,24173,"/PRODUCTION/SERVICES AND PROCEDURES/FACILITY/INPATIENT HOSPITAL/ROOM, BOARD AND NURSING CHARGES/WARD (MEDICAL OR GENERAL)/0158 - REHABILIATION"
0159 - Room and board for other ward room,24174,"/PRODUCTION/SERVICES AND PROCEDURES/FACILITY/INPATIENT HOSPITAL/ROOM, BOARD AND NURSING CHARGES/WARD (MEDICAL OR GENERAL)/0159 - OTHER"
0160 - General classification for other room and board,24175,"/PRODUCTION/SERVICES AND PROCEDURES/FACILITY/INPATIENT HOSPITAL/ROOM, BOARD AND NURSING CHARGES/OTHER/0160 - GENERAL CLASSIFICATION"
0161 - Hospital at Home,2405999,"/PRODUCTION/SERVICES AND PROCEDURES/FACILITY/INPATIENT HOSPITAL/ROOM, BOARD AND NURSING CHARGES/OTHER/0161 - HOSPITAL AT HOME"
0164 - Other room and board for sterile environment,24176,"/PRODUCTION/SERVICES AND PROCEDURES/FACILITY/INPATIENT HOSPITAL/ROOM, BOARD AND NURSING CHARGES/OTHER/0164 - STERILE ENVIRONMENT"
0167 - Other room and board for self care,60541,"/PRODUCTION/SERVICES AND PROCEDURES/FACILITY/INPATIENT HOSPITAL/ROOM, BOARD AND NURSING CHARGES/OTHER/0167 - SELF CARE"
0169 - Other room and board - other,24177,"/PRODUCTION/SERVICES AND PROCEDURES/FACILITY/INPATIENT HOSPITAL/ROOM, BOARD AND NURSING CHARGES/OTHER/0169 - OTHER"
0170 - General classification for room and board for nursery,24178,/PRODUCTION/SERVICES AND PROCEDURES/FACILITY/INPATIENT HOSPITAL/MATERNITY CARE/ROOM AND BOARD FOR NURSERY/0170 - GENERAL CLASSIFICATION FOR ROOM AND BOARD FOR NURSERY
0171 - Room and board for level I newborn nursery,24179,/PRODUCTION/SERVICES AND PROCEDURES/FACILITY/INPATIENT HOSPITAL/MATERNITY CARE/ROOM AND BOARD FOR NURSERY/0171 - ROOM AND BOARD FOR LEVEL I NEWBORN NURSERY
0172 - Room and board for level II newborn nursery,24180,/PRODUCTION/SERVICES AND PROCEDURES/FACILITY/INPATIENT HOSPITAL/MATERNITY CARE/ROOM AND BOARD FOR NURSERY/0172 - ROOM AND BOARD FOR LEVEL II NEWBORN NURSERY
0173 - Room and board for level III newborn nursery,24181,/PRODUCTION/SERVICES AND PROCEDURES/FACILITY/INPATIENT HOSPITAL/MATERNITY CARE/ROOM AND BOARD FOR NURSERY/0173 - ROOM AND BOARD FOR LEVEL III NEWBORN NURSERY
0174 - Room and board for level IV newborn nursery,24182,/PRODUCTION/SERVICES AND PROCEDURES/FACILITY/INPATIENT HOSPITAL/MATERNITY CARE/ROOM AND BOARD FOR NURSERY/0174 - ROOM AND BOARD FOR LEVEL IV NEWBORN NURSERY
0179 - Room and board for other nursery,24183,/PRODUCTION/SERVICES AND PROCEDURES/FACILITY/INPATIENT HOSPITAL/MATERNITY CARE/ROOM AND BOARD FOR NURSERY/0179 - ROOM AND BOARD FOR OTHER NURSERY
0180 - General classification for leave of absence from room,24184,"/PRODUCTION/SERVICES AND PROCEDURES/FACILITY/INPATIENT HOSPITAL/ROOM, BOARD AND NURSING CHARGES/LEAVE OF ABSENCE/0180 - GENERAL CLASSIFICATION"
0182 - Leave of absence from room for patient convenience,24186,"/PRODUCTION/SERVICES AND PROCEDURES/FACILITY/INPATIENT HOSPITAL/ROOM, BOARD AND NURSING CHARGES/LEAVE OF ABSENCE/0182 - PATIENT CONVENIENCE"
0183 - Leave of absense from room for therapeutic leave,24187,"/PRODUCTION/SERVICES AND PROCEDURES/FACILITY/INPATIENT HOSPITAL/ROOM, BOARD AND NURSING CHARGES/LEAVE OF ABSENCE/0183 - THERAPEUTIC LEAVE"
0184 - Leave of absense - ICF/MR - any reason,24188,"/PRODUCTION/SERVICES AND PROCEDURES/FACILITY/INPATIENT HOSPITAL/ROOM, BOARD AND NURSING CHARGES/LEAVE OF ABSENCE/0184 - ICF, MR"
0185 - Leave of absence from nursing home for hospitalization,24189,"/PRODUCTION/SERVICES AND PROCEDURES/FACILITY/INPATIENT HOSPITAL/ROOM, BOARD AND NURSING CHARGES/LEAVE OF ABSENCE/0185 - NURSING HOME (FOR HOSPITALIZATION)"
0189 - Other Leave of Absence,24190,"/PRODUCTION/SERVICES AND PROCEDURES/FACILITY/INPATIENT HOSPITAL/ROOM, BOARD AND NURSING CHARGES/LEAVE OF ABSENCE/0189 - OTHER LEAVE OF ABSENCE"
0190 - General classification for subacute care,23835,"/PRODUCTION/SERVICES AND PROCEDURES/FACILITY/INPATIENT HOSPITAL/ROOM, BOARD AND NURSING CHARGES/SUBACUTE CARE/0190 - GENERAL CLASSIFICATION"
0191 - Subacute skilled care room and board (Level I),12918,"/PRODUCTION/SERVICES AND PROCEDURES/FACILITY/INPATIENT HOSPITAL/ROOM, BOARD AND NURSING CHARGES/SUBACUTE CARE/0191 - SKILLED (LEVEL I)"
0192 - Subacute comprehensive care room and board (Level II),12919,"/PRODUCTION/SERVICES AND PROCEDURES/FACILITY/INPATIENT HOSPITAL/ROOM, BOARD AND NURSING CHARGES/SUBACUTE CARE/0192 - COMPREHENSIVE (LEVEL II)"
0193 - Subacute complex care room and board (Level III),12920,"/PRODUCTION/SERVICES AND PROCEDURES/FACILITY/INPATIENT HOSPITAL/ROOM, BOARD AND NURSING CHARGES/SUBACUTE CARE/0193 - COMPLEX (LEVEL III)"
0194 - Subacute intensive care room and board (Level IV),12921,"/PRODUCTION/SERVICES AND PROCEDURES/FACILITY/INPATIENT HOSPITAL/ROOM, BOARD AND NURSING CHARGES/SUBACUTE CARE/0194 - INTENSIVE (LEVEL IV)"
0199 - Other subacute care,23836,"/PRODUCTION/SERVICES AND PROCEDURES/FACILITY/INPATIENT HOSPITAL/ROOM, BOARD AND NURSING CHARGES/SUBACUTE CARE/0199 - OTHER"
0200 - General classification for intensive care,23843,"/PRODUCTION/SERVICES AND PROCEDURES/FACILITY/INPATIENT HOSPITAL/ROOM, BOARD AND NURSING CHARGES/ACUTE CARE /INTENSIVE CARE/0200 - GENERAL CLASSIFICATION"
0201 - Surgical intensive care,23844,"/PRODUCTION/SERVICES AND PROCEDURES/FACILITY/INPATIENT HOSPITAL/ROOM, BOARD AND NURSING CHARGES/ACUTE CARE /INTENSIVE CARE/0201 - SURGICAL"
0202 - Medical intensive care,23845,"/PRODUCTION/SERVICES AND PROCEDURES/FACILITY/INPATIENT HOSPITAL/ROOM, BOARD AND NURSING CHARGES/ACUTE CARE /INTENSIVE CARE/0202 - MEDICAL"
0203 - Pediatric intensive care,23846,"/PRODUCTION/SERVICES AND PROCEDURES/FACILITY/INPATIENT HOSPITAL/ROOM, BOARD AND NURSING CHARGES/ACUTE CARE /INTENSIVE CARE/0203 - PEDIATRIC"
0204 - Psychiatric intensive care,23847,"/PRODUCTION/SERVICES AND PROCEDURES/FACILITY/INPATIENT HOSPITAL/ROOM, BOARD AND NURSING CHARGES/ACUTE CARE /INTENSIVE CARE/0204 - PSYCHIATRIC"
0206 - Intermediate intensive care unit,23848,"/PRODUCTION/SERVICES AND PROCEDURES/FACILITY/INPATIENT HOSPITAL/ROOM, BOARD AND NURSING CHARGES/ACUTE CARE /INTENSIVE CARE/0206 - INTERMEDIATE"
0207 - Burn Care,23849,"/PRODUCTION/SERVICES AND PROCEDURES/FACILITY/INPATIENT HOSPITAL/ROOM, BOARD AND NURSING CHARGES/ACUTE CARE /INTENSIVE CARE/0207 - BURN CARE"
0208 - Trauma intensive care,23850,"/PRODUCTION/SERVICES AND PROCEDURES/FACILITY/INPATIENT HOSPITAL/ROOM, BOARD AND NURSING CHARGES/ACUTE CARE /INTENSIVE CARE/0208 - TRAUMA"
0209 - Other intensive care,23851,"/PRODUCTION/SERVICES AND PROCEDURES/FACILITY/INPATIENT HOSPITAL/ROOM, BOARD AND NURSING CHARGES/ACUTE CARE /INTENSIVE CARE/0209 - OTHER"
0210 - General classification for coronary care,23858,"/PRODUCTION/SERVICES AND PROCEDURES/FACILITY/INPATIENT HOSPITAL/ROOM, BOARD AND NURSING CHARGES/ACUTE CARE /CORONARY CARE/0210 - GENERAL CLASSIFICATION"
0211 - Myocardial Infarction,23859,"/PRODUCTION/SERVICES AND PROCEDURES/FACILITY/INPATIENT HOSPITAL/ROOM, BOARD AND NURSING CHARGES/ACUTE CARE /CORONARY CARE/0211 - MYOCARDIAL INFARCTION"
0212 - Pulmonary Care,23860,"/PRODUCTION/SERVICES AND PROCEDURES/FACILITY/INPATIENT HOSPITAL/ROOM, BOARD AND NURSING CHARGES/ACUTE CARE /CORONARY CARE/0212 - PULMONARY CARE"
0213 - Heart Transplant,23861,"/PRODUCTION/SERVICES AND PROCEDURES/FACILITY/INPATIENT HOSPITAL/ROOM, BOARD AND NURSING CHARGES/ACUTE CARE /CORONARY CARE/0213 - HEART TRANSPLANT"
0214 - Intermediate CCU,23862,"/PRODUCTION/SERVICES AND PROCEDURES/FACILITY/INPATIENT HOSPITAL/ROOM, BOARD AND NURSING CHARGES/ACUTE CARE /CORONARY CARE/0214 - INTERMEDIATE CCU"
0219 - Other Coronary Care,23863,"/PRODUCTION/SERVICES AND PROCEDURES/FACILITY/INPATIENT HOSPITAL/ROOM, BOARD AND NURSING CHARGES/ACUTE CARE /CORONARY CARE/0219 - OTHER CORONARY CARE"
0220 - General classification - special charges - facility,23767,"/PRODUCTION/SERVICES AND PROCEDURES/FACILITY/INPATIENT HOSPITAL/ROOM, BOARD AND NURSING CHARGES/FACILITY SPECIAL CHARGES/0220 - GENERAL CLASSIFICATION"
0221 - Admission Charge,23768,"/PRODUCTION/SERVICES AND PROCEDURES/FACILITY/INPATIENT HOSPITAL/ROOM, BOARD AND NURSING CHARGES/FACILITY SPECIAL CHARGES/0221 - ADMISSION CHARGE"
0222 - Technical Support Charge,23769,"/PRODUCTION/SERVICES AND PROCEDURES/FACILITY/INPATIENT HOSPITAL/ROOM, BOARD AND NURSING CHARGES/FACILITY SPECIAL CHARGES/0222 - TECHNICAL SUPPORT CHARGE"
0223 - U.R. Service Charge,23770,"/PRODUCTION/SERVICES AND PROCEDURES/FACILITY/INPATIENT HOSPITAL/ROOM, BOARD AND NURSING CHARGES/FACILITY SPECIAL CHARGES/0223 - U.R. SERVICE CHARGE"
"0224 - Late Discharge, Medically Necessary",23771,"/PRODUCTION/SERVICES AND PROCEDURES/FACILITY/INPATIENT HOSPITAL/ROOM, BOARD AND NURSING CHARGES/FACILITY SPECIAL CHARGES/0224 - LATE DISCHARGE, MEDICALLY NECESSARY"
0229 - Other Special Charges,23772,"/PRODUCTION/SERVICES AND PROCEDURES/FACILITY/INPATIENT HOSPITAL/ROOM, BOARD AND NURSING CHARGES/FACILITY SPECIAL CHARGES/0229 - OTHER SPECIAL CHARGES"
0230 - Incremental nursing charges - general classification,23748,"/PRODUCTION/SERVICES AND PROCEDURES/FACILITY/INPATIENT HOSPITAL/ROOM, BOARD AND NURSING CHARGES/INCREMENTAL NURSING CHARGES/0230 - GENERAL CLASSIFICATION"
0231 - Incremental nursing charges - nursery,23749,"/PRODUCTION/SERVICES AND PROCEDURES/FACILITY/INPATIENT HOSPITAL/ROOM, BOARD AND NURSING CHARGES/INCREMENTAL NURSING CHARGES/0231 - NURSERY"
0232 - Incremental nursing charges - OB,23750,"/PRODUCTION/SERVICES AND PROCEDURES/FACILITY/INPATIENT HOSPITAL/ROOM, BOARD AND NURSING CHARGES/INCREMENTAL NURSING CHARGES/0232 - OB"
0233 - Incremental nursing charges - ICU,23751,"/PRODUCTION/SERVICES AND PROCEDURES/FACILITY/INPATIENT HOSPITAL/ROOM, BOARD AND NURSING CHARGES/INCREMENTAL NURSING CHARGES/0233 - ICU"
0234 - Incremental nursing charges - CCU,23752,"/PRODUCTION/SERVICES AND PROCEDURES/FACILITY/INPATIENT HOSPITAL/ROOM, BOARD AND NURSING CHARGES/INCREMENTAL NURSING CHARGES/0234 - CCU"
0235 - Incremental nursing charges - hospice,23753,"/PRODUCTION/SERVICES AND PROCEDURES/FACILITY/INPATIENT HOSPITAL/ROOM, BOARD AND NURSING CHARGES/INCREMENTAL NURSING CHARGES/0235 - HOSPICE"
0239 - Incremental nursing charges - other,23754,"/PRODUCTION/SERVICES AND PROCEDURES/FACILITY/INPATIENT HOSPITAL/ROOM, BOARD AND NURSING CHARGES/INCREMENTAL NURSING CHARGES/0239 - OTHER"
0240 - All inclusive ancillary general classification,23761,/PRODUCTION/SERVICES AND PROCEDURES/FACILITY/INPATIENT HOSPITAL/INPATIENT ALL INCLUSIVE ANCILLARY SERVICES/0240 - ALL INCLUSIVE ANCILLARY GENERAL CLASSIFICATION
0241 - All inclusive ancillary basic,23762,/PRODUCTION/SERVICES AND PROCEDURES/FACILITY/INPATIENT HOSPITAL/INPATIENT ALL INCLUSIVE ANCILLARY SERVICES/0241 - ALL INCLUSIVE ANCILLARY BASIC
0242 - All Inclusive ancillary comprehensive,23763,/PRODUCTION/SERVICES AND PROCEDURES/FACILITY/INPATIENT HOSPITAL/INPATIENT ALL INCLUSIVE ANCILLARY SERVICES/0242 - ALL INCLUSIVE ANCILLARY COMPREHENSIVE
0243 - All inclusive ancillary specialty,23764,/PRODUCTION/SERVICES AND PROCEDURES/FACILITY/INPATIENT HOSPITAL/INPATIENT ALL INCLUSIVE ANCILLARY SERVICES/0243 - ALL INCLUSIVE ANCILLARY SPECIALTY
0249 - Other All Inclusive Ancillary,23765,/PRODUCTION/SERVICES AND PROCEDURES/FACILITY/INPATIENT HOSPITAL/INPATIENT ALL INCLUSIVE ANCILLARY SERVICES/0249 - OTHER ALL INCLUSIVE ANCILLARY
0250 - General classification for pharmacy,23970,/PRODUCTION/SERVICES AND PROCEDURES/FACILITY/INPATIENT HOSPITAL/MEDICATIONS/PHARMACY/0250 - GENERAL CLASSIFICATION FOR PHARMACY FOR PHARMACY
0251 - Generic Drugs,23971,/PRODUCTION/SERVICES AND PROCEDURES/FACILITY/INPATIENT HOSPITAL/MEDICATIONS/PHARMACY/0251 - GENERIC DRUGS
0252 - Non-generic Drugs,23972,/PRODUCTION/SERVICES AND PROCEDURES/FACILITY/INPATIENT HOSPITAL/MEDICATIONS/PHARMACY/0252 - NON-GENERIC DRUGS
0253 - Take Home Drugs,23973,/PRODUCTION/SERVICES AND PROCEDURES/FACILITY/INPATIENT HOSPITAL/MEDICATIONS/PHARMACY/0253 - TAKE HOME DRUGS
0254 - Drugs Incident to Other Diagnostic Services,23974,/PRODUCTION/SERVICES AND PROCEDURES/FACILITY/INPATIENT HOSPITAL/MEDICATIONS/PHARMACY/0254 - DRUGS INCIDENT TO OTHER DIAGNOSTIC SERVICES
0255 - Drugs Incident to Radiology,23975,/PRODUCTION/SERVICES AND PROCEDURES/FACILITY/INPATIENT HOSPITAL/RADIOLOGY/RADIOPHARMACEUTICALS/0255 - DRUGS INCIDENT TO RADIOLOGY
0256 - Experimental Drugs,23976,/PRODUCTION/SERVICES AND PROCEDURES/FACILITY/INPATIENT HOSPITAL/MEDICATIONS/PHARMACY/0256 - EXPERIMENTAL DRUGS
0257 - Non-prescription drugs,23977,/PRODUCTION/SERVICES AND PROCEDURES/FACILITY/INPATIENT HOSPITAL/MEDICATIONS/PHARMACY/0257 - NON-PRESCRIPTION DRUGS
0258 - IV Solutions,23978,/PRODUCTION/SERVICES AND PROCEDURES/FACILITY/INPATIENT HOSPITAL/MEDICATIONS/PHARMACY/0258 - IV SOLUTIONS
0259 - Other Pharmacy,23979,/PRODUCTION/SERVICES AND PROCEDURES/FACILITY/INPATIENT HOSPITAL/MEDICATIONS/PHARMACY/0259 - OTHER PHARMACY
0260 - General classification for IV therapy,23787,/PRODUCTION/SERVICES AND PROCEDURES/FACILITY/INPATIENT HOSPITAL/IV THERAPY/0260 - GENERAL CLASSIFICATION FOR IV THERAPY FOR IV THERAPY
0262 - IV Therapy/Pharmacy Svcs,23789,/PRODUCTION/SERVICES AND PROCEDURES/FACILITY/INPATIENT HOSPITAL/IV THERAPY/0262 - IV THERAPY/PHARMACY SVCS
0263 - IV Therapy/Drug/Supply Delivery,23790,/PRODUCTION/SERVICES AND PROCEDURES/FACILITY/INPATIENT HOSPITAL/IV THERAPY/0263 - IV THERAPY/DRUG/SUPPLY DELIVERY
0264 - IV Therapy/Supplies,23791,/PRODUCTION/SERVICES AND PROCEDURES/FACILITY/INPATIENT HOSPITAL/IV THERAPY/0264 - IV THERAPY/SUPPLIES
0269 - Other IV Therapy,23792,/PRODUCTION/SERVICES AND PROCEDURES/FACILITY/INPATIENT HOSPITAL/IV THERAPY/0269 - OTHER IV THERAPY
"0270 - General classification for medical, surgical supplies and devices",23802,"/PRODUCTION/SERVICES AND PROCEDURES/FACILITY/INPATIENT HOSPITAL/MEDICAL AND SURGICAL SUPPLIES AND DEVICES/FACILITY CHARGES FOR MEDICAL/SURGICAL SUPPLIES AND DEVICES/0270 - GENERAL CLASSIFICATION FOR MEDICAL, SURGICAL SUPPLIES AND DEVICES"
0271 - Non Sterile Supply,23803,/PRODUCTION/SERVICES AND PROCEDURES/FACILITY/INPATIENT HOSPITAL/MEDICAL AND SURGICAL SUPPLIES AND DEVICES/FACILITY CHARGES FOR MEDICAL/SURGICAL SUPPLIES AND DEVICES/0271 - NON STERILE SUPPLY
0272 - Sterile Supply,23804,/PRODUCTION/SERVICES AND PROCEDURES/FACILITY/INPATIENT HOSPITAL/MEDICAL AND SURGICAL SUPPLIES AND DEVICES/FACILITY CHARGES FOR MEDICAL/SURGICAL SUPPLIES AND DEVICES/0272 - STERILE SUPPLY
0273 - Take Home Supplies,23805,/PRODUCTION/SERVICES AND PROCEDURES/FACILITY/INPATIENT HOSPITAL/MEDICAL AND SURGICAL SUPPLIES AND DEVICES/FACILITY CHARGES FOR MEDICAL/SURGICAL SUPPLIES AND DEVICES/0273 - TAKE HOME SUPPLIES
0275 - Pacemaker,23807,/PRODUCTION/SERVICES AND PROCEDURES/FACILITY/INPATIENT HOSPITAL/MEDICAL AND SURGICAL SUPPLIES AND DEVICES/FACILITY CHARGES FOR MEDICAL/SURGICAL SUPPLIES AND DEVICES/0275 - PACEMAKER
0276 - Intraocular Lens,23808,/PRODUCTION/SERVICES AND PROCEDURES/FACILITY/INPATIENT HOSPITAL/PROSTHETIC AND ORTHOTIC/0276 - INTRAOCULAR LENS
0277 - Oxygen - Take Home,23809,/PRODUCTION/SERVICES AND PROCEDURES/FACILITY/INPATIENT HOSPITAL/MEDICAL AND SURGICAL SUPPLIES AND DEVICES/FACILITY CHARGES FOR MEDICAL/SURGICAL SUPPLIES AND DEVICES/0277 - OXYGEN - TAKE HOME
0278 - Other Implants,23810,/PRODUCTION/SERVICES AND PROCEDURES/FACILITY/INPATIENT HOSPITAL/PROSTHETIC AND ORTHOTIC/0278 - OTHER IMPLANTS
0279 - Other Supplies/Devices,23811,/PRODUCTION/SERVICES AND PROCEDURES/FACILITY/INPATIENT HOSPITAL/MEDICAL AND SURGICAL SUPPLIES AND DEVICES/FACILITY CHARGES FOR MEDICAL/SURGICAL SUPPLIES AND DEVICES/0279 - OTHER SUPPLIES/DEVICES
0280 - General classification for oncology,24069,/PRODUCTION/SERVICES AND PROCEDURES/FACILITY/INPATIENT HOSPITAL/ONCOLOGY/0280 - GENERAL CLASSIFICATION FOR ONCOLOGY
0289 - Other Oncology,24070,/PRODUCTION/SERVICES AND PROCEDURES/FACILITY/INPATIENT HOSPITAL/ONCOLOGY/0289 - OTHER ONCOLOGY
0290 - General classification for durable medical equipment (other than renal),23837,/PRODUCTION/SERVICES AND PROCEDURES/FACILITY/INPATIENT HOSPITAL/DURABLE MEDICAL EQUIPMENT/DURABLE MEDICAL EQUIPMENT (OTHER THAN RENTAL)/0290 - GENERAL CLASSIFICATION FOR DURABLE MEDICAL EQUIPMENT (OTHER THAN RENAL)
0291 - Rental of durable medical equipment,23838,/PRODUCTION/SERVICES AND PROCEDURES/FACILITY/INPATIENT HOSPITAL/DURABLE MEDICAL EQUIPMENT/DURABLE MEDICAL EQUIPMENT (OTHER THAN RENTAL)/0291 - RENTAL OF DURABLE MEDICAL EQUIPMENT
0292 - Purchase of New DME,23839,/PRODUCTION/SERVICES AND PROCEDURES/FACILITY/INPATIENT HOSPITAL/DURABLE MEDICAL EQUIPMENT/DURABLE MEDICAL EQUIPMENT (OTHER THAN RENTAL)/0292 - PURCHASE OF NEW DME
0293 - Purchase of Used DME,23840,/PRODUCTION/SERVICES AND PROCEDURES/FACILITY/INPATIENT HOSPITAL/DURABLE MEDICAL EQUIPMENT/DURABLE MEDICAL EQUIPMENT (OTHER THAN RENTAL)/0293 - PURCHASE OF USED DME
0294 - Supplies or Drugs for DME (Home Health Agency only),23841,/PRODUCTION/SERVICES AND PROCEDURES/FACILITY/INPATIENT HOSPITAL/DURABLE MEDICAL EQUIPMENT/DURABLE MEDICAL EQUIPMENT (OTHER THAN RENTAL)/0294 - SUPPLIES OR DRUGS FOR DME (HOME HEALTH AGENCY ONLY)
0299 - Other Durable Medical Equipment,23842,/PRODUCTION/SERVICES AND PROCEDURES/FACILITY/INPATIENT HOSPITAL/DURABLE MEDICAL EQUIPMENT/DURABLE MEDICAL EQUIPMENT (OTHER THAN RENTAL)/0299 - OTHER DURABLE MEDICAL EQUIPMENT
0300 - General classification for laboratory facility charges,23993,/PRODUCTION/SERVICES AND PROCEDURES/FACILITY/INPATIENT HOSPITAL/PATHOLOGY AND LABORATORY/DIAGNOSTIC AND CLINICAL LABORATORY/0300 - GENERAL CLASSIFICATION FOR LABORATORY FACILITY CHARGES
0301 - Chemistry facility charges,23994,/PRODUCTION/SERVICES AND PROCEDURES/FACILITY/INPATIENT HOSPITAL/PATHOLOGY AND LABORATORY/DIAGNOSTIC AND CLINICAL LABORATORY/0301 - CHEMISTRY FACILITY CHARGES
0302 - Immunology facility charges,23995,/PRODUCTION/SERVICES AND PROCEDURES/FACILITY/INPATIENT HOSPITAL/PATHOLOGY AND LABORATORY/DIAGNOSTIC AND CLINICAL LABORATORY/0302 - IMMUNOLOGY FACILITY CHARGES
0303 - Renal Patient (Home),23996,/PRODUCTION/SERVICES AND PROCEDURES/FACILITY/INPATIENT HOSPITAL/PATHOLOGY AND LABORATORY/DIAGNOSTIC AND CLINICAL LABORATORY/0303 - RENAL PATIENT (HOME)
0304 - Non-Routine Dialysis,23997,/PRODUCTION/SERVICES AND PROCEDURES/FACILITY/INPATIENT HOSPITAL/PATHOLOGY AND LABORATORY/DIAGNOSTIC AND CLINICAL LABORATORY/0304 - NON-ROUTINE DIALYSIS
0305 - Hematology facility charges,23998,/PRODUCTION/SERVICES AND PROCEDURES/FACILITY/INPATIENT HOSPITAL/PATHOLOGY AND LABORATORY/DIAGNOSTIC AND CLINICAL LABORATORY/0305 - HEMATOLOGY FACILITY CHARGES
0306 - Bacteriology and microbiology,23999,/PRODUCTION/SERVICES AND PROCEDURES/FACILITY/INPATIENT HOSPITAL/PATHOLOGY AND LABORATORY/DIAGNOSTIC AND CLINICAL LABORATORY/0306 - BACTERIOLOGY AND MICROBIOLOGY
0307 - Urology,24000,/PRODUCTION/SERVICES AND PROCEDURES/FACILITY/INPATIENT HOSPITAL/PATHOLOGY AND LABORATORY/DIAGNOSTIC AND CLINICAL LABORATORY/0307 - UROLOGY
0309 - Other Laboratory,24001,/PRODUCTION/SERVICES AND PROCEDURES/FACILITY/INPATIENT HOSPITAL/PATHOLOGY AND LABORATORY/DIAGNOSTIC AND CLINICAL LABORATORY/0309 - OTHER LABORATORY
0310 - General classification for pathology laboratory facility charges,24002,/PRODUCTION/SERVICES AND PROCEDURES/FACILITY/INPATIENT HOSPITAL/PATHOLOGY AND LABORATORY/PATHOLOGY/0310 - GENERAL CLASSIFICATION FOR PATHOLOGY LABORATORY FACILITY CHARGES
0311 - Cytology,60463,/PRODUCTION/SERVICES AND PROCEDURES/FACILITY/INPATIENT HOSPITAL/PATHOLOGY AND LABORATORY/PATHOLOGY/0311 - CYTOLOGY
0312 - Histology,24004,/PRODUCTION/SERVICES AND PROCEDURES/FACILITY/INPATIENT HOSPITAL/PATHOLOGY AND LABORATORY/PATHOLOGY/0312 - HISTOLOGY
0314 - Biopsy facility charges,24005,/PRODUCTION/SERVICES AND PROCEDURES/FACILITY/INPATIENT HOSPITAL/PATHOLOGY AND LABORATORY/PATHOLOGY/0314 - BIOPSY FACILITY CHARGES
0319 - Other Laboratory Pathological,24006,/PRODUCTION/SERVICES AND PROCEDURES/FACILITY/INPATIENT HOSPITAL/PATHOLOGY AND LABORATORY/PATHOLOGY/0319 - OTHER LABORATORY PATHOLOGICAL
0320 - General classification for facility charges for radiology,24072,/PRODUCTION/SERVICES AND PROCEDURES/FACILITY/INPATIENT HOSPITAL/RADIOLOGY/FACILITY CHARGES FOR X-RAYS/0320 - GENERAL CLASSIFICATION FOR FACILITY CHARGES FOR RADIOLOGY
0321 - Angiocardiography,24073,/PRODUCTION/SERVICES AND PROCEDURES/FACILITY/INPATIENT HOSPITAL/RADIOLOGY/FACILITY CHARGES FOR X-RAYS/0321 - ANGIOCARDIOGRAPHY
0322 - Arthrography,24074,/PRODUCTION/SERVICES AND PROCEDURES/FACILITY/INPATIENT HOSPITAL/RADIOLOGY/FACILITY CHARGES FOR X-RAYS/0322 - ARTHROGRAPHY
0323 - Arteriography,24075,/PRODUCTION/SERVICES AND PROCEDURES/FACILITY/INPATIENT HOSPITAL/RADIOLOGY/FACILITY CHARGES FOR X-RAYS/0323 - ARTERIOGRAPHY
0324 - Chest X-Ray,24076,/PRODUCTION/SERVICES AND PROCEDURES/FACILITY/INPATIENT HOSPITAL/RADIOLOGY/FACILITY CHARGES FOR X-RAYS/0324 - CHEST X-RAY
0329 - Other Radiology-Diagnostic,24077,/PRODUCTION/SERVICES AND PROCEDURES/FACILITY/INPATIENT HOSPITAL/RADIOLOGY/FACILITY CHARGES FOR X-RAYS/0329 - OTHER RADIOLOGY-DIAGNOSTIC
0330 - General classification for other therapeutic radiology,24027,/PRODUCTION/SERVICES AND PROCEDURES/FACILITY/INPATIENT HOSPITAL/RADIOLOGY/FACILITY CHARGES FOR THERAPEUTIC RADIOLOGY SERVICES/0330 - GENERAL CLASSIFICATION
0331 - Facility charges for injected chemotherapy using radioactive substances,24028,/PRODUCTION/SERVICES AND PROCEDURES/FACILITY/INPATIENT HOSPITAL/CHEMOTHERAPY/0331 - FACILITY CHARGES FOR INJECTED CHEMOTHERAPY USING RADIOACTIVE SUBSTANCES
0332 - Facility charges for oral chemotherapy using radioactive substances,24029,/PRODUCTION/SERVICES AND PROCEDURES/FACILITY/INPATIENT HOSPITAL/CHEMOTHERAPY/0332 - FACILITY CHARGES FOR ORAL CHEMOTHERAPY USING RADIOACTIVE SUBSTANCES
0333 - Radiation Therapy,24030,/PRODUCTION/SERVICES AND PROCEDURES/FACILITY/INPATIENT HOSPITAL/RADIOLOGY/FACILITY CHARGES FOR THERAPEUTIC RADIOLOGY SERVICES/0333 - RADIATION THERAPY
0335 - Facility charges for intravenous chemotherapy using radioactive substances,24031,/PRODUCTION/SERVICES AND PROCEDURES/FACILITY/INPATIENT HOSPITAL/CHEMOTHERAPY/0335 - FACILITY CHARGES FOR INTRAVENOUS CHEMOTHERAPY USING RADIOACTIVE SUBSTANCES
0339 - Other Radiology-Therapeutic,24032,/PRODUCTION/SERVICES AND PROCEDURES/FACILITY/INPATIENT HOSPITAL/RADIOLOGY/FACILITY CHARGES FOR THERAPEUTIC RADIOLOGY SERVICES/0339 - OTHER RADIOLOGY-THERAPEUTIC
0340 - General classification for nuclear medicine facility charges,24041,/PRODUCTION/SERVICES AND PROCEDURES/FACILITY/INPATIENT HOSPITAL/RADIOLOGY/NUCLEAR MEDICINE FACILITY CHARGES/0340 - GENERAL CLASSIFICATION
0341 - Diagnostic nuclear medicine facility charges,24042,/PRODUCTION/SERVICES AND PROCEDURES/FACILITY/INPATIENT HOSPITAL/RADIOLOGY/NUCLEAR MEDICINE FACILITY CHARGES/0341 - DIAGNOSTIC
0342 - Therapeutic nuclear medicine facility charges,24043,/PRODUCTION/SERVICES AND PROCEDURES/FACILITY/INPATIENT HOSPITAL/RADIOLOGY/NUCLEAR MEDICINE FACILITY CHARGES/0342 - THERAPEUTIC
0343 - Diagnostic Radiopharmaceuticals,68371,/PRODUCTION/SERVICES AND PROCEDURES/FACILITY/INPATIENT HOSPITAL/RADIOLOGY/NUCLEAR MEDICINE FACILITY CHARGES/0343 - DIAGNOSTIC RADIOPHARMACEUTICALS
0344 - Therapeutic Radiopharmaceuticals,68372,/PRODUCTION/SERVICES AND PROCEDURES/FACILITY/INPATIENT HOSPITAL/RADIOLOGY/NUCLEAR MEDICINE FACILITY CHARGES/0344 - THERAPEUTIC RADIOPHARMACEUTICALS
0349 - Other Nuclear Medicine,24044,/PRODUCTION/SERVICES AND PROCEDURES/FACILITY/INPATIENT HOSPITAL/RADIOLOGY/NUCLEAR MEDICINE FACILITY CHARGES/0349 - OTHER NUCLEAR MEDICINE
0350 - General classification,24050,/PRODUCTION/SERVICES AND PROCEDURES/FACILITY/INPATIENT HOSPITAL/RADIOLOGY/FACILITY CHARGES FOR CT SCANS/0350 - GENERAL CLASSIFICATION
0351 - Head CT scan,24051,/PRODUCTION/SERVICES AND PROCEDURES/FACILITY/INPATIENT HOSPITAL/RADIOLOGY/FACILITY CHARGES FOR CT SCANS/0351 - HEAD CT SCAN
0352 - Body CT scan,24052,/PRODUCTION/SERVICES AND PROCEDURES/FACILITY/INPATIENT HOSPITAL/RADIOLOGY/FACILITY CHARGES FOR CT SCANS/0352 - BODY CT SCAN
0359 - Other CT scan,24053,/PRODUCTION/SERVICES AND PROCEDURES/FACILITY/INPATIENT HOSPITAL/RADIOLOGY/FACILITY CHARGES FOR CT SCANS/0359 - OTHER CT SCAN
0360 - General classification for operating room charges,24054,/PRODUCTION/SERVICES AND PROCEDURES/FACILITY/INPATIENT HOSPITAL/OPERATING ROOM CHARGES/0360 - GENERAL CLASSIFICATION FOR OPERATING ROOM CHARGES
0361 - Operating room charges for minor surgery,24055,/PRODUCTION/SERVICES AND PROCEDURES/FACILITY/INPATIENT HOSPITAL/OPERATING ROOM CHARGES/0361 - OPERATING ROOM CHARGES FOR MINOR SURGERY
0362 - Operating room charges for organ transplant - other than kidney,24056,/PRODUCTION/SERVICES AND PROCEDURES/FACILITY/INPATIENT HOSPITAL/SURGICAL CHARGES/TRANSPLANTATION CHARGES/0362 - OPERATING ROOM CHARGES FOR ORGAN TRANSPLANT - OTHER THAN KIDNEY
0367 - Operating room charges for kidney transplant,24057,/PRODUCTION/SERVICES AND PROCEDURES/FACILITY/INPATIENT HOSPITAL/SURGICAL CHARGES/TRANSPLANTATION CHARGES/0367 - OPERATING ROOM CHARGES FOR KIDNEY TRANSPLANT
0369 - Other Operating Room Services,24058,/PRODUCTION/SERVICES AND PROCEDURES/FACILITY/INPATIENT HOSPITAL/OPERATING ROOM CHARGES/0369 - OTHER OPERATING ROOM SERVICES
0370 - General classification for anesthesia facility charges,23920,/PRODUCTION/SERVICES AND PROCEDURES/FACILITY/INPATIENT HOSPITAL/ANESTHESIA/0370 - GENERAL CLASSIFICATION FOR ANESTHESIA FACILITY CHARGES
0371 - Anesthesia Incident to Radiology,23921,/PRODUCTION/SERVICES AND PROCEDURES/FACILITY/INPATIENT HOSPITAL/ANESTHESIA/0371 - ANESTHESIA INCIDENT TO RADIOLOGY
0372 - Anesthesia Incident to Other Diagnostic Services,23922,/PRODUCTION/SERVICES AND PROCEDURES/FACILITY/INPATIENT HOSPITAL/ANESTHESIA/0372 - ANESTHESIA INCIDENT TO OTHER DIAGNOSTIC SERVICES
0374 - Anesthesia - Acupuncture,23923,/PRODUCTION/SERVICES AND PROCEDURES/FACILITY/INPATIENT HOSPITAL/ANESTHESIA/0374 - ANESTHESIA - ACUPUNCTURE
0379 - Other Anesthesia,23924,/PRODUCTION/SERVICES AND PROCEDURES/FACILITY/INPATIENT HOSPITAL/ANESTHESIA/0379 - OTHER ANESTHESIA
0380 - General classification for blood products,24017,"/PRODUCTION/SERVICES AND PROCEDURES/FACILITY/INPATIENT HOSPITAL/BLOOD PRODUCTS, STORAGE AND PROCESSING/BLOOD PRODUCTS/0380 - GENERAL CLASSIFICATION FOR BLOOD PRODUCTS"
0381 - Packed Red Cells,24018,"/PRODUCTION/SERVICES AND PROCEDURES/FACILITY/INPATIENT HOSPITAL/BLOOD PRODUCTS, STORAGE AND PROCESSING/BLOOD PRODUCTS/PACKED RED BLOOD CELLS/0381 - PACKED RED CELLS"
0382 - Whole Blood,24019,"/PRODUCTION/SERVICES AND PROCEDURES/FACILITY/INPATIENT HOSPITAL/BLOOD PRODUCTS, STORAGE AND PROCESSING/BLOOD PRODUCTS/WHOLE BLOOD/0382 - WHOLE BLOOD"
0383 - Plasma,24020,"/PRODUCTION/SERVICES AND PROCEDURES/FACILITY/INPATIENT HOSPITAL/BLOOD PRODUCTS, STORAGE AND PROCESSING/BLOOD PRODUCTS/0383 - PLASMA"
0384 - Platelets,24021,"/PRODUCTION/SERVICES AND PROCEDURES/FACILITY/INPATIENT HOSPITAL/BLOOD PRODUCTS, STORAGE AND PROCESSING/BLOOD PRODUCTS/0384 - PLATELETS"
0385 - Leucocytes,24022,"/PRODUCTION/SERVICES AND PROCEDURES/FACILITY/INPATIENT HOSPITAL/BLOOD PRODUCTS, STORAGE AND PROCESSING/BLOOD PRODUCTS/0385 - LEUCOCYTES"
0386 - Other blood components,24023,"/PRODUCTION/SERVICES AND PROCEDURES/FACILITY/INPATIENT HOSPITAL/BLOOD PRODUCTS, STORAGE AND PROCESSING/BLOOD PRODUCTS/0386 - OTHER BLOOD COMPONENTS"
0387 - Other Derivatives (Cryopricipitates),24024,"/PRODUCTION/SERVICES AND PROCEDURES/FACILITY/INPATIENT HOSPITAL/BLOOD PRODUCTS, STORAGE AND PROCESSING/BLOOD PRODUCTS/0387 - OTHER DERIVATIVES (CRYOPRICIPITATES)"
0389 - Other Blood,24025,"/PRODUCTION/SERVICES AND PROCEDURES/FACILITY/INPATIENT HOSPITAL/BLOOD PRODUCTS, STORAGE AND PROCESSING/BLOOD PRODUCTS/0389 - OTHER BLOOD"
0390 - General classification for blood storage and processing,23874,/PRODUCTION/SERVICES AND PROCEDURES/FACILITY/AMBULATORY SURGICAL SERVICES/BLOOD PROCESSING AND STORAGE/0390 - GENERAL CLASSIFICATION FOR BLOOD STORAGE AND PROCESSING
"0392 -  Administration , Processing and Storage for Blood and Blood Components - Processing and Storage",2016175,"/PRODUCTION/SERVICES AND PROCEDURES/FACILITY/AMBULATORY SURGICAL SERVICES/BLOOD PROCESSING AND STORAGE/0392 -  ADMINISTRATION , PROCESSING AND STORAGE FOR BLOOD AND BLOOD COMPONENTS - PROCESSING AND STORAGE"
0399 - Other Blood Storage and Processing,23876,/PRODUCTION/SERVICES AND PROCEDURES/FACILITY/AMBULATORY SURGICAL SERVICES/BLOOD PROCESSING AND STORAGE/0399 - OTHER BLOOD STORAGE AND PROCESSING
0400 - General classification for other imaging services,23877,/PRODUCTION/SERVICES AND PROCEDURES/FACILITY/INPATIENT HOSPITAL/RADIOLOGY/FACILITY CHARGES FOR OTHER DIAGNOSTIC RADIOLOGY IMAGING SERVICES/0400 - GENERAL CLASSIFICATION FOR OTHER IMAGING SERVICES
0401 - Diagnostic Mammography,23878,/PRODUCTION/SERVICES AND PROCEDURES/FACILITY/INPATIENT HOSPITAL/RADIOLOGY/FACILITY CHARGES FOR OTHER DIAGNOSTIC RADIOLOGY IMAGING SERVICES/0401 - DIAGNOSTIC MAMMOGRAPHY
0402 - Facility charges for ultrasound,23879,/PRODUCTION/SERVICES AND PROCEDURES/FACILITY/INPATIENT HOSPITAL/RADIOLOGY/FACILITY CHARGES FOR OTHER DIAGNOSTIC RADIOLOGY IMAGING SERVICES/0402 - ULTRASOUND
0403 - Screening mammography facility charges,23880,/PRODUCTION/SERVICES AND PROCEDURES/FACILITY/INPATIENT HOSPITAL/RADIOLOGY/FACILITY CHARGES FOR OTHER DIAGNOSTIC RADIOLOGY IMAGING SERVICES/0403 - SCREENING MAMMOGRAPHY FACILITY CHARGES
0404 - Positron Emission Tomography,23881,/PRODUCTION/SERVICES AND PROCEDURES/FACILITY/INPATIENT HOSPITAL/RADIOLOGY/FACILITY CHARGES FOR OTHER DIAGNOSTIC RADIOLOGY IMAGING SERVICES/0404 - POSITRON EMISSION TOMOGRAPHY
0409 - Other Imaging Service,23882,/PRODUCTION/SERVICES AND PROCEDURES/FACILITY/INPATIENT HOSPITAL/RADIOLOGY/FACILITY CHARGES FOR OTHER DIAGNOSTIC RADIOLOGY IMAGING SERVICES/0409 - OTHER IMAGING SERVICE
0410 - General classification for respiratory services,23949,/PRODUCTION/SERVICES AND PROCEDURES/FACILITY/INPATIENT HOSPITAL/RESPIRATORY SERVICES/0410 - GENERAL CLASSIFICATION FOR RESPIRATORY SERVICES
0412 - Inhalation Services,23950,/PRODUCTION/SERVICES AND PROCEDURES/FACILITY/INPATIENT HOSPITAL/RESPIRATORY SERVICES/0412 - INHALATION SERVICES
0413 - Hyperbaric Oxygen Therapy,23951,/PRODUCTION/SERVICES AND PROCEDURES/FACILITY/INPATIENT HOSPITAL/RESPIRATORY SERVICES/0413 - HYPERBARIC OXYGEN THERAPY
0419 - Other Respiratory Services,23952,/PRODUCTION/SERVICES AND PROCEDURES/FACILITY/INPATIENT HOSPITAL/RESPIRATORY SERVICES/0419 - OTHER RESPIRATORY SERVICES
0420 - General classification for physical therapy,23942,"/PRODUCTION/SERVICES AND PROCEDURES/FACILITY/INPATIENT HOSPITAL/PT,OT,SLP/PHYSICAL THERAPY/0420 - GENERAL CLASSIFICATION FOR PHYSICAL THERAPY"
0421 - Physical therapy visit charge,23943,"/PRODUCTION/SERVICES AND PROCEDURES/FACILITY/INPATIENT HOSPITAL/PT,OT,SLP/PHYSICAL THERAPY/0421 - PHYSICAL THERAPY VISIT CHARGE"
0422 - Physical therapy visit hourly charge,23944,"/PRODUCTION/SERVICES AND PROCEDURES/FACILITY/INPATIENT HOSPITAL/PT,OT,SLP/PHYSICAL THERAPY/0422 - PHYSICAL THERAPY VISIT HOURLY CHARGE"
0423 - Physcial therapy group visit rate,23945,"/PRODUCTION/SERVICES AND PROCEDURES/FACILITY/INPATIENT HOSPITAL/PT,OT,SLP/PHYSICAL THERAPY/0423 - PHYSCIAL THERAPY GROUP VISIT RATE"
0424 - Physical therapy evaluation or re-evaluation,23946,"/PRODUCTION/SERVICES AND PROCEDURES/FACILITY/INPATIENT HOSPITAL/PT,OT,SLP/PHYSICAL THERAPY/0424 - PHYSICAL THERAPY EVALUATION OR RE-EVALUATION"
0429 - Other physical therapy,23947,"/PRODUCTION/SERVICES AND PROCEDURES/FACILITY/INPATIENT HOSPITAL/PT,OT,SLP/PHYSICAL THERAPY/0429 - OTHER PHYSICAL THERAPY"
0430 - General classification for occupational therapy,23936,"/PRODUCTION/SERVICES AND PROCEDURES/FACILITY/INPATIENT HOSPITAL/PT,OT,SLP/OCCUPATIONAL THERAPY/0430 - GENERAL CLASSIFICATION FOR OCCUPATIONAL THERAPY"
0431 - Occupational therapy visit charge,23937,"/PRODUCTION/SERVICES AND PROCEDURES/FACILITY/INPATIENT HOSPITAL/PT,OT,SLP/OCCUPATIONAL THERAPY/0431 - OCCUPATIONAL THERAPY VISIT CHARGE"
0432 - Occupational therapy visit hourly charge,23938,"/PRODUCTION/SERVICES AND PROCEDURES/FACILITY/INPATIENT HOSPITAL/PT,OT,SLP/OCCUPATIONAL THERAPY/0432 - OCCUPATIONAL THERAPY VISIT HOURLY CHARGE"
0433 - Occupational therapy group visit rate,23939,"/PRODUCTION/SERVICES AND PROCEDURES/FACILITY/INPATIENT HOSPITAL/PT,OT,SLP/OCCUPATIONAL THERAPY/0433 - OCCUPATIONAL THERAPY GROUP VISIT RATE"
0434 - Occupational therapy evaluation or re-evaluation,23940,"/PRODUCTION/SERVICES AND PROCEDURES/FACILITY/INPATIENT HOSPITAL/PT,OT,SLP/OCCUPATIONAL THERAPY/0434 - OCCUPATIONAL THERAPY EVALUATION OR RE-EVALUATION"
0439 - Other Occupational Therapy,23941,"/PRODUCTION/SERVICES AND PROCEDURES/FACILITY/INPATIENT HOSPITAL/PT,OT,SLP/OCCUPATIONAL THERAPY/0439 - OTHER OCCUPATIONAL THERAPY"
0440 - General classification for speech-language pathology,23930,"/PRODUCTION/SERVICES AND PROCEDURES/FACILITY/INPATIENT HOSPITAL/PT,OT,SLP/SPEECH THERAPY/0440 - GENERAL CLASSIFICATION FOR SPEECH-LANGUAGE PATHOLOGY"
0441 - Speech-language pathology visit charge,23931,"/PRODUCTION/SERVICES AND PROCEDURES/FACILITY/INPATIENT HOSPITAL/PT,OT,SLP/SPEECH THERAPY/0441 - SPEECH-LANGUAGE PATHOLOGY VISIT CHARGE"
0442 - Speech-language pathology visit hourly charge,23932,"/PRODUCTION/SERVICES AND PROCEDURES/FACILITY/INPATIENT HOSPITAL/PT,OT,SLP/SPEECH THERAPY/0442 - SPEECH-LANGUAGE PATHOLOGY VISIT HOURLY CHARGE"
0443 - Speech-language pathology group visit,23933,"/PRODUCTION/SERVICES AND PROCEDURES/FACILITY/INPATIENT HOSPITAL/PT,OT,SLP/SPEECH THERAPY/0443 - SPEECH-LANGUAGE PATHOLOGY GROUP VISIT"
0444 - Speech-language evaluation or re-evaluation,23934,"/PRODUCTION/SERVICES AND PROCEDURES/FACILITY/INPATIENT HOSPITAL/PT,OT,SLP/SPEECH THERAPY/0444 - SPEECH-LANGUAGE EVALUATION OR RE-EVALUATION"
0449 - Other Speech-Language Pathology,23935,"/PRODUCTION/SERVICES AND PROCEDURES/FACILITY/INPATIENT HOSPITAL/PT,OT,SLP/SPEECH THERAPY/0449 - OTHER SPEECH-LANGUAGE PATHOLOGY"
0450 - General classification for emergency room facility charges,23925,/PRODUCTION/SERVICES AND PROCEDURES/FACILITY/EMERGENCY ROOM CHARGES/0450 - GENERAL CLASSIFICATION
0451 - EMTALA Emergency Medical Screening Services,23926,/PRODUCTION/SERVICES AND PROCEDURES/FACILITY/EMERGENCY ROOM CHARGES/0451 - EMTALA EMERGENCY MEDICAL SCREENING SERVICES
0452 - ER Beyond EMTALA Screening,23927,/PRODUCTION/SERVICES AND PROCEDURES/FACILITY/EMERGENCY ROOM CHARGES/0452 - ER BEYOND EMTALA SCREENING
0456 - Urgent Care,23928,/PRODUCTION/SERVICES AND PROCEDURES/FACILITY/URGENT CARE/0456 - URGENT CARE
0459 - Other Emergency Room,23929,/PRODUCTION/SERVICES AND PROCEDURES/FACILITY/EMERGENCY ROOM CHARGES/0459 - OTHER EMERGENCY ROOM
0460 - General Classification,20516,/PRODUCTION/SERVICES AND PROCEDURES/FACILITY/INPATIENT HOSPITAL/PULMONARY FUNCTION TESTING/0460 - GENERAL CLASSIFICATION
0469 - Other Pulmonary Function,20517,/PRODUCTION/SERVICES AND PROCEDURES/FACILITY/INPATIENT HOSPITAL/PULMONARY FUNCTION TESTING/0469 - OTHER PULMONARY FUNCTION
0470 - General classification for audiology,23870,/PRODUCTION/SERVICES AND PROCEDURES/FACILITY/INPATIENT HOSPITAL/AUDIOLOGY/0470 - GENERAL CLASSIFICATION
0471 - Diagnostic audiology,23871,/PRODUCTION/SERVICES AND PROCEDURES/FACILITY/INPATIENT HOSPITAL/AUDIOLOGY/0471 - DIAGNOSTIC
0472 - Audiology treatment,23872,/PRODUCTION/SERVICES AND PROCEDURES/FACILITY/INPATIENT HOSPITAL/AUDIOLOGY/0472 - TREATMENT
0479 - Other Audiology,23873,/PRODUCTION/SERVICES AND PROCEDURES/FACILITY/INPATIENT HOSPITAL/AUDIOLOGY/0479  -  OTHER AUDIOLOGY
0480 - General classification,23914,/PRODUCTION/SERVICES AND PROCEDURES/FACILITY/INPATIENT HOSPITAL/CARDIOLOGY/CARDIOLOGY/0480 - GENERAL CLASSIFICATION
0481 - Cardiac cath lab,23915,/PRODUCTION/SERVICES AND PROCEDURES/FACILITY/INPATIENT HOSPITAL/CARDIOLOGY/CARDIOLOGY/0481 - CARDIAC CATH LAB
0482 - Stress Test,23916,/PRODUCTION/SERVICES AND PROCEDURES/FACILITY/INPATIENT HOSPITAL/CARDIOLOGY/CARDIOLOGY/0482 - STRESS TEST
0483 -  Facility charges for Echocardiology,60559,/PRODUCTION/SERVICES AND PROCEDURES/FACILITY/INPATIENT HOSPITAL/CARDIOLOGY/CARDIOLOGY/0483 -  FACILITY CHARGES FOR ECHOCARDIOLOGY
0489 - Other Cardiology,23918,/PRODUCTION/SERVICES AND PROCEDURES/FACILITY/INPATIENT HOSPITAL/CARDIOLOGY/CARDIOLOGY/0489 - OTHER CARDIOLOGY
0490 - Ambulatory Surgery Facility Charges General Classification,12824,/PRODUCTION/SERVICES AND PROCEDURES/FACILITY/AMBULATORY SURGICAL SERVICES/AMBULATORY SURGERY/0490 - AMBULATORY SURGERY FACILITY CHARGES GENERAL CLASSIFICATION
0499 - Other Ambulatory Surgical Care,12825,/PRODUCTION/SERVICES AND PROCEDURES/FACILITY/AMBULATORY SURGICAL SERVICES/AMBULATORY SURGERY/0499 - OTHER AMBULATORY SURGICAL CARE
0500 - General classification for outpatient services,23900,/PRODUCTION/SERVICES AND PROCEDURES/FACILITY/INPATIENT HOSPITAL/OUTPATIENT SERVICES/0500 - GENERAL CLASSIFICATION FOR OUTPATIENT SERVICES FOR OUTPATIENT SERVICES
0509 - Other Outpatient Service,23901,/PRODUCTION/SERVICES AND PROCEDURES/FACILITY/INPATIENT HOSPITAL/OUTPATIENT SERVICES/0509 - OTHER OUTPATIENT SERVICE
0510 - General classification for clinic facility charges,23890,/PRODUCTION/SERVICES AND PROCEDURES/FACILITY/OUTPATIENT HOSPITAL/OUTPATIENT CLINIC/HOSPITAL CLINIC /0510 - GENERAL CLASSIFICATION
0511 - Chronic Pain Center,23891,/PRODUCTION/SERVICES AND PROCEDURES/FACILITY/OUTPATIENT HOSPITAL/OUTPATIENT CLINIC/HOSPITAL CLINIC /0511 - CHRONIC PAIN CENTER
0512 - Dental Clinic,23892,/PRODUCTION/SERVICES AND PROCEDURES/FACILITY/OUTPATIENT HOSPITAL/OUTPATIENT CLINIC/HOSPITAL CLINIC /0512 - DENTAL CLINIC
0513 - Psychiatric Clinic,23893,/PRODUCTION/SERVICES AND PROCEDURES/FACILITY/OUTPATIENT HOSPITAL/OUTPATIENT CLINIC/HOSPITAL CLINIC /0513 - PSYCHIATRIC CLINIC
0514 - OB-GYN Clinic,23894,/PRODUCTION/SERVICES AND PROCEDURES/FACILITY/OUTPATIENT HOSPITAL/OUTPATIENT CLINIC/HOSPITAL CLINIC /0514 - OB-GYN CLINIC
0515 - Pediatric Clinic,23895,/PRODUCTION/SERVICES AND PROCEDURES/FACILITY/OUTPATIENT HOSPITAL/OUTPATIENT CLINIC/HOSPITAL CLINIC /0515 - PEDIATRIC CLINIC
0516 - Urgent Care Clinic,23896,/PRODUCTION/SERVICES AND PROCEDURES/FACILITY/OUTPATIENT HOSPITAL/OUTPATIENT CLINIC/HOSPITAL CLINIC /0516 - URGENT CARE CLINIC
0517 - Family Practice Clinic,23897,/PRODUCTION/SERVICES AND PROCEDURES/FACILITY/OUTPATIENT HOSPITAL/OUTPATIENT CLINIC/HOSPITAL CLINIC /0517 - FAMILY PRACTICE CLINIC
0519 - Other Clinic,23898,/PRODUCTION/SERVICES AND PROCEDURES/FACILITY/OUTPATIENT HOSPITAL/OUTPATIENT CLINIC/HOSPITAL CLINIC /0519 - OTHER CLINIC
0520 - General classification for free-standing clinic facility charges,23884,/PRODUCTION/SERVICES AND PROCEDURES/FACILITY/OUTPATIENT HOSPITAL/OUTPATIENT CLINIC/FREESTANDING CLINIC CHARGES/0520 - GENERAL CLASSIFICATION
0521 - Rural Health-Clinic,23885,/PRODUCTION/SERVICES AND PROCEDURES/FACILITY/OUTPATIENT HOSPITAL/OUTPATIENT CLINIC/FREESTANDING CLINIC CHARGES/0521 - RURAL HEALTH-CLINIC
0522 - Rural Health-Home,23886,/PRODUCTION/SERVICES AND PROCEDURES/FACILITY/OUTPATIENT HOSPITAL/OUTPATIENT CLINIC/FREESTANDING CLINIC CHARGES/0522 - RURAL HEALTH-HOME
0523 - Family Practice Clinic,23887,/PRODUCTION/SERVICES AND PROCEDURES/FACILITY/OUTPATIENT HOSPITAL/OUTPATIENT CLINIC/FREESTANDING CLINIC CHARGES/0523 - FAMILY PRACTICE CLINIC
0524 - RHC/FQHC visit (covered Part A stay) at SNF,86221,/PRODUCTION/SERVICES AND PROCEDURES/FACILITY/OUTPATIENT HOSPITAL/OUTPATIENT CLINIC/FREESTANDING CLINIC CHARGES/0524 - RHC/FQHC VISIT (COVERED PART A STAY) AT SNF
0525 - RHC/FQHC visit in SNF (noncovered Part A stay) or NF or ICF MR or resid fac,86222,/PRODUCTION/SERVICES AND PROCEDURES/FACILITY/OUTPATIENT HOSPITAL/OUTPATIENT CLINIC/FREESTANDING CLINIC CHARGES/0525 - RHC/FQHC VISIT IN SNF (NONCOVERED PART A STAY) OR NF OR ICF MR OR RESID FAC
0526 - Urgent Care Clinic,23888,/PRODUCTION/SERVICES AND PROCEDURES/FACILITY/OUTPATIENT HOSPITAL/OUTPATIENT CLINIC/FREESTANDING CLINIC CHARGES/0526 - URGENT CARE CLINIC
0527 - RHC/FQHC visit nurse service(s) to home (home health shortage area),86223,/PRODUCTION/SERVICES AND PROCEDURES/FACILITY/OUTPATIENT HOSPITAL/OUTPATIENT CLINIC/FREESTANDING CLINIC CHARGES/0527 - RHC/FQHC VISIT NURSE SERVICE(S) TO HOME (HOME HEALTH SHORTAGE AREA)
"0528 - RHC/FQHC visit, other non-RHC/FQHC site",86224,"/PRODUCTION/SERVICES AND PROCEDURES/FACILITY/OUTPATIENT HOSPITAL/OUTPATIENT CLINIC/FREESTANDING CLINIC CHARGES/0528 - RHC/FQHC VISIT, OTHER NON-RHC/FQHC SITE"
0529 - Other Freestanding Clinic,23889,/PRODUCTION/SERVICES AND PROCEDURES/FACILITY/OUTPATIENT HOSPITAL/OUTPATIENT CLINIC/FREESTANDING CLINIC CHARGES/0529 - OTHER FREESTANDING CLINIC
0530 - Osteopathic services,24033,/PRODUCTION/SERVICES AND PROCEDURES/FACILITY/INPATIENT HOSPITAL/OSTEOPATHIC SERVICES/0530 - OSTEOPATHIC SERVICES
0531 - Osteopathic Therapy,24034,/PRODUCTION/SERVICES AND PROCEDURES/FACILITY/INPATIENT HOSPITAL/OSTEOPATHIC SERVICES/0531 - OSTEOPATHIC THERAPY
0539 - Other Osteopathic Services,24035,/PRODUCTION/SERVICES AND PROCEDURES/FACILITY/INPATIENT HOSPITAL/OSTEOPATHIC SERVICES/0539 - OTHER OSTEOPATHIC SERVICES
0540 - General classification for ambulance,24059,/PRODUCTION/SERVICES AND PROCEDURES/FACILITY/AMBULANCE AND OTHER TRANSPORTATION/0540 - GENERAL CLASSIFICATION FOR AMBULANCE
0541 - Ambulance supplies,24060,/PRODUCTION/SERVICES AND PROCEDURES/FACILITY/AMBULANCE AND OTHER TRANSPORTATION/0541 - AMBULANCE SUPPLIES
0542 - Medical Transport,24061,/PRODUCTION/SERVICES AND PROCEDURES/FACILITY/AMBULANCE AND OTHER TRANSPORTATION/0542 - MEDICAL TRANSPORT
0543 - Heart Mobile,24062,/PRODUCTION/SERVICES AND PROCEDURES/FACILITY/AMBULANCE AND OTHER TRANSPORTATION/0543 - HEART MOBILE
0544 - Ambulance oxygen,24063,/PRODUCTION/SERVICES AND PROCEDURES/FACILITY/AMBULANCE AND OTHER TRANSPORTATION/0544 - AMBULANCE OXYGEN
0546 - Neonatal Ambulance Services,24065,/PRODUCTION/SERVICES AND PROCEDURES/FACILITY/AMBULANCE AND OTHER TRANSPORTATION/0546 - NEONATAL AMBULANCE SERVICES
0547 - Ambulance pharmacy,24066,/PRODUCTION/SERVICES AND PROCEDURES/FACILITY/AMBULANCE AND OTHER TRANSPORTATION/0547 - AMBULANCE PHARMACY
0548 - Telephone Transmission EKG,24067,/PRODUCTION/SERVICES AND PROCEDURES/FACILITY/AMBULANCE AND OTHER TRANSPORTATION/0548 - TELEPHONE TRANSMISSION EKG
0549 - Other Ambulance,24068,/PRODUCTION/SERVICES AND PROCEDURES/FACILITY/AMBULANCE AND OTHER TRANSPORTATION/0549 - OTHER AMBULANCE
0550 - General classification for skilled nursing,24046,/PRODUCTION/SERVICES AND PROCEDURES/FACILITY/HOME HEALTH CARE/SKILLED NURSING (HOME HEALTH)/0550 - GENERAL CLASSIFICATION
0551 - Skilled nursing visit charge,24047,/PRODUCTION/SERVICES AND PROCEDURES/FACILITY/HOME HEALTH CARE/SKILLED NURSING (HOME HEALTH)/0551 - VISIT CHARGE
0552 - Skilled nursing hourly charge,24048,/PRODUCTION/SERVICES AND PROCEDURES/FACILITY/HOME HEALTH CARE/SKILLED NURSING (HOME HEALTH)/0552 - HOURLY CHARGE
0559 - Other Skilled Nursing,24049,/PRODUCTION/SERVICES AND PROCEDURES/FACILITY/HOME HEALTH CARE/SKILLED NURSING (HOME HEALTH)/0559 - OTHER SKILLED NURSING
0560 - General classification for social services,24036,/PRODUCTION/SERVICES AND PROCEDURES/FACILITY/HOME HEALTH CARE/SOCIAL SERVICES/0560 - GENERAL CLASSIFICATION
0561 - Social services visit charge,24037,/PRODUCTION/SERVICES AND PROCEDURES/FACILITY/HOME HEALTH CARE/SOCIAL SERVICES/0561 - VISIT CHARGE
0562 - Social services visit hourly charge,24038,/PRODUCTION/SERVICES AND PROCEDURES/FACILITY/HOME HEALTH CARE/SOCIAL SERVICES/0562 - VISIT HOURLY CHARGE
0569 - Other medical social services,24039,/PRODUCTION/SERVICES AND PROCEDURES/FACILITY/HOME HEALTH CARE/SOCIAL SERVICES/0569 - OTHER MEDICAL SOCIAL SERVICES
0570 - General classification for home health aide,23954,/PRODUCTION/SERVICES AND PROCEDURES/FACILITY/HOME HEALTH CARE/HOME HEALTH AIDE (HOME HEALTH)/0570 - GENERAL CLASSIFICATION FOR HOME HEALTH AIDE
0571 - Home health aide visit charge,23955,/PRODUCTION/SERVICES AND PROCEDURES/FACILITY/HOME HEALTH CARE/HOME HEALTH AIDE (HOME HEALTH)/0571 - HOME HEALTH AIDE VISIT CHARGE
0572 - Home health aide visit hourly charge,23956,/PRODUCTION/SERVICES AND PROCEDURES/FACILITY/HOME HEALTH CARE/HOME HEALTH AIDE (HOME HEALTH)/0572 - HOME HEALTH AIDE VISIT HOURLY CHARGE
0579 - Other Home Health Aide,23957,/PRODUCTION/SERVICES AND PROCEDURES/FACILITY/HOME HEALTH CARE/HOME HEALTH AIDE (HOME HEALTH)/0579 - OTHER HOME HEALTH AIDE
0580 - General classification for other home health visits,23958,/PRODUCTION/SERVICES AND PROCEDURES/FACILITY/HOME HEALTH CARE/OTHER HOME HEALTH  VISITS/0580 - GENERAL CLASSIFICATION FOR OTHER HOME HEALTH VISITS
0581 - Visit charge for other home health visits,23959,/PRODUCTION/SERVICES AND PROCEDURES/FACILITY/HOME HEALTH CARE/OTHER HOME HEALTH  VISITS/0581 - VISIT CHARGE FOR OTHER HOME HEALTH VISITS
0582 - Hourly charge for other home health visits,23960,/PRODUCTION/SERVICES AND PROCEDURES/FACILITY/HOME HEALTH CARE/OTHER HOME HEALTH  VISITS/0582 - HOURLY CHARGE FOR OTHER HOME HEALTH VISITS
0589 - Other Home Health Visit,23961,/PRODUCTION/SERVICES AND PROCEDURES/FACILITY/HOME HEALTH CARE/OTHER HOME HEALTH  VISITS/0589 - OTHER HOME HEALTH VISIT
0590 - General classification for home health care units of service,23962,/PRODUCTION/SERVICES AND PROCEDURES/FACILITY/HOME HEALTH CARE/UNITS OF SERVICE/0590 - GENERAL CLASSIFICATION FOR HOME HEALTH CARE UNITS OF SERVICE
0599 - Reserved,23963,/PRODUCTION/SERVICES AND PROCEDURES/FACILITY/HOME HEALTH CARE/UNITS OF SERVICE/0599 - RESERVED
0600 - General classification for oxygen for home health care,23964,/PRODUCTION/SERVICES AND PROCEDURES/FACILITY/HOME HEALTH CARE/OXYGEN (HOME HEALTH)/0600 - GENERAL CLASSIFICATION FOR OXYGEN FOR HOME HEALTH CARE
0601 - Oxygen-State/Equip/Suppl/or Cont,23965,/PRODUCTION/SERVICES AND PROCEDURES/FACILITY/HOME HEALTH CARE/OXYGEN (HOME HEALTH)/0601 - OXYGEN-STATE/EQUIP/SUPPL/OR CONT
0602 - Oxygen-State/Equip/Suppl/ Under 1 LPM,23966,/PRODUCTION/SERVICES AND PROCEDURES/FACILITY/HOME HEALTH CARE/OXYGEN (HOME HEALTH)/0602 - OXYGEN-STATE/EQUIP/SUPPL/ UNDER 1 LPM
0603 - Oxygen-State/Equip/Over 4 LPM,23967,/PRODUCTION/SERVICES AND PROCEDURES/FACILITY/HOME HEALTH CARE/OXYGEN (HOME HEALTH)/0603 - OXYGEN-STATE/EQUIP/OVER 4 LPM
0604 - Oxygen-Portable Add-on,23968,/PRODUCTION/SERVICES AND PROCEDURES/FACILITY/HOME HEALTH CARE/OXYGEN (HOME HEALTH)/0604 - OXYGEN-PORTABLE ADD-ON
0609 - Other Oxygen,23969,/PRODUCTION/SERVICES AND PROCEDURES/FACILITY/HOME HEALTH CARE/OXYGEN (HOME HEALTH)/0609 - OTHER OXYGEN
0610 - General classification for MRT,24007,/PRODUCTION/SERVICES AND PROCEDURES/FACILITY/INPATIENT HOSPITAL/RADIOLOGY/MRI/MRA FACILITY CHARGES/0610 - GENERAL CLASSIFICATION FOR MRT
0611 - MRI-Brain (Including Brainstem),24008,/PRODUCTION/SERVICES AND PROCEDURES/FACILITY/INPATIENT HOSPITAL/RADIOLOGY/MRI/MRA FACILITY CHARGES/MRI/MRA HEAD AND NECK /0611 - MRI-BRAIN (INCLUDING BRAINSTEM)
0612 - MRI-Spinal Cord (Including Spine),24009,/PRODUCTION/SERVICES AND PROCEDURES/FACILITY/INPATIENT HOSPITAL/RADIOLOGY/MRI/MRA FACILITY CHARGES/MRI/MRA HEAD AND NECK /0612 - MRI-SPINAL CORD (INCLUDING SPINE)
0614 - MRI-Other,24011,/PRODUCTION/SERVICES AND PROCEDURES/FACILITY/INPATIENT HOSPITAL/RADIOLOGY/MRI/MRA FACILITY CHARGES/0614 - MRI-OTHER
0615 - MRA-Head and Neck,24012,/PRODUCTION/SERVICES AND PROCEDURES/FACILITY/INPATIENT HOSPITAL/RADIOLOGY/MRI/MRA FACILITY CHARGES/MRI/MRA HEAD AND NECK /0615 - MRA-HEAD AND NECK
0616 - MRA-Lower Extremities,24013,/PRODUCTION/SERVICES AND PROCEDURES/FACILITY/INPATIENT HOSPITAL/RADIOLOGY/MRI/MRA FACILITY CHARGES/0616 - MRA-LOWER EXTREMITIES
0618 - Other magnetic resonance angiography,24015,/PRODUCTION/SERVICES AND PROCEDURES/FACILITY/INPATIENT HOSPITAL/RADIOLOGY/MRI/MRA FACILITY CHARGES/0618 - OTHER MAGNETIC RESONANCE ANGIOGRAPHY
0619 - Other MRT,24016,/PRODUCTION/SERVICES AND PROCEDURES/FACILITY/INPATIENT HOSPITAL/RADIOLOGY/MRI/MRA FACILITY CHARGES/0619 - OTHER MRT
0621 - Supplies Incident to Radiology,23988,/PRODUCTION/SERVICES AND PROCEDURES/FACILITY/INPATIENT HOSPITAL/RADIOLOGY/RADIOPHARMACEUTICALS/0621 - SUPPLIES INCIDENT TO RADIOLOGY
0622 - Supplies Incident to Other Diagnostic Services,23989,/PRODUCTION/SERVICES AND PROCEDURES/FACILITY/INPATIENT HOSPITAL/MEDICAL AND SURGICAL SUPPLIES AND DEVICES/MEDICAL/SURGICAL SUPPLIES/0622 - SUPPLIES INCIDENT TO OTHER DIAGNOSTIC SERVICES
0623 - Surgical Dressings,23990,/PRODUCTION/SERVICES AND PROCEDURES/FACILITY/INPATIENT HOSPITAL/MEDICAL AND SURGICAL SUPPLIES AND DEVICES/MEDICAL/SURGICAL SUPPLIES/0623 - SURGICAL DRESSINGS
0624 - FDA Investigational Devices,23991,/PRODUCTION/SERVICES AND PROCEDURES/FACILITY/INPATIENT HOSPITAL/MEDICAL AND SURGICAL SUPPLIES AND DEVICES/MEDICAL/SURGICAL SUPPLIES/0624 - FDA INVESTIGATIONAL DEVICES
0631 - Single Source Drug,23981,/PRODUCTION/SERVICES AND PROCEDURES/FACILITY/INPATIENT HOSPITAL/MEDICATIONS/PHARMACY/0631 - SINGLE SOURCE DRUG
0632 - Multiple Source Drug,23982,/PRODUCTION/SERVICES AND PROCEDURES/FACILITY/INPATIENT HOSPITAL/MEDICATIONS/PHARMACY/0632 - MULTIPLE SOURCE DRUG
0633 - Restrictive Prescription,23983,/PRODUCTION/SERVICES AND PROCEDURES/FACILITY/INPATIENT HOSPITAL/MEDICATIONS/PHARMACY/0633 - RESTRICTIVE PRESCRIPTION
"0634 - Erythropoietin (EPO) Less Than 10,000 Units",23984,"/PRODUCTION/SERVICES AND PROCEDURES/FACILITY/INPATIENT HOSPITAL/MEDICATIONS/PHARMACY/0634 - EPO LESS THAN 10,000 UNITS"
"0635 - Erythropoietin, (EPO) 10,000 or More Units",23985,"/PRODUCTION/SERVICES AND PROCEDURES/FACILITY/INPATIENT HOSPITAL/MEDICATIONS/PHARMACY/0635 - EPO 10,000 OR MORE UNITS"
0636 - Drugs Requiring Detailed Coding (a),23986,/PRODUCTION/SERVICES AND PROCEDURES/FACILITY/INPATIENT HOSPITAL/MEDICATIONS/PHARMACY/0636 - DRUGS REQUIRING DETAILED CODING (A)
0637 - Self-administrable Drugs (b),23987,/PRODUCTION/SERVICES AND PROCEDURES/FACILITY/INPATIENT HOSPITAL/MEDICATIONS/PHARMACY/0637 - SELF-ADMINISTRABLE DRUGS (B)
0640 - General classification for home IV therapy,23903,/PRODUCTION/SERVICES AND PROCEDURES/FACILITY/HOME IV THERAPY SERVICES/0640 - GENERAL CLASSIFICATION FOR HOME IV THERAPY
"0641 - Nonroutine Nursing, Central Line",23904,"/PRODUCTION/SERVICES AND PROCEDURES/FACILITY/HOME IV THERAPY SERVICES/0641 - NONROUTINE NURSING, CENTRAL LINE"
"0642 - IV Site Care, Central Line",23905,"/PRODUCTION/SERVICES AND PROCEDURES/FACILITY/HOME IV THERAPY SERVICES/0642 - IV SITE CARE, CENTRAL LINE"
"0643 - IV Start/Change, Peripheral Line",23906,"/PRODUCTION/SERVICES AND PROCEDURES/FACILITY/HOME IV THERAPY SERVICES/0643 - IV START/CHANGE, PERIPHERAL LINE"
"0644 - Nonroutine Nursing, Peripheral Line",23907,"/PRODUCTION/SERVICES AND PROCEDURES/FACILITY/HOME IV THERAPY SERVICES/0644 - NONROUTINE NURSING, PERIPHERAL LINE"
"0645 - Training Patient/Caregiver, Central Line",23908,"/PRODUCTION/SERVICES AND PROCEDURES/FACILITY/HOME IV THERAPY SERVICES/0645 - TRAINING PATIENT/CAREGIVER, CENTRAL LINE"
"0646 - Training, Disabled Patient, Central Line",23909,"/PRODUCTION/SERVICES AND PROCEDURES/FACILITY/HOME IV THERAPY SERVICES/0646 - TRAINING, DISABLED PATIENT, CENTRAL LINE"
"0647 - Training, Patient/ Caregiver, Peripheral Line",23910,"/PRODUCTION/SERVICES AND PROCEDURES/FACILITY/HOME IV THERAPY SERVICES/0647 - TRAINING, PATIENT/ CAREGIVER, PERIPHERAL LINE"
"0648 - Training, Disabled Patient, Peripheral Line",23911,"/PRODUCTION/SERVICES AND PROCEDURES/FACILITY/HOME IV THERAPY SERVICES/0648 - TRAINING, DISABLED PATIENT, PERIPHERAL LINE"
0649 - Other IV Therapy Services,23912,/PRODUCTION/SERVICES AND PROCEDURES/FACILITY/HOME IV THERAPY SERVICES/0649 - OTHER IV THERAPY SERVICES
0650 - General classification for hospice service,23793,/PRODUCTION/SERVICES AND PROCEDURES/FACILITY/HOSPICE SERVICES/0650 - GENERAL CLASSIFICATION FOR HOSPICE SERVICE FOR HOSPICE SERVICE
0651 - Routine home care,23794,/PRODUCTION/SERVICES AND PROCEDURES/FACILITY/HOSPICE SERVICES/0651 - ROUTINE HOME CARE
0652 - Continuous home care,23795,/PRODUCTION/SERVICES AND PROCEDURES/FACILITY/HOSPICE SERVICES/0652 - CONTINUOUS HOME CARE
0655 - Inpatient respite care,23797,/PRODUCTION/SERVICES AND PROCEDURES/FACILITY/HOSPICE SERVICES/0655 - INPATIENT RESPITE CARE
0656 - General inpatient care (non-respite),23798,/PRODUCTION/SERVICES AND PROCEDURES/FACILITY/HOSPICE SERVICES/0656 - GENERAL INPATIENT CARE (NON-RESPITE)
0657 - Hospice physician services,23799,/PRODUCTION/SERVICES AND PROCEDURES/FACILITY/HOSPICE SERVICES/0657 - HOSPICE PHYSICIAN SERVICES
0658 - Hospice room & board; nursing facility,68215,/PRODUCTION/SERVICES AND PROCEDURES/FACILITY/HOSPICE SERVICES/0658 - HOSPICE ROOM & BOARD; NURSING FACILITY
0659 - Other hospice service,23800,/PRODUCTION/SERVICES AND PROCEDURES/FACILITY/HOSPICE SERVICES/0659 - OTHER HOSPICE SERVICE
0660 - General classification for respite care,23783,/PRODUCTION/SERVICES AND PROCEDURES/FACILITY/HOME HEALTH CARE/RESPITE CARE/0660 - GENERAL CLASSIFICATION FOR RESPITE CARE
0661 - Hourly charge for skilled nursing for respite care,23784,/PRODUCTION/SERVICES AND PROCEDURES/FACILITY/HOME HEALTH CARE/RESPITE CARE/0661 - HOURLY CHARGE FOR SKILLED NURSING FOR RESPITE CARE
0662 - Hourly charge for home health aide or homemaker for respite care,23785,/PRODUCTION/SERVICES AND PROCEDURES/FACILITY/HOME HEALTH CARE/RESPITE CARE/0662 - HOURLY CHARGE FOR HOME HEALTH AIDE OR HOMEMAKER FOR RESPITE CARE
0669 - Other Respite Care,23786,/PRODUCTION/SERVICES AND PROCEDURES/FACILITY/HOME HEALTH CARE/RESPITE CARE/0669 - OTHER RESPITE CARE
0670 - General classification for outpatient special residence charges,23779,"/PRODUCTION/SERVICES AND PROCEDURES/FACILITY/INPATIENT HOSPITAL/ROOM, BOARD AND NURSING CHARGES/OUTPATIENT SPECIAL RESIDENCE CHARGES/0670 - GENERAL CLASSIFICATION"
0671 - Hospital based outpatient special residence charges,23780,"/PRODUCTION/SERVICES AND PROCEDURES/FACILITY/INPATIENT HOSPITAL/ROOM, BOARD AND NURSING CHARGES/OUTPATIENT SPECIAL RESIDENCE CHARGES/0671 - HOSPITAL BASED"
0672 - Contracted outpatient special residence charges,23781,"/PRODUCTION/SERVICES AND PROCEDURES/FACILITY/INPATIENT HOSPITAL/ROOM, BOARD AND NURSING CHARGES/OUTPATIENT SPECIAL RESIDENCE CHARGES/0672 - CONTRACTED"
0679 - Other Special Residence Charge,23782,"/PRODUCTION/SERVICES AND PROCEDURES/FACILITY/INPATIENT HOSPITAL/ROOM, BOARD AND NURSING CHARGES/OUTPATIENT SPECIAL RESIDENCE CHARGES/0679 - OTHER SPECIAL RESIDENCE CHARGE"
0680 - Not used,63226,/PRODUCTION/SERVICES AND PROCEDURES/FACILITY/EMERGENCY ROOM CHARGES/TRAUMA RESPONSE/0680 - NOT USED
0681 - Trauma Level I,63227,/PRODUCTION/SERVICES AND PROCEDURES/FACILITY/EMERGENCY ROOM CHARGES/TRAUMA RESPONSE/0681 - TRAUMA LEVEL I
0682 - Trauma Level II,63228,/PRODUCTION/SERVICES AND PROCEDURES/FACILITY/EMERGENCY ROOM CHARGES/TRAUMA RESPONSE/0682 - TRAUMA LEVEL II
0683 - Trauma Level III,63229,/PRODUCTION/SERVICES AND PROCEDURES/FACILITY/EMERGENCY ROOM CHARGES/TRAUMA RESPONSE/0683 - TRAUMA LEVEL III
0684 - Trauma Level IV,63230,/PRODUCTION/SERVICES AND PROCEDURES/FACILITY/EMERGENCY ROOM CHARGES/TRAUMA RESPONSE/0684 - TRAUMA LEVEL IV
0689 - Other Trauma Response,63231,/PRODUCTION/SERVICES AND PROCEDURES/FACILITY/EMERGENCY ROOM CHARGES/TRAUMA RESPONSE/0689 - OTHER TRAUMA RESPONSE
0690 - General classification,2324417,/PRODUCTION/SERVICES AND PROCEDURES/FACILITY/PRE-HOSPICE/PALLIATIVE CARE SERVICE/0690 - GENERAL CLASSIFICATION
0691 - Visit charge,2324418,/PRODUCTION/SERVICES AND PROCEDURES/FACILITY/PRE-HOSPICE/PALLIATIVE CARE SERVICE/0691 - VISIT CHARGE
0692 - Hourly charge,2324419,/PRODUCTION/SERVICES AND PROCEDURES/FACILITY/PRE-HOSPICE/PALLIATIVE CARE SERVICE/0692 - HOURLY CHARGE
0693 - Evaluation,2324420,/PRODUCTION/SERVICES AND PROCEDURES/FACILITY/PRE-HOSPICE/PALLIATIVE CARE SERVICE/0693 - EVALUATION
0694 - Consultation and education,2324421,/PRODUCTION/SERVICES AND PROCEDURES/FACILITY/PRE-HOSPICE/PALLIATIVE CARE SERVICE/0694 - CONSULTATION AND EDUCATION
0695 - Inpatient care,2324422,/PRODUCTION/SERVICES AND PROCEDURES/FACILITY/PRE-HOSPICE/PALLIATIVE CARE SERVICE/0695 - INPATIENT CARE
0696 - Physician services,2324423,/PRODUCTION/SERVICES AND PROCEDURES/FACILITY/PRE-HOSPICE/PALLIATIVE CARE SERVICE/0696 - PHYSICIAN SERVICES
0699 - Other pre-hospice/palliative care services,2324424,/PRODUCTION/SERVICES AND PROCEDURES/FACILITY/PRE-HOSPICE/PALLIATIVE CARE SERVICE/0699 - OTHER PRE-HOSPICE/PALLIATIVE CARE SERVICES
0700 - General classification for cast room charges,13012,/PRODUCTION/SERVICES AND PROCEDURES/FACILITY/INPATIENT HOSPITAL/SURGICAL CHARGES/CAST ROOM/0700 - GENERAL CLASSIFICATION FOR CAST ROOM CHARGES
0710 - Recovery Room General Classification,23773,/PRODUCTION/SERVICES AND PROCEDURES/FACILITY/INPATIENT HOSPITAL/SURGICAL CHARGES/RECOVERY ROOM/0710 - RECOVERY ROOM GENERAL CLASSIFICATION
0719 - Other Recovery Room,23774,/PRODUCTION/SERVICES AND PROCEDURES/FACILITY/INPATIENT HOSPITAL/SURGICAL CHARGES/RECOVERY ROOM/0719 - OTHER RECOVERY ROOM
0720 - General classification for labor and delivery room,23812,/PRODUCTION/SERVICES AND PROCEDURES/FACILITY/INPATIENT HOSPITAL/MATERNITY CARE/LABOR AND DELIVERY ROOM CHARGES/0720 - GENERAL CLASSIFICATION
0721 - Labor room,23813,/PRODUCTION/SERVICES AND PROCEDURES/FACILITY/INPATIENT HOSPITAL/MATERNITY CARE/LABOR AND DELIVERY ROOM CHARGES/0721 - LABOR ROOM
0722 - Delivery room,23814,/PRODUCTION/SERVICES AND PROCEDURES/FACILITY/INPATIENT HOSPITAL/MATERNITY CARE/LABOR AND DELIVERY ROOM CHARGES/0722 - DELIVERY ROOM
0723 - Circumcision,23815,/PRODUCTION/SERVICES AND PROCEDURES/FACILITY/INPATIENT HOSPITAL/MATERNITY CARE/ROOM AND BOARD FOR NURSERY/0723 - CIRCUMCISION
0729 - Other Labor Room/Delivery,23817,/PRODUCTION/SERVICES AND PROCEDURES/FACILITY/INPATIENT HOSPITAL/MATERNITY CARE/LABOR AND DELIVERY ROOM CHARGES/0729 - OTHER LABOR ROOM/DELIVERY
0730 - EKG General Classification,23757,/PRODUCTION/SERVICES AND PROCEDURES/FACILITY/INPATIENT HOSPITAL/CARDIOLOGY/ELECTROCARDIOGRAPHY (EKG/ECG)/0730 - EKG GENERAL CLASSIFICATION
0731 - Holter Monitor,23758,/PRODUCTION/SERVICES AND PROCEDURES/FACILITY/INPATIENT HOSPITAL/CARDIOLOGY/ELECTROCARDIOGRAPHY (EKG/ECG)/0731 - HOLTER MONITOR
0732 - Telemetry,23759,/PRODUCTION/SERVICES AND PROCEDURES/FACILITY/INPATIENT HOSPITAL/CARDIOLOGY/ELECTROCARDIOGRAPHY (EKG/ECG)/0732 - TELEMETRY
0739 - Other EKG/ECG,23760,/PRODUCTION/SERVICES AND PROCEDURES/FACILITY/INPATIENT HOSPITAL/CARDIOLOGY/ELECTROCARDIOGRAPHY (EKG/ECG)/0739 - OTHER EKG/ECG
0740 - Electroencephalogram General Classification,23755,/PRODUCTION/SERVICES AND PROCEDURES/FACILITY/INPATIENT HOSPITAL/DIAGNOSTIC SERVICES/NEUROMUSCULAR PROCEDURES/EEG (ELECTROENCEPHALOGRAM)/0740 - ELECTROENCEPHALOGRAM GENERAL CLASSIFICATION
0749 - Other EEG,23756,/PRODUCTION/SERVICES AND PROCEDURES/FACILITY/INPATIENT HOSPITAL/DIAGNOSTIC SERVICES/NEUROMUSCULAR PROCEDURES/EEG (ELECTROENCEPHALOGRAM)/0749 - OTHER EEG
0750 - General Classification,13024,/PRODUCTION/SERVICES AND PROCEDURES/FACILITY/INPATIENT HOSPITAL/GASTOENTEROLOGY/0750 - GENERAL CLASSIFICATION
0759 - Reserved,13025,/PRODUCTION/SERVICES AND PROCEDURES/FACILITY/INPATIENT HOSPITAL/GASTOENTEROLOGY/0759 - OTHER GASTRO-INTESTINAL
0760 - Specialty Services - General Classification,23831,/PRODUCTION/SERVICES AND PROCEDURES/FACILITY/INPATIENT HOSPITAL/TREATMENT AND OBSERVATION ROOMS/0760 - SPECIALTY SERVICES - GENERAL CLASSIFICATION
0761 - Specialty Services - Treatment Room,23832,/PRODUCTION/SERVICES AND PROCEDURES/FACILITY/INPATIENT HOSPITAL/TREATMENT AND OBSERVATION ROOMS/0761 - SPECIALTY SERVICES - TREATMENT ROOM
0762 - Specialty Services - Observation Hours,23833,/PRODUCTION/SERVICES AND PROCEDURES/FACILITY/INPATIENT HOSPITAL/TREATMENT AND OBSERVATION ROOMS/0762 - SPECIALTY SERVICES - OBSERVATION HOURS
0769 - Specialty Services - Other Specialty Services,23834,/PRODUCTION/SERVICES AND PROCEDURES/FACILITY/INPATIENT HOSPITAL/SURGICAL CHARGES/0769 - SPECIALTY SERVICES - OTHER SPECIALTY SERVICES
0770 - General Classification for preventive services,"82160,12493",/PRODUCTION/SERVICES AND PROCEDURES/FACILITY/INPATIENT HOSPITAL/PREVENTIVE CARE SERVICES/0770 - GENERAL CLASSIFICATION FOR PREVENTIVE SERVICES | /PRODUCTION/SERVICES AND PROCEDURES/PREVENTIVE SERVICES/FACILITY CHARGES/0770 - GENERAL CLASSIFICATION - PREVENTIVE CARE
0771 - Vaccine Administration,"82161,12494",/PRODUCTION/SERVICES AND PROCEDURES/FACILITY/INPATIENT HOSPITAL/PREVENTIVE CARE SERVICES/0771 - VACCINE ADMINISTRATION | /PRODUCTION/SERVICES AND PROCEDURES/PREVENTIVE SERVICES/FACILITY CHARGES/0771 - VACCINE ADMINISTRATION
0779 - Reserved,82162,/PRODUCTION/SERVICES AND PROCEDURES/FACILITY/INPATIENT HOSPITAL/PREVENTIVE CARE SERVICES/0779 - RESERVED
0780 - General classification for telemedicine,23867,/PRODUCTION/SERVICES AND PROCEDURES/FACILITY/INPATIENT HOSPITAL/TELEMEDICINE/0780 - GENERAL CLASSIFICATION FOR TELEMEDICINE FOR TELEMEDICINE
0789 - Reserved,23868,/PRODUCTION/SERVICES AND PROCEDURES/FACILITY/INPATIENT HOSPITAL/TELEMEDICINE/0789 - RESERVED
0790 - General classification for lithotripsy,23865,/PRODUCTION/SERVICES AND PROCEDURES/FACILITY/INPATIENT HOSPITAL/LITHOTRIPSY/0790 - GENERAL CLASSIFICATION FOR LITHOTRIPSY
0799 - Reserved,23866,/PRODUCTION/SERVICES AND PROCEDURES/FACILITY/INPATIENT HOSPITAL/LITHOTRIPSY/0799 - RESERVED
0800 - General classification for inpatient renal dialysis,20244,/PRODUCTION/SERVICES AND PROCEDURES/FACILITY/INPATIENT HOSPITAL/INPATIENT RENAL DIALYSIS/0800 - GENERAL CLASSIFICATION
0801 - Inpatient Hemodialysis,20245,/PRODUCTION/SERVICES AND PROCEDURES/FACILITY/INPATIENT HOSPITAL/INPATIENT RENAL DIALYSIS/0801 - INPATIENT HEMODIALYSIS
0802 - Inpatient Peritoneal (Non-CAPD) Dialysis,20246,/PRODUCTION/SERVICES AND PROCEDURES/FACILITY/INPATIENT HOSPITAL/INPATIENT RENAL DIALYSIS/0802 - INPATIENT PERITONEAL (NON-CAPD) DIALYSIS
0803 - Inpatient Continuous Ambulatory Peritoneal Dialysis (CAPD),20247,/PRODUCTION/SERVICES AND PROCEDURES/FACILITY/INPATIENT HOSPITAL/INPATIENT RENAL DIALYSIS/0803 - INPATIENT CONTINUOUS AMBULATORY PERITONEAL DIALYSIS (CAPD)
0804 - Inpatient Continuous Cycling Peritoneal Dialysis (CCPD),20248,/PRODUCTION/SERVICES AND PROCEDURES/FACILITY/INPATIENT HOSPITAL/INPATIENT RENAL DIALYSIS/0804 - INPATIENT CONTINUOUS CYCLING PERITONEAL DIALYSIS (CCPD)
0809 - Other Inpatient Dialysis,20249,/PRODUCTION/SERVICES AND PROCEDURES/FACILITY/INPATIENT HOSPITAL/INPATIENT RENAL DIALYSIS/0809 - OTHER INPATIENT DIALYSIS
0810 - General Classification,60533,/PRODUCTION/SERVICES AND PROCEDURES/FACILITY/INPATIENT HOSPITAL/SURGICAL CHARGES/TRANSPLANTATION CHARGES/ACQUISITION OF BODY COMPONENTS/DONOR FACILITY CHARGES/0810 - GENERAL CLASSIFICATION
0811 - Living Donor,60534,/PRODUCTION/SERVICES AND PROCEDURES/FACILITY/INPATIENT HOSPITAL/SURGICAL CHARGES/TRANSPLANTATION CHARGES/ACQUISITION OF BODY COMPONENTS/DONOR FACILITY CHARGES/0811 - LIVING DONOR
0812 - Cadaver Donor,60535,/PRODUCTION/SERVICES AND PROCEDURES/FACILITY/INPATIENT HOSPITAL/SURGICAL CHARGES/TRANSPLANTATION CHARGES/ACQUISITION OF BODY COMPONENTS/DONOR FACILITY CHARGES/0812 - CADAVER DONOR
0813 - Unknown donor,60536,/PRODUCTION/SERVICES AND PROCEDURES/FACILITY/INPATIENT HOSPITAL/SURGICAL CHARGES/TRANSPLANTATION CHARGES/ACQUISITION OF BODY COMPONENTS/DONOR FACILITY CHARGES/0813 - UNKNOWN DONOR
0814 - Unsuccessful Organ Search-Donor Bank Charges,23856,/PRODUCTION/SERVICES AND PROCEDURES/FACILITY/INPATIENT HOSPITAL/SURGICAL CHARGES/TRANSPLANTATION CHARGES/ACQUISITION OF BODY COMPONENTS/DONOR FACILITY CHARGES/0814 - UNSUCCESSFUL ORGAN SEARCH-DONOR BANK CHARGES
0815 - Allogeneic Stem Cell Acquisition,2362648,/PRODUCTION/SERVICES AND PROCEDURES/FACILITY/INPATIENT HOSPITAL/SURGICAL CHARGES/TRANSPLANTATION CHARGES/ACQUISITION OF BODY COMPONENTS/DONOR FACILITY CHARGES/0815 - ALLOGENEIC STEM CELL ACQUISITION
0819 - Other Donor,60538,/PRODUCTION/SERVICES AND PROCEDURES/FACILITY/INPATIENT HOSPITAL/SURGICAL CHARGES/TRANSPLANTATION CHARGES/ACQUISITION OF BODY COMPONENTS/DONOR FACILITY CHARGES/0819 - OTHER DONOR
0820 - General Classification,23818,/PRODUCTION/SERVICES AND PROCEDURES/FACILITY/OUTPATIENT HOSPITAL/DIALYSIS/FACILITY CHARGES FOR OUTPATIENT OR HOME HEMODIALYSIS/0820 - GENERAL CLASSIFICATION
0821 - Hemodialysis/Composite or Other Rate,23819,/PRODUCTION/SERVICES AND PROCEDURES/FACILITY/OUTPATIENT HOSPITAL/DIALYSIS/FACILITY CHARGES FOR OUTPATIENT OR HOME HEMODIALYSIS/0821 - HEMODIALYSIS/COMPOSITE OR OTHER RATE
0822 - Home Supplies,23820,/PRODUCTION/SERVICES AND PROCEDURES/FACILITY/OUTPATIENT HOSPITAL/DIALYSIS/FACILITY CHARGES FOR OUTPATIENT OR HOME HEMODIALYSIS/0822 - HOME SUPPLIES
0823 - Home Equipment,23821,/PRODUCTION/SERVICES AND PROCEDURES/FACILITY/OUTPATIENT HOSPITAL/DIALYSIS/FACILITY CHARGES FOR OUTPATIENT OR HOME HEMODIALYSIS/0823 - HOME EQUIPMENT
0824 - Maintenance/100%,23822,/PRODUCTION/SERVICES AND PROCEDURES/FACILITY/OUTPATIENT HOSPITAL/DIALYSIS/FACILITY CHARGES FOR OUTPATIENT OR HOME HEMODIALYSIS/0824 - MAINTENANCE/100%
0825 - Support Services,23823,/PRODUCTION/SERVICES AND PROCEDURES/FACILITY/OUTPATIENT HOSPITAL/DIALYSIS/FACILITY CHARGES FOR OUTPATIENT OR HOME HEMODIALYSIS/0825 - SUPPORT SERVICES
0829 - Other Outpatient Hemodialysis,23824,/PRODUCTION/SERVICES AND PROCEDURES/FACILITY/OUTPATIENT HOSPITAL/DIALYSIS/FACILITY CHARGES FOR OUTPATIENT OR HOME HEMODIALYSIS/0829 - OTHER OUTPATIENT HEMODIALYSIS
0830 - General classification for outpatient or home hemodialysis,20250,/PRODUCTION/SERVICES AND PROCEDURES/FACILITY/OUTPATIENT HOSPITAL/DIALYSIS/FACILITY CHARGES FOR OUTPATIENT OR HOME PERITONEAL DIALYSIS/0830 - GENERAL CLASSIFICATION
0831 - Peritoneal/Composite or Other Rate,20251,/PRODUCTION/SERVICES AND PROCEDURES/FACILITY/OUTPATIENT HOSPITAL/DIALYSIS/FACILITY CHARGES FOR OUTPATIENT OR HOME PERITONEAL DIALYSIS/0831 - PERITONEAL/COMPOSITE OR OTHER RATE
0832 - Home Supplies,20252,/PRODUCTION/SERVICES AND PROCEDURES/FACILITY/OUTPATIENT HOSPITAL/DIALYSIS/FACILITY CHARGES FOR OUTPATIENT OR HOME PERITONEAL DIALYSIS/0832 - HOME SUPPLIES
0833 - Home Equipment,20253,/PRODUCTION/SERVICES AND PROCEDURES/FACILITY/OUTPATIENT HOSPITAL/DIALYSIS/FACILITY CHARGES FOR OUTPATIENT OR HOME PERITONEAL DIALYSIS/0833 - HOME EQUIPMENT
0834 - Maintenance/100%,20254,/PRODUCTION/SERVICES AND PROCEDURES/FACILITY/OUTPATIENT HOSPITAL/DIALYSIS/FACILITY CHARGES FOR OUTPATIENT OR HOME PERITONEAL DIALYSIS/0834 - MAINTENANCE/100%
0835 - Support Services,20255,/PRODUCTION/SERVICES AND PROCEDURES/FACILITY/OUTPATIENT HOSPITAL/DIALYSIS/FACILITY CHARGES FOR OUTPATIENT OR HOME PERITONEAL DIALYSIS/0835 - SUPPORT SERVICES
0839 - Other Outpatient Peritoneal Dialysis,20256,/PRODUCTION/SERVICES AND PROCEDURES/FACILITY/OUTPATIENT HOSPITAL/DIALYSIS/FACILITY CHARGES FOR OUTPATIENT OR HOME PERITONEAL DIALYSIS/0839 - OTHER OUTPATIENT PERITONEAL DIALYSIS
0840 - General classification for outpatient or home continuous ambulatory peritoneal dialysis,20237,/PRODUCTION/SERVICES AND PROCEDURES/FACILITY/OUTPATIENT HOSPITAL/DIALYSIS/FACILITY CHARGES FOR OUTPATIENT OR HOME CONTINUOUS AMBULATORY PERITONEAL DIALYSIS/0840 - GENERAL CLASSIFICATION
0841 - CAPD/Composite or Other Rate,20238,/PRODUCTION/SERVICES AND PROCEDURES/FACILITY/OUTPATIENT HOSPITAL/DIALYSIS/FACILITY CHARGES FOR OUTPATIENT OR HOME CONTINUOUS AMBULATORY PERITONEAL DIALYSIS/0841 - CAPD/COMPOSITE OR OTHER RATE
0842 - Home Supplies,20239,/PRODUCTION/SERVICES AND PROCEDURES/FACILITY/OUTPATIENT HOSPITAL/DIALYSIS/FACILITY CHARGES FOR OUTPATIENT OR HOME CONTINUOUS AMBULATORY PERITONEAL DIALYSIS/0842 - HOME SUPPLIES
0843 - Home Equipment,20240,/PRODUCTION/SERVICES AND PROCEDURES/FACILITY/OUTPATIENT HOSPITAL/DIALYSIS/FACILITY CHARGES FOR OUTPATIENT OR HOME CONTINUOUS AMBULATORY PERITONEAL DIALYSIS/0843 - HOME EQUIPMENT
0844 - Maintenance 100%,20241,/PRODUCTION/SERVICES AND PROCEDURES/FACILITY/OUTPATIENT HOSPITAL/DIALYSIS/FACILITY CHARGES FOR OUTPATIENT OR HOME CONTINUOUS AMBULATORY PERITONEAL DIALYSIS/0844 - MAINTENANCE 100%
0845 - Support Services,20242,/PRODUCTION/SERVICES AND PROCEDURES/FACILITY/OUTPATIENT HOSPITAL/DIALYSIS/FACILITY CHARGES FOR OUTPATIENT OR HOME CONTINUOUS AMBULATORY PERITONEAL DIALYSIS/0845 - SUPPORT SERVICES
0849 - Other Outpatient CAPD,20243,/PRODUCTION/SERVICES AND PROCEDURES/FACILITY/OUTPATIENT HOSPITAL/DIALYSIS/FACILITY CHARGES FOR OUTPATIENT OR HOME CONTINUOUS AMBULATORY PERITONEAL DIALYSIS/0849 - OTHER OUTPATIENT CAPD
0850 - General classification for outpatient or home continuous cycling peritoneal dialysis,20230,/PRODUCTION/SERVICES AND PROCEDURES/FACILITY/OUTPATIENT HOSPITAL/DIALYSIS/FACILITY CHARGES FOR OUTPATIENT OR HOME CONTINUOUS CYCLING PERITONEAL DIALYSIS/0850 - GENERAL CLASSIFICATION
0851 - CCPD/Composite or Other Rate,20231,/PRODUCTION/SERVICES AND PROCEDURES/FACILITY/OUTPATIENT HOSPITAL/DIALYSIS/FACILITY CHARGES FOR OUTPATIENT OR HOME CONTINUOUS CYCLING PERITONEAL DIALYSIS/0851 - CCPD/COMPOSITE OR OTHER RATE
0852 - Home Supplies,20232,/PRODUCTION/SERVICES AND PROCEDURES/FACILITY/OUTPATIENT HOSPITAL/DIALYSIS/FACILITY CHARGES FOR OUTPATIENT OR HOME CONTINUOUS CYCLING PERITONEAL DIALYSIS/0852 - HOME SUPPLIES
0853 - Home Equipment,20233,/PRODUCTION/SERVICES AND PROCEDURES/FACILITY/OUTPATIENT HOSPITAL/DIALYSIS/FACILITY CHARGES FOR OUTPATIENT OR HOME CONTINUOUS CYCLING PERITONEAL DIALYSIS/0853 - HOME EQUIPMENT
0854 - Maintenance 100%,20234,/PRODUCTION/SERVICES AND PROCEDURES/FACILITY/OUTPATIENT HOSPITAL/DIALYSIS/FACILITY CHARGES FOR OUTPATIENT OR HOME CONTINUOUS CYCLING PERITONEAL DIALYSIS/0854 - MAINTENANCE 100%
0855 - Support Services,20235,/PRODUCTION/SERVICES AND PROCEDURES/FACILITY/OUTPATIENT HOSPITAL/DIALYSIS/FACILITY CHARGES FOR OUTPATIENT OR HOME CONTINUOUS CYCLING PERITONEAL DIALYSIS/0855 - SUPPORT SERVICES
0859 - Other Outpatient CCPD,20236,/PRODUCTION/SERVICES AND PROCEDURES/FACILITY/OUTPATIENT HOSPITAL/DIALYSIS/FACILITY CHARGES FOR OUTPATIENT OR HOME CONTINUOUS CYCLING PERITONEAL DIALYSIS/0859 - OTHER OUTPATIENT CCPD
0860 - General Classification - MEG,2011978,/PRODUCTION/SERVICES AND PROCEDURES/FACILITY/INPATIENT HOSPITAL/DIAGNOSTIC SERVICES/MAGNETOENCEPHALOGRAPHY (MEG)/0860 - GENERAL CLASSIFICATION - MEG
0861 - Magnetoencephalography (MEG),2011979,/PRODUCTION/SERVICES AND PROCEDURES/FACILITY/INPATIENT HOSPITAL/DIAGNOSTIC SERVICES/MAGNETOENCEPHALOGRAPHY (MEG)/0861 - MAGNETOENCEPHALOGRAPHY (MEG)
0870 - General Classification,2379356,/PRODUCTION/SERVICES AND PROCEDURES/FACILITY/INPATIENT HOSPITAL/CHEMOTHERAPY/CELL/GENE THERAPY/0870 - GENERAL CLASSIFICATION
0871 - Cell Collection,2379357,/PRODUCTION/SERVICES AND PROCEDURES/FACILITY/INPATIENT HOSPITAL/CHEMOTHERAPY/CELL/GENE THERAPY/0871 - CELL COLLECTION
0872 - Specialized Biologic Processing and Storage-Prior to Transport,2379358,/PRODUCTION/SERVICES AND PROCEDURES/FACILITY/INPATIENT HOSPITAL/CHEMOTHERAPY/CELL/GENE THERAPY/0872 - SPECIALIZED BIOLOGIC PROCESSING AND STORAGE-PRIOR TO TRANSPORT
0873 - Storage and Processing after Receipt of Cells from Manufacturer,2379359,/PRODUCTION/SERVICES AND PROCEDURES/FACILITY/INPATIENT HOSPITAL/CHEMOTHERAPY/CELL/GENE THERAPY/0873 - STORAGE AND PROCESSING AFTER RECEIPT OF CELLS FROM MANUFACTURER
0874 - Infusion of Modified Cells,2379360,/PRODUCTION/SERVICES AND PROCEDURES/FACILITY/INPATIENT HOSPITAL/CHEMOTHERAPY/CELL/GENE THERAPY/0874 - INFUSION OF MODIFIED CELLS
0875 - Injection of Modified Cells,2379361,/PRODUCTION/SERVICES AND PROCEDURES/FACILITY/INPATIENT HOSPITAL/CHEMOTHERAPY/CELL/GENE THERAPY/0875 - INJECTION OF MODIFIED CELLS
0880 - General classification for miscellaneous dialysis services,20226,/PRODUCTION/SERVICES AND PROCEDURES/FACILITY/OUTPATIENT HOSPITAL/DIALYSIS/FACILITY CHARGES FOR MISCELLANEOUS DIALYSIS/0880 - GENERAL CLASSIFICATION
0882 - Home Dialysis Aid Visit,20228,/PRODUCTION/SERVICES AND PROCEDURES/FACILITY/OUTPATIENT HOSPITAL/DIALYSIS/FACILITY CHARGES FOR MISCELLANEOUS DIALYSIS/0882 - HOME DIALYSIS AID VISIT
0889 - Other miscellaneous dialysis,20229,/PRODUCTION/SERVICES AND PROCEDURES/FACILITY/OUTPATIENT HOSPITAL/DIALYSIS/FACILITY CHARGES FOR MISCELLANEOUS DIALYSIS/0889 - OTHER MISCELLANEOUS DIALYSIS
0891 - Special Processed Drugs Cell Therapy (a),2379362,/PRODUCTION/SERVICES AND PROCEDURES/FACILITY/INPATIENT HOSPITAL/CHEMOTHERAPY/CELL/GENE THERAPY/0891 - SPECIAL PROCESSED DRUGS � FDA APPROVED CELL THERAPY
0892 - Special Processed Drugs Gene Therapy (b),2384523,/PRODUCTION/SERVICES AND PROCEDURES/FACILITY/INPATIENT HOSPITAL/CHEMOTHERAPY/CELL/GENE THERAPY/0892 - SPECIAL PROCESSED DRUGS - FDA APPROVED GENE THERAPY
0900 - General classification for psychiatric or psychological treatments,23825,/PRODUCTION/SERVICES AND PROCEDURES/FACILITY/INPATIENT HOSPITAL/PSYCHIATRY AND MENTAL HEALTH/BEHAVIORAL HEALTH TREATMENTS/0900 - GENERAL CLASSIFICATION FOR PSYCHIATRIC OR PSYCHOLOGICAL TREATMENTS
0901 - Electroshock Treatment,23826,/PRODUCTION/SERVICES AND PROCEDURES/FACILITY/INPATIENT HOSPITAL/PSYCHIATRY AND MENTAL HEALTH/BEHAVIORAL HEALTH TREATMENTS/0901 - ELECTROSHOCK TREATMENT
0902 - Milieu Therapy,23827,/PRODUCTION/SERVICES AND PROCEDURES/FACILITY/INPATIENT HOSPITAL/PSYCHIATRY AND MENTAL HEALTH/BEHAVIORAL HEALTH TREATMENTS/0902 - MILIEU THERAPY
0903 - Play Therapy,23828,/PRODUCTION/SERVICES AND PROCEDURES/FACILITY/INPATIENT HOSPITAL/PSYCHIATRY AND MENTAL HEALTH/BEHAVIORAL HEALTH TREATMENTS/0903 - PLAY THERAPY
0904 - Activity Therapy,23829,/PRODUCTION/SERVICES AND PROCEDURES/FACILITY/INPATIENT HOSPITAL/PSYCHIATRY AND MENTAL HEALTH/BEHAVIORAL HEALTH TREATMENTS/0904 - ACTIVITY THERAPY
0905 - Intensive Outpatient Services - Psychiatric,63255,/PRODUCTION/SERVICES AND PROCEDURES/FACILITY/INPATIENT HOSPITAL/PSYCHIATRY AND MENTAL HEALTH/BEHAVIORAL HEALTH TREATMENTS/0905 - INTENSIVE OUTPATIENT SERVICES - PSYCHIATRIC
0906 - Intensive Outpatient Services - Chemical Dependency,63256,/PRODUCTION/SERVICES AND PROCEDURES/FACILITY/INPATIENT HOSPITAL/PSYCHIATRY AND MENTAL HEALTH/BEHAVIORAL HEALTH TREATMENTS/0906 - INTENSIVE OUTPATIENT SERVICES - CHEMICAL DEPENDENCY
0907 - Community Behavioral Health Program (Day Treatmemt),63257,/PRODUCTION/SERVICES AND PROCEDURES/FACILITY/INPATIENT HOSPITAL/PSYCHIATRY AND MENTAL HEALTH/BEHAVIORAL HEALTH TREATMENTS/0907 - COMMUNITY BEHAVIORAL HEALTH PROGRAM (DAY TREATMEMT)
0909 - Other Psychiatric/Psychological Treatment,23830,/PRODUCTION/SERVICES AND PROCEDURES/FACILITY/INPATIENT HOSPITAL/PSYCHIATRY AND MENTAL HEALTH/BEHAVIORAL HEALTH TREATMENTS/0909 - OTHER PSYCHIATRIC/PSYCHOLOGICAL TREATMENT
0910 - Reserved for National Use,13014,/PRODUCTION/SERVICES AND PROCEDURES/FACILITY/INPATIENT HOSPITAL/PSYCHIATRY AND MENTAL HEALTH/PSYCHIATRIC OR PSYCHOLOGICAL SERVICES/0910 - RESERVED FOR NATIONAL USE
0911 - Rehabilitation,13015,/PRODUCTION/SERVICES AND PROCEDURES/FACILITY/INPATIENT HOSPITAL/PSYCHIATRY AND MENTAL HEALTH/PSYCHIATRIC OR PSYCHOLOGICAL SERVICES/0911 - REHABILITATION
0912 - Partial Hospitalization - Less Intensive,13016,/PRODUCTION/SERVICES AND PROCEDURES/FACILITY/INPATIENT HOSPITAL/PSYCHIATRY AND MENTAL HEALTH/PSYCHIATRIC PARTIAL HOSPITALIZATION/0912 - PARTIAL HOSPITALIZATION - LESS INTENSIVE
0913 - Partial Hospitalization - Intensive,13017,/PRODUCTION/SERVICES AND PROCEDURES/FACILITY/INPATIENT HOSPITAL/PSYCHIATRY AND MENTAL HEALTH/PSYCHIATRIC PARTIAL HOSPITALIZATION/0913 - PARTIAL HOSPITALIZATION - INTENSIVE
0914 - Individual Therapy,13018,/PRODUCTION/SERVICES AND PROCEDURES/FACILITY/INPATIENT HOSPITAL/PSYCHIATRY AND MENTAL HEALTH/PSYCHIATRIC OR PSYCHOLOGICAL SERVICES FACILITY CHARGES OR SUBSTANCE ABUSE/0914 - INDIVIDUAL THERAPY
0915 - Group Therapy,13019,/PRODUCTION/SERVICES AND PROCEDURES/FACILITY/INPATIENT HOSPITAL/PSYCHIATRY AND MENTAL HEALTH/PSYCHIATRIC OR PSYCHOLOGICAL SERVICES FACILITY CHARGES OR SUBSTANCE ABUSE/0915 - GROUP THERAPY
0916 - Family Therapy,13020,/PRODUCTION/SERVICES AND PROCEDURES/FACILITY/INPATIENT HOSPITAL/PSYCHIATRY AND MENTAL HEALTH/PSYCHIATRIC OR PSYCHOLOGICAL SERVICES FACILITY CHARGES OR SUBSTANCE ABUSE/0916 - FAMILY THERAPY
0917 - Psych/Bio Feedback,13021,/PRODUCTION/SERVICES AND PROCEDURES/FACILITY/INPATIENT HOSPITAL/PSYCHIATRY AND MENTAL HEALTH/PSYCHIATRIC OR PSYCHOLOGICAL SERVICES FACILITY CHARGES OR SUBSTANCE ABUSE/0917 - PSYCH/BIO FEEDBACK
0918 - Psych/testing,13022,/PRODUCTION/SERVICES AND PROCEDURES/FACILITY/INPATIENT HOSPITAL/PSYCHIATRY AND MENTAL HEALTH/PSYCHIATRIC OR PSYCHOLOGICAL SERVICES FACILITY CHARGES OR SUBSTANCE ABUSE/0918 - PSYCH/TESTING
0919 - Other Behavioral Health Treatments/Services,13023,/PRODUCTION/SERVICES AND PROCEDURES/FACILITY/INPATIENT HOSPITAL/PSYCHIATRY AND MENTAL HEALTH/PSYCHIATRIC OR PSYCHOLOGICAL SERVICES FACILITY CHARGES OR SUBSTANCE ABUSE/0919 - OTHER BEHAVIORAL HEALTH TREATMENTS/SERVICES
0920 - General classification for other diagnostic services,24205,/PRODUCTION/SERVICES AND PROCEDURES/FACILITY/OTHER DIAGNOSTIC SERVICES/0920 - GENERAL CLASSIFICATION FOR OTHER DIAGNOSTIC SERVICES FOR OTHER DIAGNOSTIC SERVICES
0921 - Peripheral Vascular Lab,24206,/PRODUCTION/SERVICES AND PROCEDURES/FACILITY/INPATIENT HOSPITAL/DIAGNOSTIC SERVICES/NON-INVASIVE VASCULAR DIAGNOSTIC STUDIES/0921 - PERIPHERAL VASCULAR LAB
0922 - Electromyelgram,24207,/PRODUCTION/SERVICES AND PROCEDURES/FACILITY/INPATIENT HOSPITAL/DIAGNOSTIC SERVICES/NEUROMUSCULAR PROCEDURES/0922 - ELECTROMYELGRAM
0923 - Pap Smear,24208,/PRODUCTION/SERVICES AND PROCEDURES/FACILITY/INPATIENT HOSPITAL/PATHOLOGY AND LABORATORY/OTHER PATHOLOGY AND LABORATORY PROCEDURES/0923 - PAP SMEAR
0924 - Allergy Test,24209,/PRODUCTION/SERVICES AND PROCEDURES/FACILITY/INPATIENT HOSPITAL/ALLERGY AND CLINICAL IMMUNOLOGY/0924 - ALLERGY TEST
0925 - Pregnancy Test,24210,/PRODUCTION/SERVICES AND PROCEDURES/FACILITY/INPATIENT HOSPITAL/PATHOLOGY AND LABORATORY/OTHER PATHOLOGY AND LABORATORY PROCEDURES/0925 - PREGNANCY TEST
0929 - Other Diagnostic Service,24211,/PRODUCTION/SERVICES AND PROCEDURES/FACILITY/OTHER DIAGNOSTIC SERVICES/0929 - OTHER DIAGNOSTIC SERVICE
0931 - Medical rehabiliation half day program,24202,"/PRODUCTION/SERVICES AND PROCEDURES/FACILITY/INPATIENT HOSPITAL/PT,OT,SLP/MEDICAL REHABILITATION DAY PROGRAM/0931 - MEDICAL REHABILIATION HALF DAY PROGRAM"
0932 - Medical rehabilitation full day program,24203,"/PRODUCTION/SERVICES AND PROCEDURES/FACILITY/INPATIENT HOSPITAL/PT,OT,SLP/MEDICAL REHABILITATION DAY PROGRAM/0932 - MEDICAL REHABILITATION FULL DAY PROGRAM"
0940 - General classification for other therapeutic services,24105,/PRODUCTION/SERVICES AND PROCEDURES/FACILITY/INPATIENT HOSPITAL/OTHER THERAPEUTIC SERVICES/0940 - GENERAL CLASSIFICATION FOR OTHER THERAPEUTIC SERVICES FOR OTHER THERAPEUTIC SERVICES
0942 - Education/Training,24107,/PRODUCTION/SERVICES AND PROCEDURES/FACILITY/INPATIENT HOSPITAL/OTHER THERAPEUTIC SERVICES/0942 - EDUCATION/TRAINING
0943 - Facility charges for cardiac rehabilitation,24108,/PRODUCTION/SERVICES AND PROCEDURES/FACILITY/INPATIENT HOSPITAL/CARDIAC REHABILITATION/0943 - FACILITY CHARGES FOR CARDIAC REHABILITATION
0944 - Facility charges for drug rehabilitation,24109,/PRODUCTION/SERVICES AND PROCEDURES/FACILITY/SUBSTANCE ABUSE/0944 - FACILITY CHARGES FOR DRUG REHABILITATION
0945 - Facility charges for alcohol rehabilitation,24110,/PRODUCTION/SERVICES AND PROCEDURES/FACILITY/SUBSTANCE ABUSE/0945 - FACILITY CHARGES FOR ALCOHOL REHABILITATION
0946 - Complex Medical Equipment- Routine,24111,/PRODUCTION/SERVICES AND PROCEDURES/FACILITY/INPATIENT HOSPITAL/DURABLE MEDICAL EQUIPMENT/0946 - COMPLEX MEDICAL EQUIPMENT- ROUTINE
0947 - Complex Medical Equipment- Ancillary,24112,/PRODUCTION/SERVICES AND PROCEDURES/FACILITY/INPATIENT HOSPITAL/DURABLE MEDICAL EQUIPMENT/0947 - COMPLEX MEDICAL EQUIPMENT- ANCILLARY
0949 - Other Therapeutic Service,24113,/PRODUCTION/SERVICES AND PROCEDURES/FACILITY/INPATIENT HOSPITAL/OTHER THERAPEUTIC SERVICES/0949 - OTHER THERAPEUTIC SERVICE
0951 - Athletic Training,24115,"/PRODUCTION/SERVICES AND PROCEDURES/FACILITY/INPATIENT HOSPITAL/PT,OT,SLP/OTHER THERAPEUTIC SERVICES/0951 - ATHLETIC TRAINING"
0952 - Kinesiotherapy,24116,"/PRODUCTION/SERVICES AND PROCEDURES/FACILITY/INPATIENT HOSPITAL/PT,OT,SLP/OTHER THERAPEUTIC SERVICES/0952 - KINESIOTHERAPY"
0953 - Chemical dependency (drug and alcohol),2323651,/PRODUCTION/SERVICES AND PROCEDURES/FACILITY/SUBSTANCE ABUSE/0953 - CHEMICAL DEPENDENCY (DRUG AND ALCOHOL)
0960 - General classification for facility charges for professional fees,24079,/PRODUCTION/SERVICES AND PROCEDURES/FACILITY/MISCELLANEOUS/PROFESSIONAL FACILITY CHARGES /0960 - GENERAL CLASSIFICATION FOR FACILITY CHARGES FOR PROFESSIONAL FEES
0961 - Psychiatric professional fees,24080,/PRODUCTION/SERVICES AND PROCEDURES/FACILITY/MISCELLANEOUS/PROFESSIONAL FACILITY CHARGES/0961 - PSYCHIATRIC PROFESSIONAL FEES
0962 - Ophthalmology professional fees,24081,/PRODUCTION/SERVICES AND PROCEDURES/FACILITY/MISCELLANEOUS/PROFESSIONAL FACILITY CHARGES /0962 - OPHTHALMOLOGY PROFESSIONAL FEES
0963 - Anesthesiologist (MD) professional charges,24082,/PRODUCTION/SERVICES AND PROCEDURES/FACILITY/INPATIENT HOSPITAL/ANESTHESIA/0963 - ANESTHESIOLOGIST (MD) PROFESSIONAL CHARGES
0964 - Anesthetist (CRNA) professional charges,24083,/PRODUCTION/SERVICES AND PROCEDURES/FACILITY/INPATIENT HOSPITAL/ANESTHESIA/0964 - ANESTHETIST (CRNA) PROFESSIONAL CHARGES
0969 - Other Professional Fee,24084,/PRODUCTION/SERVICES AND PROCEDURES/FACILITY/MISCELLANEOUS/PROFESSIONAL FACILITY CHARGES /0969 - OTHER PROFESSIONAL FEE
0971 - Laboratory professional fees,24085,/PRODUCTION/SERVICES AND PROCEDURES/FACILITY/MISCELLANEOUS/PROFESSIONAL FACILITY CHARGES /0971 - LABORATORY PROFESSIONAL FEES
0972 - Professional charges for diagnostic radiology,24086,/PRODUCTION/SERVICES AND PROCEDURES/FACILITY/MISCELLANEOUS/PROFESSIONAL FACILITY CHARGES /0972 - PROFESSIONAL CHARGES FOR DIAGNOSTIC RADIOLOGY
0973 - Professional charges for therapeutic radiology,24087,/PRODUCTION/SERVICES AND PROCEDURES/FACILITY/MISCELLANEOUS/PROFESSIONAL FACILITY CHARGES /0973 - PROFESSIONAL CHARGES FOR THERAPEUTIC RADIOLOGY
0974 - Professional charges for radiology - nuclear medicine,24088,/PRODUCTION/SERVICES AND PROCEDURES/FACILITY/MISCELLANEOUS/PROFESSIONAL FACILITY CHARGES /0974 - PROFESSIONAL CHARGES FOR RADIOLOGY - NUCLEAR MEDICINE
0975 - Professional charges for operating room,24089,/PRODUCTION/SERVICES AND PROCEDURES/FACILITY/MISCELLANEOUS/PROFESSIONAL FACILITY CHARGES /0975 - PROFESSIONAL CHARGES FOR OPERATING ROOM
0976 - Professional charges for respiratory therapy,24090,/PRODUCTION/SERVICES AND PROCEDURES/FACILITY/MISCELLANEOUS/PROFESSIONAL FACILITY CHARGES /0976 - PROFESSIONAL CHARGES FOR RESPIRATORY THERAPY
0977 - Professional charges for physical therapy,24091,/PRODUCTION/SERVICES AND PROCEDURES/FACILITY/MISCELLANEOUS/PROFESSIONAL FACILITY CHARGES /0977 - PROFESSIONAL CHARGES FOR PHYSICAL THERAPY
0978 - Professional charges for occupational therapy,24092,/PRODUCTION/SERVICES AND PROCEDURES/FACILITY/MISCELLANEOUS/PROFESSIONAL FACILITY CHARGES /0978 - PROFESSIONAL CHARGES FOR OCCUPATIONAL THERAPY
0979 - Professional charges for speech pathology,24093,/PRODUCTION/SERVICES AND PROCEDURES/FACILITY/MISCELLANEOUS/PROFESSIONAL FACILITY CHARGES /0979 - PROFESSIONAL CHARGES FOR SPEECH PATHOLOGY
0981 - Professional charges for emergency room,24094,/PRODUCTION/SERVICES AND PROCEDURES/FACILITY/MISCELLANEOUS/PROFESSIONAL FACILITY CHARGES /0981 - PROFESSIONAL CHARGES FOR EMERGENCY ROOM
0982 - Professional charges for outpatient services,24095,/PRODUCTION/SERVICES AND PROCEDURES/FACILITY/MISCELLANEOUS/PROFESSIONAL FACILITY CHARGES /0982 - PROFESSIONAL CHARGES FOR OUTPATIENT SERVICES
0983 - Professional charges for clinic,24096,/PRODUCTION/SERVICES AND PROCEDURES/FACILITY/MISCELLANEOUS/PROFESSIONAL FACILITY CHARGES /0983 - PROFESSIONAL CHARGES FOR CLINIC
0984 - Professional charges for medical social services,24097,/PRODUCTION/SERVICES AND PROCEDURES/FACILITY/MISCELLANEOUS/PROFESSIONAL FACILITY CHARGES/0984 - PROFESSIONAL CHARGES FOR MEDICAL SOCIAL SERVICES
0985 - Professional charges for electrocardiogram,24098,/PRODUCTION/SERVICES AND PROCEDURES/FACILITY/MISCELLANEOUS/PROFESSIONAL FACILITY CHARGES/0985 - PROFESSIONAL CHARGES FOR ELECTROCARDIOGRAM
0986 - Professional charges for electroencephalogram,24099,/PRODUCTION/SERVICES AND PROCEDURES/FACILITY/MISCELLANEOUS/PROFESSIONAL FACILITY CHARGES/0986 - PROFESSIONAL CHARGES FOR ELECTROENCEPHALOGRAM
0987 - Professional charges for hospital visit,24100,/PRODUCTION/SERVICES AND PROCEDURES/FACILITY/MISCELLANEOUS/PROFESSIONAL FACILITY CHARGES /0987 - PROFESSIONAL CHARGES FOR HOSPITAL VISIT
0988 - Professional charges for consultation,24101,/PRODUCTION/SERVICES AND PROCEDURES/FACILITY/MISCELLANEOUS/PROFESSIONAL FACILITY CHARGES /0988 - PROFESSIONAL CHARGES FOR CONSULTATION
0989 - Professional charges for private duty nurse,24102,/PRODUCTION/SERVICES AND PROCEDURES/FACILITY/PRIVATE DUTY NURSING/0989 - PROFESSIONAL CHARGES FOR PRIVATE DUTY NURSE
0990 - General classification for patient convenience items during stay,24191,"/PRODUCTION/SERVICES AND PROCEDURES/FACILITY/INPATIENT HOSPITAL/ROOM, BOARD AND NURSING CHARGES/PATIENT CONVENIENCE ITEMS/0990 - GENERAL CLASSIFICATION"
0991 - Cafeteria/Guest Tray,24192,"/PRODUCTION/SERVICES AND PROCEDURES/FACILITY/INPATIENT HOSPITAL/ROOM, BOARD AND NURSING CHARGES/PATIENT CONVENIENCE ITEMS/0991 - CAFETERIA/GUEST TRAY"
0992 - Private Linen Service,24193,"/PRODUCTION/SERVICES AND PROCEDURES/FACILITY/INPATIENT HOSPITAL/ROOM, BOARD AND NURSING CHARGES/PATIENT CONVENIENCE ITEMS/0992 - PRIVATE LINEN SERVICE"
0993 - Telephone/Telegraph,24194,"/PRODUCTION/SERVICES AND PROCEDURES/FACILITY/INPATIENT HOSPITAL/ROOM, BOARD AND NURSING CHARGES/PATIENT CONVENIENCE ITEMS/0993 - TELEPHONE/TELEGRAPH"
0994 - TV/Radio,24195,"/PRODUCTION/SERVICES AND PROCEDURES/FACILITY/INPATIENT HOSPITAL/ROOM, BOARD AND NURSING CHARGES/PATIENT CONVENIENCE ITEMS/0994 - TV/RADIO"
0995 - Nonpatient Room Rentals,24196,"/PRODUCTION/SERVICES AND PROCEDURES/FACILITY/INPATIENT HOSPITAL/ROOM, BOARD AND NURSING CHARGES/PATIENT CONVENIENCE ITEMS/0995 - NONPATIENT ROOM RENTALS"
0996 - Late Discharge Charge,24197,"/PRODUCTION/SERVICES AND PROCEDURES/FACILITY/INPATIENT HOSPITAL/ROOM, BOARD AND NURSING CHARGES/PATIENT CONVENIENCE ITEMS/0996 - LATE DISCHARGE CHARGE"
0997 - Admission Kits,24198,"/PRODUCTION/SERVICES AND PROCEDURES/FACILITY/INPATIENT HOSPITAL/ROOM, BOARD AND NURSING CHARGES/PATIENT CONVENIENCE ITEMS/0997 - ADMISSION KITS"
0998 - Beauty Shop/Barber,24199,"/PRODUCTION/SERVICES AND PROCEDURES/FACILITY/INPATIENT HOSPITAL/ROOM, BOARD AND NURSING CHARGES/PATIENT CONVENIENCE ITEMS/0998 - BEAUTY SHOP/BARBER"
0999 - Other Patient Convenience,24200,"/PRODUCTION/SERVICES AND PROCEDURES/FACILITY/INPATIENT HOSPITAL/ROOM, BOARD AND NURSING CHARGES/PATIENT CONVENIENCE ITEMS/0999 - OTHER PATIENT CONVENIENCE"
1000 - General Classification,63240,/PRODUCTION/SERVICES AND PROCEDURES/FACILITY/INPATIENT HOSPITAL/PSYCHIATRY AND MENTAL HEALTH/BEHAVIORAL HEALTH SERVICES/1000 - GENERAL CLASSIFICATION
1001 - Residential Psychiatric,63241,/PRODUCTION/SERVICES AND PROCEDURES/FACILITY/INPATIENT HOSPITAL/PSYCHIATRY AND MENTAL HEALTH/RESIDENTIAL PSYCHIATRIC/1001 - RESIDENTIAL PSYCHIATRIC
1002 - Residential - Chemical Dependency,63242,/PRODUCTION/SERVICES AND PROCEDURES/FACILITY/INPATIENT HOSPITAL/PSYCHIATRY AND MENTAL HEALTH/BEHAVIORAL HEALTH SERVICES/1002 - RESIDENTIAL - CHEMICAL DEPENDENCY
1003 - Supervised Living,63243,/PRODUCTION/SERVICES AND PROCEDURES/FACILITY/INPATIENT HOSPITAL/PSYCHIATRY AND MENTAL HEALTH/BEHAVIORAL HEALTH SERVICES/1003 - SUPERVISED LIVING
1004 - Halfway House,63244,/PRODUCTION/SERVICES AND PROCEDURES/FACILITY/INPATIENT HOSPITAL/PSYCHIATRY AND MENTAL HEALTH/BEHAVIORAL HEALTH SERVICES/1004 - HALFWAY HOUSE
1005 - Group Home,63245,/PRODUCTION/SERVICES AND PROCEDURES/FACILITY/INPATIENT HOSPITAL/PSYCHIATRY AND MENTAL HEALTH/BEHAVIORAL HEALTH SERVICES/1005 - GROUP HOME
1006 - Outdoor/Wilderness Behavioral Healthcare,2373648,/PRODUCTION/SERVICES AND PROCEDURES/FACILITY/INPATIENT HOSPITAL/PSYCHIATRY AND MENTAL HEALTH/BEHAVIORAL HEALTH SERVICES/1006 - OUTDOOR/WILDERNESS BEHAVIORAL HEALTHCARE
2013 Add On Codes,2319972,/PRODUCTION/SERVICES AND PROCEDURES/PROFESSIONAL/PROFESSIONAL PSYCHIATRIC SERVICES/2013 ADD ON CODES
"2013 Inpatient, outpatient or office psychotherapy",2319971,"/PRODUCTION/SERVICES AND PROCEDURES/PROFESSIONAL/PSYCHIATRIC SERVICES/PSYCHIATRIC THERAPEUTIC PROCEDURES/OFFICE OR OTHER OUTPATIENT FACILITY/2013 INPATIENT, OUTPATIENT OR OFFICE PSYCHOTHERAPY"
2100 - General Classification,60580,/PRODUCTION/SERVICES AND PROCEDURES/FACILITY/ALTERNATIVE THERAPY SERVICES/2100 - GENERAL CLASSIFICATION
2102 - Accupressure,60582,/PRODUCTION/SERVICES AND PROCEDURES/FACILITY/ALTERNATIVE THERAPY SERVICES/2102 - ACCUPRESSURE
2103 - Massage,60583,/PRODUCTION/SERVICES AND PROCEDURES/FACILITY/ALTERNATIVE THERAPY SERVICES/2103 - MASSAGE
2104 - Reflexology,60584,/PRODUCTION/SERVICES AND PROCEDURES/FACILITY/ALTERNATIVE THERAPY SERVICES/2104 - REFLEXOLOGY
2105 - Biofeedback,60585,/PRODUCTION/SERVICES AND PROCEDURES/FACILITY/INPATIENT HOSPITAL/BIOFEEDBACK/2105 - BIOFEEDBACK
2106 - Hypnosis,60586,/PRODUCTION/SERVICES AND PROCEDURES/FACILITY/ALTERNATIVE THERAPY SERVICES/2106 - HYPNOSIS
2109 - Other,60587,/PRODUCTION/SERVICES AND PROCEDURES/FACILITY/ALTERNATIVE THERAPY SERVICES/2109 - OTHER
3100 - Not used,63212,/PRODUCTION/SERVICES AND PROCEDURES/FACILITY/MISCELLANEOUS/FACILITY CHARGES FOR ADULT CARE/3100 - NOT USED
"3101 - Adult day care, medical and social, hourly",63213,"/PRODUCTION/SERVICES AND PROCEDURES/FACILITY/MISCELLANEOUS/FACILITY CHARGES FOR ADULT CARE/3101 - ADULT DAY CARE, MEDICAL AND SOCIAL, HOURLY"
"3102 - Adult day care, social - hourly",63214,"/PRODUCTION/SERVICES AND PROCEDURES/FACILITY/MISCELLANEOUS/FACILITY CHARGES FOR ADULT CARE/3102 - ADULT DAY CARE, SOCIAL - HOURLY"
"3103 - Adult day care, medical and social, daily",63215,"/PRODUCTION/SERVICES AND PROCEDURES/FACILITY/MISCELLANEOUS/FACILITY CHARGES FOR ADULT CARE/3103 - ADULT DAY CARE, MEDICAL AND SOCIAL, DAILY"
"3104 - Adult day care, social - daily",63216,"/PRODUCTION/SERVICES AND PROCEDURES/FACILITY/MISCELLANEOUS/FACILITY CHARGES FOR ADULT CARE/3104 - ADULT DAY CARE, SOCIAL - DAILY"
3105 - Adult foster care - daily,63217,/PRODUCTION/SERVICES AND PROCEDURES/FACILITY/MISCELLANEOUS/FACILITY CHARGES FOR ADULT CARE/3105 - ADULT FOSTER CARE - DAILY
3109 - Other adult care,63218,/PRODUCTION/SERVICES AND PROCEDURES/FACILITY/MISCELLANEOUS/FACILITY CHARGES FOR ADULT CARE/3109 - OTHER ADULT CARE
Abdomen and Retroperitoneum,18672,/PRODUCTION/SERVICES AND PROCEDURES/PROFESSIONAL/RADIOLOGY/DIAGNOSTIC RADIOLOGY/ULTRASOUND/ABDOMEN AND RETROPERITONEUM
"Abdomen, Peritoneum, and Omentum",16000,"/PRODUCTION/SERVICES AND PROCEDURES/PROFESSIONAL/SURGICAL PROCEDURES/DIGESTIVE SYSTEM/ABDOMEN, PERITONEUM, AND OMENTUM"
Abdominaloplasty,2016774,/PRODUCTION/SERVICES AND PROCEDURES/PROFESSIONAL/SURGICAL PROCEDURES/COSMETIC AND RECONSTRUCTIVE SURGERY PROCEDURES/RECONSTRUCTIVE PROCEDURES/ABDOMINALOPLASTY
Abortion,17385,/PRODUCTION/SERVICES AND PROCEDURES/PROFESSIONAL/SURGICAL PROCEDURES/ABORTION
Abutment - Other,2383609,/PRODUCTION/SERVICES AND PROCEDURES/DENTAL/ALVEOPLASTY/IMPLANT DENTAL SERVICES/ABUTMENT - OTHER
Abutment placement,63020,/PRODUCTION/SERVICES AND PROCEDURES/DENTAL/ALVEOPLASTY/IMPLANT DENTAL SERVICES/ABUTMENT PLACEMENT
Abutment Supported,2385506,/PRODUCTION/SERVICES AND PROCEDURES/DENTAL/ALVEOPLASTY/DENTAL PROSTHODONTICS/FIXED/FIXED PARTIAL DENTURE RETAINERS - CROWN/ABUTMENT SUPPORTED
Accessories,2327437,/PRODUCTION/SERVICES AND PROCEDURES/PROFESSIONAL/DURABLE MEDICAL EQUIPMENT/CAPPED RENTAL DME/WHEELCHAIRS/ACCESORIES
Accessory Sinuses,15115,/PRODUCTION/SERVICES AND PROCEDURES/PROFESSIONAL/SURGICAL PROCEDURES/RESPIRATORY SYSTEM/ACCESSORY SINUSES
Acne surgery/Chemical Peels,2016773,/PRODUCTION/SERVICES AND PROCEDURES/PROFESSIONAL/SURGICAL PROCEDURES/COSMETIC AND RECONSTRUCTIVE SURGERY PROCEDURES/RECONSTRUCTIVE PROCEDURES/ACNE SURGERY/CHEMICAL PEELS
Acquisition of body components/Donor facility charges,52635,/PRODUCTION/SERVICES AND PROCEDURES/FACILITY/INPATIENT HOSPITAL/SURGICAL CHARGES/TRANSPLANTATION CHARGES/ACQUISITION OF BODY COMPONENTS/DONOR FACILITY CHARGES
Active wound care management,12804,/PRODUCTION/SERVICES AND PROCEDURES/PROFESSIONAL/DIAGNOSTIC SERVICES/ACTIVE WOUND CARE MANAGEMENT
Acute care room and board,12905,"/PRODUCTION/SERVICES AND PROCEDURES/FACILITY/INPATIENT HOSPITAL/ROOM, BOARD AND NURSING CHARGES/ACUTE CARE"
Adaptive behavior services,2373906,/PRODUCTION/SERVICES AND PROCEDURES/PROFESSIONAL/AUTISM MANDATE/ADAPTIVE BEHAVIOR SERVICES
Additional Incontinence Appliances/Supplies,20971,/PRODUCTION/SERVICES AND PROCEDURES/PROFESSIONAL/MEDICAL AND SURGICAL SUPPLIES/INCONTINENCE SUPPLIES/ADDITIONAL INCONTINENCE APPLIANCES/SUPPLIES
Additional Miscellaneous Supplies,20965,/PRODUCTION/SERVICES AND PROCEDURES/PROFESSIONAL/MEDICAL AND SURGICAL SUPPLIES/ADDITIONAL MISCELLANEOUS SUPPLIES
Additional Ostomy Supplies,20970,/PRODUCTION/SERVICES AND PROCEDURES/MARK-UP TOPICS ONLY/ADDITIONAL OSTOMY SUPPLIES
Additional Oxygen Related Equipment,21429,/PRODUCTION/SERVICES AND PROCEDURES/PROFESSIONAL/DURABLE MEDICAL EQUIPMENT/OXYGEN AND BREATHING EQUIPMENT/ADDITIONAL OXYGEN RELATED EQUIPMENT
Additional Vaccines,2317329,/PRODUCTION/SERVICES AND PROCEDURES/PROFESSIONAL/NHCR/PPACA/ADDITIONAL VACCINES
Adjacent Tissue Transfer or Rearrangement,13314,/PRODUCTION/SERVICES AND PROCEDURES/PROFESSIONAL/SURGICAL PROCEDURES/INTEGUMENTARY SYSTEM/REPAIR (CLOSURE)/ADJACENT TISSUE TRANSFER OR REARRANGEMENT
Adjustments to removable prostheses,66549,/PRODUCTION/SERVICES AND PROCEDURES/DENTAL/CLASS II BASIC SERVICES/BASIC PROSTHODONTIC SERVICES (TYPE A)/ADJUSTMENTS TO REMOVABLE PROSTHESES
Administration - Medical or Preventive,12746,/PRODUCTION/SERVICES AND PROCEDURES/PROFESSIONAL/PREVENTIVE SERVICES/IMMUNIZATIONS/ADMINISTRATION - MEDICAL OR PREVENTIVE
Administration through DME,2429663,/PRODUCTION/SERVICES AND PROCEDURES/PROFESSIONAL/INJECTIONS AND INFUSIONS/INSULIN/ADMINISTRATION THROUGH DME
Administrative Fee,60201,/PRODUCTION/SERVICES AND PROCEDURES/PRESCRIPTION DRUG PROGRAM/ADMINISTRATIVE FEE
"Administrative, Miscellaneous and Investigational Supplies",20975,"/PRODUCTION/SERVICES AND PROCEDURES/PROFESSIONAL/MEDICAL AND SURGICAL SUPPLIES/ADMINISTRATIVE, MISCELLANEOUS AND INVESTIGATIONAL"
Adult Foster Care services,62861,/PRODUCTION/SERVICES AND PROCEDURES/PROFESSIONAL/MISCELLANEOUS/ADULT FOSTER CARE SERVICES
Advance care planning,2333396,/PRODUCTION/SERVICES AND PROCEDURES/PROFESSIONAL/CARE PLANNING/ADVANCE CARE PLANNING
AIDS/HIV Screening,2320973,/PRODUCTION/SERVICES AND PROCEDURES/PROFESSIONAL/NHCR/PPACA/PATHOLOGY & LABORATORY/AIDS/HIV SCREENING
Air ambulance services,60442,/PRODUCTION/SERVICES AND PROCEDURES/PROFESSIONAL/AMBULANCE/EMERGENCY AMBULANCE SERVICES/AIR AMBULANCE SERVICES
Air contrast barium enema,52661,/PRODUCTION/SERVICES AND PROCEDURES/PROFESSIONAL/RADIOLOGY/DIAGNOSTIC RADIOLOGY/XRAY AND OTHER IMAGING/AIR CONTRAST BARIUM ENEMA
Alcohol and drug abuse treatment,12718,/PRODUCTION/SERVICES AND PROCEDURES/PROFESSIONAL/ALCOHOL AND DRUG ABUSE TREATMENT
Alcohol/Drug Assessment,2317279,/PRODUCTION/SERVICES AND PROCEDURES/PROFESSIONAL/NHCR/PPACA/ALCOHOL/DRUG ASSESSMENT
All inclusive rate for room board and ancillary facility charges,60561,"/PRODUCTION/SERVICES AND PROCEDURES/FACILITY/INPATIENT HOSPITAL/ROOM, BOARD AND NURSING CHARGES/ALL INCLUSIVE RATE FOR ROOM BOARD AND ANCILLARY FACILITY CHARGES"
Allergen Immunotherapy,20562,/PRODUCTION/SERVICES AND PROCEDURES/PROFESSIONAL/ALLERGY AND CLINICAL IMMUNOLOGY/ALLERGEN IMMUNOTHERAPY
Allergy and clinical immunology,"52717,12789",/PRODUCTION/SERVICES AND PROCEDURES/FACILITY/INPATIENT HOSPITAL/ALLERGY AND CLINICAL IMMUNOLOGY | /PRODUCTION/SERVICES AND PROCEDURES/PROFESSIONAL/ALLERGY AND CLINICAL IMMUNOLOGY
Allogeneic bone marrow transplantation,12846,/PRODUCTION/SERVICES AND PROCEDURES/PROFESSIONAL/SURGICAL PROCEDURES/TRANSPLANTATION/BASIC ORGAN/BONE MARROW/ALLOGENEIC
Allograft and Graft,2395448,/PRODUCTION/SERVICES AND PROCEDURES/PROFESSIONAL/SURGICAL PROCEDURES/MUSCULOSKELETAL SYSTEM/GENERAL/GRAFTS (OR IMPLANTS)/ALLOGRAFT AND GRAFT
Alternative therapy services,60579,/PRODUCTION/SERVICES AND PROCEDURES/FACILITY/ALTERNATIVE THERAPY SERVICES
Ambulance,82179,/PRODUCTION/SERVICES AND PROCEDURES/PROFESSIONAL/AMBULANCE
Ambulance and other transportation,52715,/PRODUCTION/SERVICES AND PROCEDURES/FACILITY/AMBULANCE AND OTHER TRANSPORTATION
Ambulance and other transportation services,12719,/PRODUCTION/SERVICES AND PROCEDURES/MARK-UP TOPICS ONLY/AMBULANCE AND OTHER TRANSPORTATION SERVICES
Ambulance basic life support services (BLS),60434,/PRODUCTION/SERVICES AND PROCEDURES/PROFESSIONAL/AMBULANCE/AMBULANCE BASIC LIFE SUPPORT SERVICES (BLS)
Ambulance waiting time,60437,/PRODUCTION/SERVICES AND PROCEDURES/PROFESSIONAL/AMBULANCE/EMERGENCY AMBULANCE SERVICES/AMBULANCE WAITING TIME
Ambulanced advance life support services (ALS),60435,/PRODUCTION/SERVICES AND PROCEDURES/PROFESSIONAL/AMBULANCE/AMBULANCED ADVANCE LIFE SUPPORT SERVICES (ALS)
Ambulatory surgical services,86458,/PRODUCTION/SERVICES AND PROCEDURES/FACILITY/AMBULATORY SURGICAL SERVICES
Amputation,"13743,13757,59921,13730,13718,13749,13737,13711",/PRODUCTION/SERVICES AND PROCEDURES/PROFESSIONAL/SURGICAL PROCEDURES/MUSCULOSKELETAL SYSTEM/FEMUR (THIGH REGION) AND KNEE JOINT/AMPUTATION | /PRODUCTION/SERVICES AND PROCEDURES/PROFESSIONAL/SURGICAL PROCEDURES/MUSCULOSKELETAL SYSTEM/FOOT AND TOES/AMPUTATION
Amputee,2327439,/PRODUCTION/SERVICES AND PROCEDURES/PROFESSIONAL/DURABLE MEDICAL EQUIPMENT/CAPPED RENTAL DME/WHEELCHAIRS/AMPUTEE
Anatomic pathology,12899,/PRODUCTION/SERVICES AND PROCEDURES/PROFESSIONAL/PATHOLOGY AND LABORATORY/ANATOMIC PATHOLOGY
Anesthesia,"23919,12867",/PRODUCTION/SERVICES AND PROCEDURES/FACILITY/INPATIENT HOSPITAL/ANESTHESIA | /PRODUCTION/SERVICES AND PROCEDURES/PROFESSIONAL/ANESTHESIA
Anesthesia professional services,82159,/PRODUCTION/SERVICES AND PROCEDURES/MARK-UP TOPICS ONLY/SURGERY AND ANESTHESIA/ANESTHESIA PROFESSIONAL SERVICES
Angioscopy,60322,/PRODUCTION/SERVICES AND PROCEDURES/PROFESSIONAL/SURGICAL PROCEDURES/CARDIOVASCULAR SYSTEM/ARTERIES AND VEINS/ANGIOSCOPY
Aniseikonic lenses,60431,/PRODUCTION/SERVICES AND PROCEDURES/MARK-UP TOPICS ONLY/ANISEIKONIC LENSES
Antepartum Services,17379,/PRODUCTION/SERVICES AND PROCEDURES/PROFESSIONAL/MATERNITY CARE/CARE AND DELIVERY/ANTEPARTUM SERVICES
Anterior Chamber,17913,/PRODUCTION/SERVICES AND PROCEDURES/PROFESSIONAL/SURGICAL PROCEDURES/EYE AND OCULAR ADNEXA/ANTERIOR SEGMENT/ANTERIOR CHAMBER
Anterior or Anterolateral Approach for Extradural,17460,/PRODUCTION/SERVICES AND PROCEDURES/PROFESSIONAL/SURGICAL PROCEDURES/NERVOUS SYSTEM/SPINE AND SPINAL CORD/ANTERIOR OR ANTEROLATERAL APPROACH FOR EXTRADURAL
Anterior or Anterolateral Approach Technique,13701,/PRODUCTION/SERVICES AND PROCEDURES/PROFESSIONAL/SURGICAL PROCEDURES/MUSCULOSKELETAL SYSTEM/SPINE (VERTEBRAL COLUMN)/ARTHRODESIS/ANTERIOR OR ANTEROLATERAL APPROACH TECHNIQUE
Anterior Sclera,17914,/PRODUCTION/SERVICES AND PROCEDURES/PROFESSIONAL/SURGICAL PROCEDURES/EYE AND OCULAR ADNEXA/ANTERIOR SEGMENT/ANTERIOR SCLERA
Anterior Segment,17904,/PRODUCTION/SERVICES AND PROCEDURES/PROFESSIONAL/SURGICAL PROCEDURES/EYE AND OCULAR ADNEXA/ANTERIOR SEGMENT
Anti-rejection drugs for transplantation,60078,/PRODUCTION/SERVICES AND PROCEDURES/PROFESSIONAL/SURGICAL PROCEDURES/TRANSPLANTATION/ANTI-REJECTION DRUGS FOR TRANSPLANTATION
Anticoagulant Management,87934,/PRODUCTION/SERVICES AND PROCEDURES/PROFESSIONAL/ANTICOAGULANT MANAGEMENT
Antineoplastic drugs,12939,/PRODUCTION/SERVICES AND PROCEDURES/PROFESSIONAL/CHEMOTHERAPY/ANTINEOPLASTIC DRUGS
Anus,15996,/PRODUCTION/SERVICES AND PROCEDURES/PROFESSIONAL/SURGICAL PROCEDURES/DIGESTIVE SYSTEM/ANUS
Aortic Anomalies,15407,/PRODUCTION/SERVICES AND PROCEDURES/PROFESSIONAL/SURGICAL PROCEDURES/CARDIOVASCULAR SYSTEM/HEART AND PERICARDIUM/AORTIC ANOMALIES
Appendix,15994,/PRODUCTION/SERVICES AND PROCEDURES/PROFESSIONAL/SURGICAL PROCEDURES/DIGESTIVE SYSTEM/APPENDIX
Application and Accessories,2433860,/PRODUCTION/SERVICES AND PROCEDURES/PROFESSIONAL/NHCR/PPACA/CONTRACEPTION/APPLICATION AND ACCESSORIES
Application of Casts and Strapping,13680,/PRODUCTION/SERVICES AND PROCEDURES/PROFESSIONAL/SURGICAL PROCEDURES/MUSCULOSKELETAL SYSTEM/APPLICATION OF CASTS AND STRAPPING
Approach Procedures,17446,"/PRODUCTION/SERVICES AND PROCEDURES/PROFESSIONAL/SURGICAL PROCEDURES/NERVOUS SYSTEM/SKULL, MENINGES AND BRAIN/APPROACH PROCEDURES"
Arterial,15428,/PRODUCTION/SERVICES AND PROCEDURES/PROFESSIONAL/SURGICAL PROCEDURES/CARDIOVASCULAR SYSTEM/ADJUVANT TECHNIQUES/ARTERIAL
Arterial Grafting for Coronary Artery Bypass,15399,/PRODUCTION/SERVICES AND PROCEDURES/PROFESSIONAL/SURGICAL PROCEDURES/CARDIOVASCULAR SYSTEM/HEART AND PERICARDIUM/ARTERIAL GRAFTING FOR CORONARY ARTERY BYPASS
Arterial Transposition,15423,/PRODUCTION/SERVICES AND PROCEDURES/PROFESSIONAL/SURGICAL PROCEDURES/CARDIOVASCULAR SYSTEM/ADJUVANT TECHNIQUES/ARTERIAL TRANSPOSITION
Arthrodesis,"59954,13756,13724,13729,13717,13748,13736,13710,59725",/PRODUCTION/SERVICES AND PROCEDURES/PROFESSIONAL/SURGICAL PROCEDURES/MUSCULOSKELETAL SYSTEM/FEMUR (THIGH REGION) AND KNEE JOINT/ARTHRODESIS | /PRODUCTION/SERVICES AND PROCEDURES/PROFESSIONAL/SURGICAL PROCEDURES/MUSCULOSKELETAL SYSTEM/FOOT AND TOES/ARTHRODESIS
Arthroplasty and Arthrodesis,2395699,/PRODUCTION/SERVICES AND PROCEDURES/PROFESSIONAL/SURGICAL PROCEDURES/MUSCULOSKELETAL SYSTEM/LEG (TIBIA AND FIBULA) AND ANKLE JOINT/ARTHROPLASTY AND ARTHRODESIS
Arthroplasty and Prosthesis Removal,2395498,/PRODUCTION/SERVICES AND PROCEDURES/PROFESSIONAL/SURGICAL PROCEDURES/MUSCULOSKELETAL SYSTEM/HUMERUS (UPPER ARM) AND ELBOW/ARTHOPLASTY AND PROSTHESIS REMOVAL
Arthroplasty with Prosthesis,2395598,"/PRODUCTION/SERVICES AND PROCEDURES/PROFESSIONAL/SURGICAL PROCEDURES/MUSCULOSKELETAL SYSTEM/FOREARM AND WRIST/REPAIR, REVISION AND/OR RECONSTRUCTION/ARTHROPLASTY W/PROSTHETIC REPLACEMENT;; REVISE, RECONSTRUCT OR REPLACEMENT"
"Arthroscopy, Shoulder and Lower Extremities",2395948,"/PRODUCTION/SERVICES AND PROCEDURES/PROFESSIONAL/SURGICAL PROCEDURES/MUSCULOSKELETAL SYSTEM/ENDOSCOPY/ ARTHROSCOPY/ARTHROSCOPY, SHOULDER AND LOWER EXTREMITIES"
Artificial Kidney Machines and Accessories,21430,/PRODUCTION/SERVICES AND PROCEDURES/PROFESSIONAL/DURABLE MEDICAL EQUIPMENT/ARTIFICIAL KIDNEY MACHINES AND ACCESSORIES
Assisted Reproductive Techniques,2432963,/PRODUCTION/SERVICES AND PROCEDURES/PROFESSIONAL/INFERTILITY SERVICES/INFERTILITY TREATMENT/ASSISTED REPRODUCTIVE TECHNIQUES
Assistive listening device,68287,/PRODUCTION/SERVICES AND PROCEDURES/HEARING/HEARING AIDS/ASSISTIVE LISTENING DEVICE
Attachments,21398,"/PRODUCTION/SERVICES AND PROCEDURES/PROFESSIONAL/DURABLE MEDICAL EQUIPMENT/CANES, CRUTCHES, WALKERS/ATTACHMENTS"
Audiologic Function Tests With Medical Diagnostic,38311,/PRODUCTION/SERVICES AND PROCEDURES/PROFESSIONAL/DIAGNOSTIC SERVICES/OTORHINOLARYNGOLOGIC SERVICES/AUDIOLOGIC FUNCTION TESTS WITH MEDICAL DIAGNOSTIC
Audiology,23869,/PRODUCTION/SERVICES AND PROCEDURES/FACILITY/INPATIENT HOSPITAL/AUDIOLOGY
Audiometric examination,52764,/PRODUCTION/SERVICES AND PROCEDURES/HEARING/EXAMINATION/EVALUATION/AUDIOMETRIC EXAMINATION
Auditory system surgery and anesthesia,12866,/PRODUCTION/SERVICES AND PROCEDURES/PROFESSIONAL/SURGICAL PROCEDURES/AUDITORY SYSTEM
Autism mandate,2318919,/PRODUCTION/SERVICES AND PROCEDURES/PROFESSIONAL/AUTISM MANDATE
Autologous bone marrow transplantation,12844,/PRODUCTION/SERVICES AND PROCEDURES/PROFESSIONAL/SURGICAL PROCEDURES/TRANSPLANTATION/BASIC ORGAN/BONE MARROW/AUTOLOGOUS
Automated Multichannel,60263,/PRODUCTION/SERVICES AND PROCEDURES/PROFESSIONAL/PATHOLOGY AND LABORATORY/AUTOMATED MULTICHANNEL
Automatic external defibrillator (AED) and related supplies,63951,/PRODUCTION/SERVICES AND PROCEDURES/PROFESSIONAL/DURABLE MEDICAL EQUIPMENT/CAPPED RENTAL DME/AUTOMATIC EXTERNAL DEFIBRILLATOR (AED)
Autonomic Function Tests,81322,/PRODUCTION/SERVICES AND PROCEDURES/PROFESSIONAL/DIAGNOSTIC SERVICES/NEUROLOGY AND NEUROMUSCULAR PROCEDURES/AUTONOMIC FUNCTION TESTS
Basic Life and/or Disability Evaluation Services,60198,"/PRODUCTION/SERVICES AND PROCEDURES/PROFESSIONAL/OFFICE, OUTPATIENT AND HOME MEDICAL CARE VISITS/SPECIAL SERVICES/BASIC LIFE AND/OR DISABILITY EVALUATION SERVICES"
Basic organ transplantation,52359,/PRODUCTION/SERVICES AND PROCEDURES/PROFESSIONAL/SURGICAL PROCEDURES/TRANSPLANTATION/BASIC ORGAN
Basic Prosthodontic Services (Type A),2380848,/PRODUCTION/SERVICES AND PROCEDURES/DENTAL/CLASS II BASIC SERVICES/BASIC PROSTHODONTIC SERVICES (TYPE A)
Bath and Toilet Aids,21402,/PRODUCTION/SERVICES AND PROCEDURES/PROFESSIONAL/DURABLE MEDICAL EQUIPMENT/BATH AND TOILET AIDS
"Behavior change interventions, individual",2006654,"/PRODUCTION/SERVICES AND PROCEDURES/PROFESSIONAL/PREVENTIVE SERVICES/EVALUATION AND MANAGEMENT - HEALTH MAINTENANCE EXAM OR GYNECOLOGICAL EXAM/COUNSELING OR RISK FACTOR REDUCTION INTERVENTION/BEHAVIOR CHANGE INTERVENTIONS, INDIVIDUAL"
Bicro hearing aid,68234,/PRODUCTION/SERVICES AND PROCEDURES/HEARING/HEARING AIDS/BICROS
Bifocal lense,60422,/PRODUCTION/SERVICES AND PROCEDURES/PROFESSIONAL/PROSTHETICS AND ORTHOTICS/PROSTHETIC DEVICE/SPECTACLE LENSES/BIFOCAL LENSE
Bilateral hearing aid,68232,/PRODUCTION/SERVICES AND PROCEDURES/HEARING/HEARING AIDS/BILATERAL
Biliary Tract,15998,/PRODUCTION/SERVICES AND PROCEDURES/PROFESSIONAL/SURGICAL PROCEDURES/DIGESTIVE SYSTEM/BILIARY TRACT
Binaural hearing aids,60408,/PRODUCTION/SERVICES AND PROCEDURES/HEARING/HEARING AIDS/BINAURAL
Biofeedback,"52718,12754",/PRODUCTION/SERVICES AND PROCEDURES/FACILITY/INPATIENT HOSPITAL/BIOFEEDBACK | /PRODUCTION/SERVICES AND PROCEDURES/PROFESSIONAL/BIOFEEDBACK
Biopsy,13290,"/PRODUCTION/SERVICES AND PROCEDURES/PROFESSIONAL/SURGICAL PROCEDURES/INTEGUMENTARY SYSTEM/SKIN, SUBCUTANEOUS AND ACCESSORY STRUCTURES/BIOPSY"
Biopsy procedures,2323246,/PRODUCTION/SERVICES AND PROCEDURES/PROFESSIONAL/SURGICAL PROCEDURES/INTEGUMENTARY SYSTEM/BREAST/BIOPSY PROCEDURES
Bitewing,89772,/PRODUCTION/SERVICES AND PROCEDURES/DENTAL/BASIC/DENTAL RADIOGRAPHS/BITEWING
Bladder,16734,/PRODUCTION/SERVICES AND PROCEDURES/PROFESSIONAL/SURGICAL PROCEDURES/URINARY SYSTEM/BLADDER
Blood glucose,52651,/PRODUCTION/SERVICES AND PROCEDURES/PROFESSIONAL/PREVENTIVE SERVICES/LABORATORY SERVICES/BLOOD GLUCOSE
Blood processing and storage,66914,/PRODUCTION/SERVICES AND PROCEDURES/FACILITY/AMBULATORY SURGICAL SERVICES/BLOOD PROCESSING AND STORAGE
Blood products,66913,"/PRODUCTION/SERVICES AND PROCEDURES/FACILITY/INPATIENT HOSPITAL/BLOOD PRODUCTS, STORAGE AND PROCESSING/BLOOD PRODUCTS"
"Blood products, storage and processing",12940,"/PRODUCTION/SERVICES AND PROCEDURES/FACILITY/INPATIENT HOSPITAL/BLOOD PRODUCTS, STORAGE AND PROCESSING"
Blood tests to evaluate bone marrow donor,52636,/PRODUCTION/SERVICES AND PROCEDURES/SURGERY AND ANESTHESIA/SURGICAL PROCEDURES/TRANSPLANTATION/BASIC ORGAN/BONE MARROW/BONE MARROW TRANSPLANT DONOR/BLOOD TESTS TO EVALUATE BONE MARROW DONOR
Blue Distinction Total Care,2336249,/PRODUCTION/SERVICES AND PROCEDURES/PROFESSIONAL/BLUE HEALTH CONNECT/VALUE BASED PROGRAM/BLUE DISTINCTION TOTAL CARE
Blue health connect,52788,/PRODUCTION/SERVICES AND PROCEDURES/PROFESSIONAL/BLUE HEALTH CONNECT
Body and Upper Extremity,13758,/PRODUCTION/SERVICES AND PROCEDURES/PROFESSIONAL/SURGICAL PROCEDURES/MUSCULOSKELETAL SYSTEM/APPLICATION OF CASTS AND STRAPPING/BODY AND UPPER EXTREMITY
Bone Density,2010435,/PRODUCTION/SERVICES AND PROCEDURES/PROFESSIONAL/RADIOLOGY/DIAGNOSTIC RADIOLOGY/XRAY AND OTHER IMAGING/BONE DENSITY
Bone Marrow or Stem Cell Services/Procedures,60289,/PRODUCTION/SERVICES AND PROCEDURES/PROFESSIONAL/SURGICAL PROCEDURES/HEMIC AND LYMPHATIC SYSTEM/GENERAL/BONE MARROW OR STEM CELL SERVICES/PROCEDURES
Bone marrow transplant registry search,52637,/PRODUCTION/SERVICES AND PROCEDURES/SURGERY AND ANESTHESIA/SURGICAL PROCEDURES/TRANSPLANTATION/BASIC ORGAN/BONE MARROW/BONE MARROW TRANSPLANT DONOR/BONE MARROW TRANSPLANT REGISTRY SEARCH
Bone marrow transplantation,12843,/PRODUCTION/SERVICES AND PROCEDURES/PROFESSIONAL/SURGICAL PROCEDURES/TRANSPLANTATION/BASIC ORGAN/BONE MARROW
BPCI Advanced,2372848,"/PRODUCTION/SERVICES AND PROCEDURES/PROFESSIONAL/OFFICE, OUTPATIENT AND HOME MEDICAL CARE VISITS/BPCI ADVANCED"
Brand name drug,60065,/PRODUCTION/SERVICES AND PROCEDURES/PRESCRIPTION DRUG PROGRAM/BRAND NAME DRUG
Breast,2441530,/PRODUCTION/SERVICES AND PROCEDURES/PROFESSIONAL/RADIOLOGY/DIAGNOSTIC RADIOLOGY/MRI/MRA/BREAST
Breast Cancer,2322037,/PRODUCTION/SERVICES AND PROCEDURES/PROFESSIONAL/PATHOLOGY AND LABORATORY/CYTOGENIC/BREAST CANCER
Breast Exam,2010413,/PRODUCTION/SERVICES AND PROCEDURES/PROFESSIONAL/PREVENTIVE SERVICES/EVALUATION AND MANAGEMENT - HEALTH MAINTENANCE EXAM OR GYNECOLOGICAL EXAM/BREAST EXAM
Breast prosthetics and supplies,52520,/PRODUCTION/SERVICES AND PROCEDURES/PROFESSIONAL/PROSTHETICS AND ORTHOTICS/PROSTHETIC DEVICE/BREAST PROSTHETICS AND SUPPLIES
Breast Pump and supplies,2317287,/PRODUCTION/SERVICES AND PROCEDURES/PROFESSIONAL/NHCR/PPACA/BREAST PUMP AND SUPPLIES
Breast pump supplies,63164,/PRODUCTION/SERVICES AND PROCEDURES/MARK-UP TOPICS ONLY/BREAST PUMP SUPPLIES
Breast repair/reconstruction,2016777,/PRODUCTION/SERVICES AND PROCEDURES/PROFESSIONAL/SURGICAL PROCEDURES/COSMETIC AND RECONSTRUCTIVE SURGERY PROCEDURES/RECONSTRUCTIVE PROCEDURES/BREAST REPAIR/RECONSTRUCTION
Breast surgical procedures,13286,/PRODUCTION/SERVICES AND PROCEDURES/PROFESSIONAL/SURGICAL PROCEDURES/INTEGUMENTARY SYSTEM/BREAST
Burn Excisions or Debridement,13042,/PRODUCTION/SERVICES AND PROCEDURES/PROFESSIONAL/ANESTHESIA/BURN EXCISIONS OR DEBRIDEMENT
"Burns, Local Treatment",13320,"/PRODUCTION/SERVICES AND PROCEDURES/PROFESSIONAL/SURGICAL PROCEDURES/INTEGUMENTARY SYSTEM/REPAIR (CLOSURE)/BURNS, LOCAL TREATMENT"
Bypass Graft,15421,/PRODUCTION/SERVICES AND PROCEDURES/PROFESSIONAL/SURGICAL PROCEDURES/CARDIOVASCULAR SYSTEM/ARTERIES AND VEINS/BYPASS GRAFT
Canes,21395,"/PRODUCTION/SERVICES AND PROCEDURES/PROFESSIONAL/DURABLE MEDICAL EQUIPMENT/CANES, CRUTCHES, WALKERS/CANES"
"Canes, Crutches, Walkers",60357,"/PRODUCTION/SERVICES AND PROCEDURES/PROFESSIONAL/DURABLE MEDICAL EQUIPMENT/CANES, CRUTCHES, WALKERS"
Capped Rental DME,60366,/PRODUCTION/SERVICES AND PROCEDURES/PROFESSIONAL/DURABLE MEDICAL EQUIPMENT/CAPPED RENTAL DME
Cardiac Assist,15411,/PRODUCTION/SERVICES AND PROCEDURES/PROFESSIONAL/SURGICAL PROCEDURES/CARDIOVASCULAR SYSTEM/HEART AND PERICARDIUM/CARDIAC ASSIST
Cardiac catheterization,12782,/PRODUCTION/SERVICES AND PROCEDURES/PROFESSIONAL/SURGICAL PROCEDURES/CARDIOVASCULAR SYSTEM/CARDIAC CATHETERIZATION
Cardiac contractility modulation system,2332122,/PRODUCTION/SERVICES AND PROCEDURES/PROFESSIONAL/SURGICAL PROCEDURES/CARDIOVASCULAR SYSTEM/HEART AND PERICARDIUM/CARDIAC CONTRACTILITY MODULATION SYSTEM
Cardiac Tumor,15389,/PRODUCTION/SERVICES AND PROCEDURES/PROFESSIONAL/SURGICAL PROCEDURES/CARDIOVASCULAR SYSTEM/HEART AND PERICARDIUM/CARDIAC TUMOR
Cardiac Valves,15395,/PRODUCTION/SERVICES AND PROCEDURES/PROFESSIONAL/SURGICAL PROCEDURES/CARDIOVASCULAR SYSTEM/HEART AND PERICARDIUM/CARDIAC VALVES
Cardiography,12780,/PRODUCTION/SERVICES AND PROCEDURES/PROFESSIONAL/DIAGNOSTIC SERVICES/CARDIOGRAPHY
Cardiology,"23913,60529",/PRODUCTION/SERVICES AND PROCEDURES/FACILITY/INPATIENT HOSPITAL/CARDIOLOGY | /PRODUCTION/SERVICES AND PROCEDURES/FACILITY/INPATIENT HOSPITAL/CARDIOLOGY/CARDIOLOGY
Cardiology professional services,83840,/PRODUCTION/SERVICES AND PROCEDURES/MARK-UP TOPICS ONLY/CARDIOVASCULAR SERVICES/PROFESSIONAL
Cardiovascular services,"89313,12778",/PRODUCTION/SERVICES AND PROCEDURES/FACILITY/SKILLED NURSING FACILITY/CARDIOVASCULAR SERVICES | /PRODUCTION/SERVICES AND PROCEDURES/MARK-UP TOPICS ONLY/CARDIOVASCULAR SERVICES
Cardiovascular surgery - adjuvant techniques,60438,/PRODUCTION/SERVICES AND PROCEDURES/PROFESSIONAL/SURGICAL PROCEDURES/CARDIOVASCULAR SYSTEM/ADJUVANT TECHNIQUES
Cardiovascular surgery - arteries and veins,15387,/PRODUCTION/SERVICES AND PROCEDURES/PROFESSIONAL/SURGICAL PROCEDURES/CARDIOVASCULAR SYSTEM/ARTERIES AND VEINS
Cardiovascular surgery - central venous access device procedure,65829,/PRODUCTION/SERVICES AND PROCEDURES/PROFESSIONAL/SURGICAL PROCEDURES/CARDIOVASCULAR SYSTEM/CENTRAL VENOUS ACCESS DEVICE PROCEDURE
Cardiovascular surgery - heart and pericardium,15386,/PRODUCTION/SERVICES AND PROCEDURES/PROFESSIONAL/SURGICAL PROCEDURES/CARDIOVASCULAR SYSTEM/HEART AND PERICARDIUM
Cardiovascular System (Nuclear Med),18791,/PRODUCTION/SERVICES AND PROCEDURES/PROFESSIONAL/RADIOLOGY/NUCLEAR MEDICINE/DIAGNOSTIC/CARDIOVASCULAR SYSTEM (NUCLEAR MED)
Cardiovascular system surgery and anesthesia,12854,/PRODUCTION/SERVICES AND PROCEDURES/PROFESSIONAL/SURGICAL PROCEDURES/CARDIOVASCULAR SYSTEM
Cardiovascular therapeutic services,12779,/PRODUCTION/SERVICES AND PROCEDURES/PROFESSIONAL/DIAGNOSTIC SERVICES/CARDIOVASCULAR THERAPEUTIC SERVICES
Care Planning,2419105,/PRODUCTION/SERVICES AND PROCEDURES/PROFESSIONAL/CARE PLANNING
Cast room,12826,/PRODUCTION/SERVICES AND PROCEDURES/FACILITY/INPATIENT HOSPITAL/SURGICAL CHARGES/CAST ROOM
Cast Supplies,"2430711,84136",/PRODUCTION/SERVICES AND PROCEDURES/PROFESSIONAL/CAST SUPPLIES | /PRODUCTION/SERVICES AND PROCEDURES/PROFESSIONAL/CAST SUPPLIES/CAST SUPPLIES
"Cast, splint and sling supplies",60589,"/PRODUCTION/SERVICES AND PROCEDURES/PROFESSIONAL/MEDICAL AND SURGICAL SUPPLIES/CAST, SPLINT AND SLING SUPPLIES"
Casts,"59984,59988",/PRODUCTION/SERVICES AND PROCEDURES/PROFESSIONAL/SURGICAL PROCEDURES/MUSCULOSKELETAL SYSTEM/APPLICATION OF CASTS AND STRAPPING/BODY AND UPPER EXTREMITY/CASTS | /PRODUCTION/SERVICES AND PROCEDURES/PROFESSIONAL/SURGICAL PROCEDURES/MUSCULOSKELETAL SYSTEM/APPLICATION OF CASTS AND STRAPPING/LOWER EXTREMITY/CASTS
Cataract Surgery,52527,/PRODUCTION/SERVICES AND PROCEDURES/MARK-UP TOPICS ONLY/CATARACT SURGERY
Category II codes (tracking codes),65930,/PRODUCTION/SERVICES AND PROCEDURES/PROFESSIONAL/MISCELLANEOUS/CATEGORY II CODES (TRACKING CODES)
Category II Codes- Data Gathering,2421461,/PRODUCTION/SERVICES AND PROCEDURES/PROFESSIONAL/MISCELLANEOUS/DATA GATHERING CODES/CATEGORY II CODES- DATA GATHERING
Category III Codes (tracking/analysis codes),2444256,/PRODUCTION/SERVICES AND PROCEDURES/PROFESSIONAL/MISCELLANEOUS/CATEGORY III CODES (TRACKING/ANALYSIS CODES)
Catheter Implantation,17456,/PRODUCTION/SERVICES AND PROCEDURES/PROFESSIONAL/SURGICAL PROCEDURES/NERVOUS SYSTEM/SPINE AND SPINAL CORD/CATHETER IMPLANTATION
Cell/gene therapy,2376548,/PRODUCTION/SERVICES AND PROCEDURES/FACILITY/INPATIENT HOSPITAL/CHEMOTHERAPY/CELL/GENE THERAPY
Cerebrovascular Arterial Studies,20495,/PRODUCTION/SERVICES AND PROCEDURES/PROFESSIONAL/DIAGNOSTIC SERVICES/NON-INVASIVE VASCULAR DIAGNOSTIC STUDIES/CEREBROVASCULAR ARTERIAL STUDIES
Cervical-Thoracic-Lumbar-Sacral Orthosis (CTLSO),22564,/PRODUCTION/SERVICES AND PROCEDURES/PROFESSIONAL/PROSTHETICS AND ORTHOTICS/ORTHOTIC DEVICE/CERVICAL-THORACIC-LUMBAR-SACRAL ORTHOSIS (CTLSO)
Cervix Uteri,17175,/PRODUCTION/SERVICES AND PROCEDURES/PROFESSIONAL/SURGICAL PROCEDURES/FEMALE GENITAL SYSTEM/CERVIX UTERI
Cesarean Delivery,17383,/PRODUCTION/SERVICES AND PROCEDURES/PROFESSIONAL/MATERNITY CARE/CARE AND DELIVERY/CESAREAN DELIVERY
Chemistry laboratory tests,12894,/PRODUCTION/SERVICES AND PROCEDURES/PROFESSIONAL/PATHOLOGY AND LABORATORY/CHEMISTRY LABORATORY TESTS
Chemo ancillary or medical drugs,52386,/PRODUCTION/SERVICES AND PROCEDURES/PROFESSIONAL/CHEMOTHERAPY/CHEMO ANCILLARY OR MEDICAL DRUGS
Chemo swing or medical drugs,60555,/PRODUCTION/SERVICES AND PROCEDURES/PROFESSIONAL/CHEMOTHERAPY/CHEMO SWING OR MEDICAL DRUGS
Chemotherapy administration,12795,/PRODUCTION/SERVICES AND PROCEDURES/PROFESSIONAL/CHEMOTHERAPY/ADMINISTRATION
Chemotherapy ancillary drugs  - oral,68054,/PRODUCTION/SERVICES AND PROCEDURES/PROFESSIONAL/CHEMOTHERAPY/ORAL DRUGS
Chest,18671,/PRODUCTION/SERVICES AND PROCEDURES/PROFESSIONAL/RADIOLOGY/DIAGNOSTIC RADIOLOGY/ULTRASOUND/CHEST
Chest fluoroscopies,52625,/PRODUCTION/SERVICES AND PROCEDURES/MARK-UP TOPICS ONLY/FACILITY CHARGES FOR CHEST X-RAY/CHEST FLUOROSCOPIES
"Chest x-rays, screening",52658,"/PRODUCTION/SERVICES AND PROCEDURES/PROFESSIONAL/PREVENTIVE SERVICES/RADIOLOGY SERVICES/CHEST X-RAYS, SCREENING"
Chin reconstruction,2016780,/PRODUCTION/SERVICES AND PROCEDURES/PROFESSIONAL/SURGICAL PROCEDURES/COSMETIC AND RECONSTRUCTIVE SURGERY PROCEDURES/RECONSTRUCTIVE PROCEDURES/CHIN RECONSTRUCTION
Chiropractic manipulative treatment,12809,/PRODUCTION/SERVICES AND PROCEDURES/PROFESSIONAL/CHIROPRACTIC SERVICES/SPINAL MANIPULATION
Chiropractic x-rays,18269,/PRODUCTION/SERVICES AND PROCEDURES/PROFESSIONAL/RADIOLOGY/DIAGNOSTIC RADIOLOGY/XRAY AND OTHER IMAGING/SPINE AND PELVIS
Chlamydia,52656,/PRODUCTION/SERVICES AND PROCEDURES/PROFESSIONAL/PREVENTIVE SERVICES/LABORATORY SERVICES/CHLAMYDIA
Chlamydia Screening,2320974,/PRODUCTION/SERVICES AND PROCEDURES/PROFESSIONAL/NHCR/PPACA/PATHOLOGY & LABORATORY/CHLAMYDIA SCREENING
Christian Science services,63083,/PRODUCTION/SERVICES AND PROCEDURES/PROFESSIONAL/MISCELLANEOUS/CHRISTIAN SCIENCE SERVICES
Class IV Orthodontic and Related Services,66942,/PRODUCTION/SERVICES AND PROCEDURES/DENTAL/GINGIVECTOMY
Clinical Brachytherapy,18724,/PRODUCTION/SERVICES AND PROCEDURES/PROFESSIONAL/RADIOLOGY/THERAPEUTIC RADIOLOGY/CLINICAL BRACHYTHERAPY
Clinical Intracavitary Hyperthermia,52584,/PRODUCTION/SERVICES AND PROCEDURES/PROFESSIONAL/RADIOLOGY/THERAPEUTIC RADIOLOGY/CLINICAL INTRACAVITARY HYPERTHERMIA
Clinical Treatment Planning (External and Internal),18718,/PRODUCTION/SERVICES AND PROCEDURES/PROFESSIONAL/RADIOLOGY/THERAPEUTIC RADIOLOGY/CLINICAL TREATMENT PLANNING
Clinical trial,12957,/PRODUCTION/SERVICES AND PROCEDURES/PROFESSIONAL/MISCELLANEOUS/CLINICAL TRIAL
CMS Demo Project Chemotherapy,81144,/PRODUCTION/SERVICES AND PROCEDURES/PROFESSIONAL/MISCELLANEOUS/CMS DEMO PROJECT CHEMOTHERAPY
CMS Demo Project Intravenous Immune Globulin,2323836,/PRODUCTION/SERVICES AND PROCEDURES/PROFESSIONAL/MISCELLANEOUS/CMS DEMO PROJECT INTRAVENOUS IMMUNE GLOBULIN
Co-branded drug/non-preferred,52817,/PRODUCTION/SERVICES AND PROCEDURES/PRESCRIPTION DRUG PROGRAM/CO-BRANDED FORMULARY PROGRAM/CO-BRANDED DRUG/NON-PREFERRED
Co-branded drug/preferred,52818,/PRODUCTION/SERVICES AND PROCEDURES/PRESCRIPTION DRUG PROGRAM/CO-BRANDED FORMULARY PROGRAM/CO-BRANDED DRUG/PREFERRED
Co-branded Formulary Program,52819,/PRODUCTION/SERVICES AND PROCEDURES/PRESCRIPTION DRUG PROGRAM/CO-BRANDED FORMULARY PROGRAM
Coating or laminating of lenses,60429,/PRODUCTION/SERVICES AND PROCEDURES/VISION/LENSES OTHER THAN CONTACTS/COATING OR LAMINATING
Cologuard,2363448,/PRODUCTION/SERVICES AND PROCEDURES/PROFESSIONAL/PREVENTIVE SERVICES/COLOGUARD
Colonography,68195,/PRODUCTION/SERVICES AND PROCEDURES/PROFESSIONAL/PREVENTIVE SERVICES/RADIOLOGY SERVICES/COLONOGRAPHY
Combined Arterial-Venous Grafting for Coronary Byp,15398,/PRODUCTION/SERVICES AND PROCEDURES/PROFESSIONAL/SURGICAL PROCEDURES/CARDIOVASCULAR SYSTEM/HEART AND PERICARDIUM/COMBINED ARTERIAL-VENOUS GRAFTING FOR CORONARY BYP
Combined small intestine-liver transplantation,52361,/PRODUCTION/SERVICES AND PROCEDURES/PROFESSIONAL/SURGICAL PROCEDURES/TRANSPLANTATION/SPECIFIED ORGAN/COMBINED SMALL INTESTINE-LIVER
Comlicated suturing,66788,/PRODUCTION/SERVICES AND PROCEDURES/DENTAL II/COMLICATED SUTURING
Commodes,"2327424,21399",/PRODUCTION/SERVICES AND PROCEDURES/PROFESSIONAL/DURABLE MEDICAL EQUIPMENT/CAPPED RENTAL DME/COMMODES | /PRODUCTION/SERVICES AND PROCEDURES/PROFESSIONAL/DURABLE MEDICAL EQUIPMENT/COMMODES
Complete dentures (including routine post delivery care),66547,/PRODUCTION/SERVICES AND PROCEDURES/DENTAL/ALVEOPLASTY/DENTAL PROSTHODONTICS/REMOVABLE/COMPLETE DENTURES
Complete replacement of central venous access device,65925,/PRODUCTION/SERVICES AND PROCEDURES/PROFESSIONAL/SURGICAL PROCEDURES/CARDIOVASCULAR SYSTEM/CENTRAL VENOUS ACCESS DEVICE PROCEDURE/COMPLETE REPLACEMENT
Composite Grafts,15422,/PRODUCTION/SERVICES AND PROCEDURES/PROFESSIONAL/SURGICAL PROCEDURES/CARDIOVASCULAR SYSTEM/ARTERIES AND VEINS/COMPOSITE GRAFTS
Comprehensive blood count,52655,/PRODUCTION/SERVICES AND PROCEDURES/PROFESSIONAL/PREVENTIVE SERVICES/LABORATORY SERVICES/COMPREHENSIVE BLOOD COUNT
Comprehensive Nursing Facility Assessments,20828,/PRODUCTION/SERVICES AND PROCEDURES/PROFESSIONAL/INPATIENT MEDICAL CARE/NURSING FACILITY SERVICES/COMPREHENSIVE NURSING FACILITY ASSESSMENTS
Comprehensive orthodontic treatment,66689,/PRODUCTION/SERVICES AND PROCEDURES/DENTAL/GINGIVECTOMY/COMPREHENSIVE ORTHODONTIC TREATMENT
Compression Stocking - Medical Supplies,85742,/PRODUCTION/SERVICES AND PROCEDURES/PROFESSIONAL/MEDICAL AND SURGICAL SUPPLIES/COMPRESSION STOCKING - MEDICAL SUPPLIES
Compression Stockings,86152,/PRODUCTION/SERVICES AND PROCEDURES/PROFESSIONAL/PROSTHETICS AND ORTHOTICS/PROSTHETIC DEVICE/COMPRESSION STOCKINGS
Computed Tomography Guidance,88035,/PRODUCTION/SERVICES AND PROCEDURES/PROFESSIONAL/RADIOLOGY/DIAGNOSTIC RADIOLOGY/RADIOLOGIC GUIDANCE/COMPUTED TOMOGRAPHY GUIDANCE
Confirmatory Consultations,20797,/PRODUCTION/SERVICES AND PROCEDURES/PROFESSIONAL/CONSULTATIONS/CONFIRMATORY CONSULTATIONS
Conformity test,60409,/PRODUCTION/SERVICES AND PROCEDURES/HEARING/EXAMINATION/EVALUATION/CONFORMITY TEST
Congenital Cardiovascular Screening,2317282,/PRODUCTION/SERVICES AND PROCEDURES/PROFESSIONAL/NHCR/PPACA/DIAGNOSTIC SERVICES/CONGENITAL CARDIOVASCULAR SCREENING
Congenital hypothyroidism screening,2321071,/PRODUCTION/SERVICES AND PROCEDURES/PROFESSIONAL/NHCR/PPACA/PATHOLOGY & LABORATORY/CONGENITAL HYPOTHYROIDISM SCREENING
Conjunctiva,17907,/PRODUCTION/SERVICES AND PROCEDURES/PROFESSIONAL/SURGICAL PROCEDURES/EYE AND OCULAR ADNEXA/CONJUNCTIVA
Conjunctivoplasty,17925,/PRODUCTION/SERVICES AND PROCEDURES/PROFESSIONAL/SURGICAL PROCEDURES/EYE AND OCULAR ADNEXA/CONJUNCTIVA/CONJUNCTIVOPLASTY
Consultations,12730,/PRODUCTION/SERVICES AND PROCEDURES/PROFESSIONAL/CONSULTATIONS
Contact lens services,20291,/PRODUCTION/SERVICES AND PROCEDURES/PROFESSIONAL/PROSTHETICS AND ORTHOTICS/PROSTHETIC DEVICE/CONTACT LENS SERVICES
Contact lense suitability exam,60509,/PRODUCTION/SERVICES AND PROCEDURES/PROFESSIONAL/PROSTHETICS AND ORTHOTICS/PROSTHETIC DEVICE/SPECTACLE LENSES/CONTACT LENSES/SUITABILITY EXAM
Contraception,52474,/PRODUCTION/SERVICES AND PROCEDURES/PROFESSIONAL/NHCR/PPACA/CONTRACEPTION
Contraceptive drugs non-NHCR/PPACA,52475,/PRODUCTION/SERVICES AND PROCEDURES/PROFESSIONAL/NHCR/PPACA/CONTRACEPTION/CONTRACEPTIVE DRUGS NON-NHCR/PPACA
Contraceptive implants,60193,/PRODUCTION/SERVICES AND PROCEDURES/PROFESSIONAL/NHCR/PPACA/CONTRACEPTION/IMPLANTS
Contraceptive professional services,52477,/PRODUCTION/SERVICES AND PROCEDURES/MARK-UP TOPICS ONLY/CONTRACEPTIVE PROFESSIONAL SERVICES
Conventional drug,61309,/PRODUCTION/SERVICES AND PROCEDURES/PRESCRIPTION DRUG PROGRAM/CONVENTIONAL DRUG
Cornea transplantation,12833,/PRODUCTION/SERVICES AND PROCEDURES/PROFESSIONAL/SURGICAL PROCEDURES/TRANSPLANTATION/BASIC ORGAN/CORNEA
Coronary Artery Anomalies,15396,/PRODUCTION/SERVICES AND PROCEDURES/PROFESSIONAL/SURGICAL PROCEDURES/CARDIOVASCULAR SYSTEM/HEART AND PERICARDIUM/CORONARY ARTERY ANOMALIES
Coronary care room and board,12914,"/PRODUCTION/SERVICES AND PROCEDURES/FACILITY/INPATIENT HOSPITAL/ROOM, BOARD AND NURSING CHARGES/ACUTE CARE /CORONARY CARE"
Coronary Endarterectomy,60321,/PRODUCTION/SERVICES AND PROCEDURES/PROFESSIONAL/SURGICAL PROCEDURES/CARDIOVASCULAR SYSTEM/HEART AND PERICARDIUM/CORONARY ENDARTERECTOMY
Coronavirus (COVID19),2383950,/PRODUCTION/SERVICES AND PROCEDURES/PROFESSIONAL/PATHOLOGY AND LABORATORY/CORONAVIRUS (COVID19)
Corpus Uteri,17176,/PRODUCTION/SERVICES AND PROCEDURES/PROFESSIONAL/SURGICAL PROCEDURES/FEMALE GENITAL SYSTEM/CORPUS UTERI
Correct skin color defects,2016775,/PRODUCTION/SERVICES AND PROCEDURES/PROFESSIONAL/SURGICAL PROCEDURES/COSMETIC AND RECONSTRUCTIVE SURGERY PROCEDURES/RECONSTRUCTIVE PROCEDURES/CORRECT SKIN COLOR DEFECTS
Cosmetic and reconstructive surgery procedures,52367,/PRODUCTION/SERVICES AND PROCEDURES/PROFESSIONAL/SURGICAL PROCEDURES/COSMETIC AND RECONSTRUCTIVE SURGERY PROCEDURES
Cosmetic procedures,2016771,/PRODUCTION/SERVICES AND PROCEDURES/PROFESSIONAL/SURGICAL PROCEDURES/COSMETIC AND RECONSTRUCTIVE SURGERY PROCEDURES/COSMETIC PROCEDURES
Counseling or risk factor reduction intervention,20866,/PRODUCTION/SERVICES AND PROCEDURES/PROFESSIONAL/PREVENTIVE SERVICES/EVALUATION AND MANAGEMENT - HEALTH MAINTENANCE EXAM OR GYNECOLOGICAL EXAM/COUNSELING OR RISK FACTOR REDUCTION INTERVENTION
Counseling/Screening,2317284,/PRODUCTION/SERVICES AND PROCEDURES/PROFESSIONAL/NHCR/PPACA/COUNSELING/SCREENING
COVID Immunizations,2417905,/PRODUCTION/SERVICES AND PROCEDURES/PROFESSIONAL/PREVENTIVE SERVICES/IMMUNIZATIONS/COVID IMMUNIZATIONS
COVID Treatment,2401598,/PRODUCTION/SERVICES AND PROCEDURES/PROFESSIONAL/PATHOLOGY AND LABORATORY/CORONAVIRUS (COVID19)/COVID TREATMENT
CPAP devices,2017331,/PRODUCTION/SERVICES AND PROCEDURES/PROFESSIONAL/DURABLE MEDICAL EQUIPMENT/OXYGEN AND BREATHING EQUIPMENT/CPAP DEVICES
Craniectomy or Craniotomy,17445,"/PRODUCTION/SERVICES AND PROCEDURES/PROFESSIONAL/SURGICAL PROCEDURES/NERVOUS SYSTEM/SKULL, MENINGES AND BRAIN/CRANIECTOMY OR CRANIOTOMY"
Cros hearing aid,68233,/PRODUCTION/SERVICES AND PROCEDURES/HEARING/HEARING AIDS/CROS
Crutches,21396,"/PRODUCTION/SERVICES AND PROCEDURES/PROFESSIONAL/DURABLE MEDICAL EQUIPMENT/CANES, CRUTCHES, WALKERS/CRUTCHES"
CSF Shunt,17454,"/PRODUCTION/SERVICES AND PROCEDURES/PROFESSIONAL/SURGICAL PROCEDURES/NERVOUS SYSTEM/SKULL, MENINGES AND BRAIN/CSF SHUNT"
CT scans veins and lymphatics,52389,/PRODUCTION/SERVICES AND PROCEDURES/PROFESSIONAL/RADIOLOGY/DIAGNOSTIC RADIOLOGY/CT SCANS/VEINS AND LYMPHATICS
Culture,2321079,/PRODUCTION/SERVICES AND PROCEDURES/PROFESSIONAL/NHCR/PPACA/PATHOLOGY & LABORATORY/CULTURE
Custom Formulary Drug,60244,/PRODUCTION/SERVICES AND PROCEDURES/PRESCRIPTION DRUG PROGRAM/CUSTOM FORMULARY PROGRAM/CUSTOM FORMULARY DRUG
Custom Formulary Program,60229,/PRODUCTION/SERVICES AND PROCEDURES/PRESCRIPTION DRUG PROGRAM/CUSTOM FORMULARY PROGRAM
Cutaneous vascular lesions,67771,/PRODUCTION/SERVICES AND PROCEDURES/PROFESSIONAL/SURGICAL PROCEDURES/COSMETIC AND RECONSTRUCTIVE SURGERY PROCEDURES/RECONSTRUCTIVE PROCEDURES/CUTANEOUS VASCULAR LESIONS
Cytogenetic studies,12901,/PRODUCTION/SERVICES AND PROCEDURES/PROFESSIONAL/PATHOLOGY AND LABORATORY/CYTOGENETIC STUDIES
Cytogenic,2019161,/PRODUCTION/SERVICES AND PROCEDURES/PROFESSIONAL/PATHOLOGY AND LABORATORY/CYTOGENIC
Cytopathology,12900,/PRODUCTION/SERVICES AND PROCEDURES/PROFESSIONAL/PATHOLOGY AND LABORATORY/CYTOPATHOLOGY
Data Gathering Codes,85744,/PRODUCTION/SERVICES AND PROCEDURES/PROFESSIONAL/MISCELLANEOUS/DATA GATHERING CODES
Data Gathering Codes � Category II,2421462,/PRODUCTION/SERVICES AND PROCEDURES/PROFESSIONAL/MISCELLANEOUS/CATEGORY II CODES (TRACKING CODES)/DATA GATHERING CODES � CATEGORY II
Decubitis Care Equipment,21400,/PRODUCTION/SERVICES AND PROCEDURES/PROFESSIONAL/DURABLE MEDICAL EQUIPMENT/DECUBITIS CARE EQUIPMENT
Decubitis equipment,2327425,/PRODUCTION/SERVICES AND PROCEDURES/PROFESSIONAL/DURABLE MEDICAL EQUIPMENT/CAPPED RENTAL DME/DECUBITIS EQUIPMENT
Definitive Drug Testing,2328824,/PRODUCTION/SERVICES AND PROCEDURES/PROFESSIONAL/PATHOLOGY AND LABORATORY/DEFINITIVE DRUG TESTING
Definitive Procedures,17447,"/PRODUCTION/SERVICES AND PROCEDURES/PROFESSIONAL/SURGICAL PROCEDURES/NERVOUS SYSTEM/SKULL, MENINGES AND BRAIN/DEFINITIVE PROCEDURES"
Delivery After Previous Cesarean Delivery,17384,/PRODUCTION/SERVICES AND PROCEDURES/PROFESSIONAL/MATERNITY CARE/CARE AND DELIVERY/DELIVERY AFTER PREVIOUS CESAREAN DELIVERY
Deluxe Durable Medical Equipment,52508,/PRODUCTION/SERVICES AND PROCEDURES/PROFESSIONAL/DURABLE MEDICAL EQUIPMENT/DELUXE DURABLE MEDICAL EQUIPMENT
Dental,52695,/PRODUCTION/SERVICES AND PROCEDURES/DENTAL
Dental care related to accidental injuries,65918,/PRODUCTION/SERVICES AND PROCEDURES/MARK-UP TOPICS ONLY/DENTAL MEDICAL AND SURGERY TREATMENT/DENTAL CARE RELATED TO ACCIDENTAL INJURIES
Dental Cleanings,2383607,/PRODUCTION/SERVICES AND PROCEDURES/DENTAL/BASIC/PREVENTIVE DENTAL SERVICES/DENTAL CLEANINGS
Dental counseling and instruction,60493,/PRODUCTION/SERVICES AND PROCEDURES/DENTAL/BASIC/PREVENTIVE SERVICES/COUNSELING AND EDUCATION
Dental II,2380499,/PRODUCTION/SERVICES AND PROCEDURES/DENTAL II
Dental medical and surgery treatment,12722,/PRODUCTION/SERVICES AND PROCEDURES/MARK-UP TOPICS ONLY/DENTAL MEDICAL AND SURGERY TREATMENT
Dental prophylaxis,60491,/PRODUCTION/SERVICES AND PROCEDURES/DENTAL/BASIC/PREVENTIVE DENTAL SERVICES/DENTAL CLEANINGS/DENTAL PROPHYLAXIS
Dental Prosthesis,2383798,/PRODUCTION/SERVICES AND PROCEDURES/DENTAL/ALVEOPLASTY/NONCOVERED DENTAL/DENTAL PROSTHESIS
Dental pulp vitality tests,61318,/PRODUCTION/SERVICES AND PROCEDURES/DENTAL/BASIC/DENTAL PULP VITALITY TESTS
Dental radiographs,60489,/PRODUCTION/SERVICES AND PROCEDURES/DENTAL/BASIC/DENTAL RADIOGRAPHS
Dental Sealant Repair,2384056,/PRODUCTION/SERVICES AND PROCEDURES/DENTAL/CLASS I DIAGNOSTIC AND PREVENTIVE SERVICES/DENTAL SEALANT REPAIR
Dental space maintainers (passive appliances),60494,/PRODUCTION/SERVICES AND PROCEDURES/DENTAL/BASIC/DENTAL SPACE MAINTAINERS (PASSIVE APPLIANCES)
Dentoalveolar Structures,15986,/PRODUCTION/SERVICES AND PROCEDURES/PROFESSIONAL/SURGICAL PROCEDURES/DIGESTIVE SYSTEM/DENTOALVEOLAR STRUCTURES
Denture rebase procedures,66552,/PRODUCTION/SERVICES AND PROCEDURES/DENTAL/CLASS II BASIC SERVICES/BASIC PROSTHODONTIC SERVICES (TYPE A)/DENTURE REBASE PROCEDURES
Denture reline procedures,66553,/PRODUCTION/SERVICES AND PROCEDURES/DENTAL/CLASS II BASIC SERVICES/BASIC PROSTHODONTIC SERVICES (TYPE A)/DENTURE RELINE PROCEDURES
Destruction,"16055,60300,17185,17181,17046,60280,15124",/PRODUCTION/SERVICES AND PROCEDURES/PROFESSIONAL/SURGICAL PROCEDURES/DIGESTIVE SYSTEM/ANUS/DESTRUCTION | /PRODUCTION/SERVICES AND PROCEDURES/PROFESSIONAL/SURGICAL PROCEDURES/DIGESTIVE SYSTEM/RECTUM/DESTRUCTION
"Destruction by Neurolytic Agent (eg, Chemical, The",17470,"/PRODUCTION/SERVICES AND PROCEDURES/PROFESSIONAL/SURGICAL PROCEDURES/NERVOUS SYSTEM/EXTRACRANIAL NERVES, PERIPHERAL NERVES AND AUTONO/DESTRUCTION BY NEUROLYTIC AGENT (EG, CHEMICAL, THE"
Destruction surgical procedures for skin,13285,/PRODUCTION/SERVICES AND PROCEDURES/PROFESSIONAL/SURGICAL PROCEDURES/INTEGUMENTARY SYSTEM/DESTRUCTION
"Destruction, Benign or Premalignant Lesions",13321,"/PRODUCTION/SERVICES AND PROCEDURES/PROFESSIONAL/SURGICAL PROCEDURES/INTEGUMENTARY SYSTEM/DESTRUCTION/DESTRUCTION, BENIGN OR PREMALIGNANT LESIONS"
"Destruction, Malignant Lesions, Any Method",13322,"/PRODUCTION/SERVICES AND PROCEDURES/PROFESSIONAL/SURGICAL PROCEDURES/INTEGUMENTARY SYSTEM/DESTRUCTION/DESTRUCTION, MALIGNANT LESIONS, ANY METHOD"
Developmental Screening,2317283,/PRODUCTION/SERVICES AND PROCEDURES/PROFESSIONAL/NHCR/PPACA/DIAGNOSTIC SERVICES/DEVELOPMENTAL SCREENING
Devices and supplies,52476,/PRODUCTION/SERVICES AND PROCEDURES/PROFESSIONAL/NHCR/PPACA/CONTRACEPTION/DEVICES AND SUPPLIES
Devices for the diagnosis or treatment of  jaw joint disorders,52591,/PRODUCTION/SERVICES AND PROCEDURES/MARK-UP TOPICS ONLY/DEVICES FOR THE DIAGNOSIS OR TREATMENT OF  JAW JOINT DISORDERS
Diabetes Management,61280,/PRODUCTION/SERVICES AND PROCEDURES/PROFESSIONAL/DIABETES MANAGEMENT
Diabetes Programs,2372998,/PRODUCTION/SERVICES AND PROCEDURES/PROFESSIONAL/DIABETES MANAGEMENT PROGRAMS
Diabetic Routine Foot Care,2433182,/PRODUCTION/SERVICES AND PROCEDURES/PROFESSIONAL/DIABETIC ROUTINE FOOT CARE
"Diabetic Shoes, Fitting, and Modifications",20973,"/PRODUCTION/SERVICES AND PROCEDURES/PROFESSIONAL/PROSTHETICS AND ORTHOTICS/ORTHOTIC DEVICE/DIABETIC SHOES, FITTING, AND MODIFICATIONS"
Diagnostic,18785,/PRODUCTION/SERVICES AND PROCEDURES/PROFESSIONAL/RADIOLOGY/NUCLEAR MEDICINE/DIAGNOSTIC
Diagnostic and clinical laboratory,60460,/PRODUCTION/SERVICES AND PROCEDURES/FACILITY/INPATIENT HOSPITAL/PATHOLOGY AND LABORATORY/DIAGNOSTIC AND CLINICAL LABORATORY
Diagnostic Casts,61292,/PRODUCTION/SERVICES AND PROCEDURES/DENTAL/BASIC/DIAGNOSTIC CASTS
Diagnostic CAT Scans abdomen,52350,/PRODUCTION/SERVICES AND PROCEDURES/PROFESSIONAL/RADIOLOGY/DIAGNOSTIC RADIOLOGY/CT SCANS/ABDOMEN
Diagnostic CAT scans aorta and artieries,52351,/PRODUCTION/SERVICES AND PROCEDURES/PROFESSIONAL/RADIOLOGY/DIAGNOSTIC RADIOLOGY/CT SCANS/AORTA AND ARTERIES
Diagnostic CAT scans chest,52352,/PRODUCTION/SERVICES AND PROCEDURES/PROFESSIONAL/RADIOLOGY/DIAGNOSTIC RADIOLOGY/CT SCANS/CHEST
Diagnostic CAT Scans Colon,2011744,/PRODUCTION/SERVICES AND PROCEDURES/PROFESSIONAL/RADIOLOGY/DIAGNOSTIC RADIOLOGY/CT SCANS/DIAGNOSTIC CAT SCANS COLON
Diagnostic CAT scans head and neck,52353,/PRODUCTION/SERVICES AND PROCEDURES/PROFESSIONAL/RADIOLOGY/DIAGNOSTIC RADIOLOGY/CT SCANS/HEAD AND NECK
Diagnostic CAT scans Heart,86142,/PRODUCTION/SERVICES AND PROCEDURES/PROFESSIONAL/RADIOLOGY/DIAGNOSTIC RADIOLOGY/CT SCANS/HEART
Diagnostic CAT scans lower extremities,52354,/PRODUCTION/SERVICES AND PROCEDURES/PROFESSIONAL/RADIOLOGY/DIAGNOSTIC RADIOLOGY/CT SCANS/LOWER EXTREMITIES
Diagnostic CAT scans spine and pelvis,52356,/PRODUCTION/SERVICES AND PROCEDURES/PROFESSIONAL/RADIOLOGY/DIAGNOSTIC RADIOLOGY/CT SCANS/SPINE AND PELVIS
Diagnostic CAT scans upper extremities,52355,/PRODUCTION/SERVICES AND PROCEDURES/PROFESSIONAL/RADIOLOGY/DIAGNOSTIC RADIOLOGY/CT SCANS/UPPER EXTREMITIES
Diagnostic CT Scans,52320,/PRODUCTION/SERVICES AND PROCEDURES/PROFESSIONAL/RADIOLOGY/DIAGNOSTIC RADIOLOGY/CT SCANS
Diagnostic dental services,60478,/PRODUCTION/SERVICES AND PROCEDURES/DENTAL II/DIAGNOSTIC DENTAL SERVICES
Diagnostic imaging,52387,/PRODUCTION/SERVICES AND PROCEDURES/MARK-UP TOPICS ONLY/DIAGNOSTIC IMAGING
Diagnostic magnetic resonance imaging,52319,/PRODUCTION/SERVICES AND PROCEDURES/PROFESSIONAL/RADIOLOGY/DIAGNOSTIC RADIOLOGY/MRI/MRA
Diagnostic mammography,68107,/PRODUCTION/SERVICES AND PROCEDURES/PROFESSIONAL/RADIOLOGY/MAMMOGRAMS/DIAGNOSTIC
Diagnostic MRI/MRA abdomen,52344,/PRODUCTION/SERVICES AND PROCEDURES/PROFESSIONAL/RADIOLOGY/DIAGNOSTIC RADIOLOGY/MRI/MRA/ABDOMEN
Diagnostic MRI/MRA chest,52343,/PRODUCTION/SERVICES AND PROCEDURES/PROFESSIONAL/RADIOLOGY/DIAGNOSTIC RADIOLOGY/MRI/MRA/CHEST
Diagnostic MRI/MRA head and neck,52342,/PRODUCTION/SERVICES AND PROCEDURES/PROFESSIONAL/RADIOLOGY/DIAGNOSTIC RADIOLOGY/MRI/MRA/HEAD AND NECK
Diagnostic MRI/MRA heart,52345,/PRODUCTION/SERVICES AND PROCEDURES/PROFESSIONAL/RADIOLOGY/DIAGNOSTIC RADIOLOGY/MRI/MRA/HEART
Diagnostic MRI/MRA lower extremities,52346,/PRODUCTION/SERVICES AND PROCEDURES/PROFESSIONAL/RADIOLOGY/DIAGNOSTIC RADIOLOGY/MRI/MRA/LOWER EXTREMITIES
Diagnostic MRI/MRA spine and pelvis,52347,/PRODUCTION/SERVICES AND PROCEDURES/PROFESSIONAL/RADIOLOGY/DIAGNOSTIC RADIOLOGY/MRI/MRA/SPINE AND PELVIS
Diagnostic MRI/MRA upper extremities,52348,/PRODUCTION/SERVICES AND PROCEDURES/PROFESSIONAL/RADIOLOGY/DIAGNOSTIC RADIOLOGY/MRI/MRA/UPPER EXTREMITIES
Diagnostic nuclear medicine facility charges,60455,/PRODUCTION/SERVICES AND PROCEDURES/MARK-UP TOPICS ONLY/DIAGNOSTIC NUCLEAR MEDICINE FACILITY CHARGES
Diagnostic radiology,52391,/PRODUCTION/SERVICES AND PROCEDURES/PROFESSIONAL/RADIOLOGY/DIAGNOSTIC RADIOLOGY
Diagnostic Services Miscellaneous,2433112,/PRODUCTION/SERVICES AND PROCEDURES/PROFESSIONAL/DIAGNOSTIC SERVICES MISCELLANEOUS
Diagnostic ultrasound,12883,/PRODUCTION/SERVICES AND PROCEDURES/PROFESSIONAL/RADIOLOGY/DIAGNOSTIC RADIOLOGY/ULTRASOUND
Diagnostic X-ray abdomen,18272,/PRODUCTION/SERVICES AND PROCEDURES/PROFESSIONAL/RADIOLOGY/DIAGNOSTIC RADIOLOGY/XRAY AND OTHER IMAGING/ABDOMEN
Diagnostic X-ray aorta and arteries,18277,/PRODUCTION/SERVICES AND PROCEDURES/PROFESSIONAL/RADIOLOGY/DIAGNOSTIC RADIOLOGY/XRAY AND OTHER IMAGING/AORTA AND ARTERIES
Diagnostic X-ray gastrointestinal tract,18273,/PRODUCTION/SERVICES AND PROCEDURES/PROFESSIONAL/RADIOLOGY/DIAGNOSTIC RADIOLOGY/XRAY AND OTHER IMAGING/GASTROINTESTINAL TRACT
Diagnostic X-ray gynecological and obstetrical,18275,/PRODUCTION/SERVICES AND PROCEDURES/PROFESSIONAL/RADIOLOGY/DIAGNOSTIC RADIOLOGY/XRAY AND OTHER IMAGING/GYNECOLOGICAL AND OBSTETRICAL
Diagnostic X-ray lower extremities,18271,/PRODUCTION/SERVICES AND PROCEDURES/PROFESSIONAL/RADIOLOGY/DIAGNOSTIC RADIOLOGY/XRAY AND OTHER IMAGING/LOWER EXTREMITIES
Diagnostic X-ray urinary tract,18274,/PRODUCTION/SERVICES AND PROCEDURES/PROFESSIONAL/RADIOLOGY/DIAGNOSTIC RADIOLOGY/XRAY AND OTHER IMAGING/URINARY TRACT
Diagnostic X-ray veins and lymphatics,18278,/PRODUCTION/SERVICES AND PROCEDURES/PROFESSIONAL/RADIOLOGY/DIAGNOSTIC RADIOLOGY/XRAY AND OTHER IMAGING/VEINS AND LYMPHATICS
Diagnostic xray and other imaging,12868,/PRODUCTION/SERVICES AND PROCEDURES/PROFESSIONAL/RADIOLOGY/DIAGNOSTIC RADIOLOGY/XRAY AND OTHER IMAGING
Diagnostic Xray head and neck,18267,/PRODUCTION/SERVICES AND PROCEDURES/PROFESSIONAL/RADIOLOGY/DIAGNOSTIC RADIOLOGY/XRAY AND OTHER IMAGING/HEAD AND NECK
Diagnostic Xray upper extremities,18270,/PRODUCTION/SERVICES AND PROCEDURES/PROFESSIONAL/RADIOLOGY/DIAGNOSTIC RADIOLOGY/XRAY AND OTHER IMAGING/UPPER EXTREMITIES
Dialysis,"52467,12755",/PRODUCTION/SERVICES AND PROCEDURES/FACILITY/OUTPATIENT HOSPITAL/DIALYSIS | /PRODUCTION/SERVICES AND PROCEDURES/MARK-UP TOPICS ONLY/DIALYSIS
Dialysis equipment facility charges,60548,/PRODUCTION/SERVICES AND PROCEDURES/MARK-UP TOPICS ONLY/DIALYSIS EQUIPMENT FACILITY CHARGES
Dialysis maintenance facility charges,60547,/PRODUCTION/SERVICES AND PROCEDURES/MARK-UP TOPICS ONLY/DIALYSIS MAINTENANCE FACILITY CHARGES
Dialysis supplies facility charges,60546,/PRODUCTION/SERVICES AND PROCEDURES/MARK-UP TOPICS ONLY/DIALYSIS SUPPLIES FACILITY CHARGES
Dialysis support services facility charges,60590,/PRODUCTION/SERVICES AND PROCEDURES/MARK-UP TOPICS ONLY/DIALYSIS SUPPORT SERVICES FACILITY CHARGES
Diaphragm,15967,/PRODUCTION/SERVICES AND PROCEDURES/PROFESSIONAL/SURGICAL PROCEDURES/MEDIASTINUM AND DIAPHRAM/DIAPHRAGM
Digestive system,12857,/PRODUCTION/SERVICES AND PROCEDURES/PROFESSIONAL/SURGERY/DIGESTIVE SYSTEM
Digital rectal exam,60260,/PRODUCTION/SERVICES AND PROCEDURES/PROFESSIONAL/PREVENTIVE SERVICES/EVALUATION AND MANAGEMENT - HEALTH MAINTENANCE EXAM OR GYNECOLOGICAL EXAM/DIGITAL RECTAL EXAM
Direct Repair of Aneurysm or Excision (Partial or,15415,/PRODUCTION/SERVICES AND PROCEDURES/PROFESSIONAL/SURGICAL PROCEDURES/CARDIOVASCULAR SYSTEM/ARTERIES AND VEINS/DIRECT REPAIR OF ANEURYSM OR EXCISION (PARTIAL OR
Dispense as written (DAW),60062,/PRODUCTION/SERVICES AND PROCEDURES/PRESCRIPTION DRUG PROGRAM/DISPENSE AS WRITTEN (DAW)
Dispensing fee for inhalation solutions,2010412,/PRODUCTION/SERVICES AND PROCEDURES/PROFESSIONAL/DURABLE MEDICAL EQUIPMENT/INHALATION SOLUTIONS/DISPENSING FEE FOR INHALATION SOLUTIONS
DME for Diabetes Management,2011953,/PRODUCTION/SERVICES AND PROCEDURES/PROFESSIONAL/DIABETES MANAGEMENT PROGRAM/DME FOR DIABETES MANAGEMENT
Dressings,20974,/PRODUCTION/SERVICES AND PROCEDURES/PROFESSIONAL/MEDICAL AND SURGICAL SUPPLIES/DRESSINGS
Drug induced abortion,66988,/PRODUCTION/SERVICES AND PROCEDURES/PROFESSIONAL/SURGICAL PROCEDURES/ABORTION/ELECTIVE/DRUG INDUCED ABORTION
Drug testing,12889,/PRODUCTION/SERVICES AND PROCEDURES/PROFESSIONAL/PATHOLOGY AND LABORATORY/DRUG TESTING
Durable medical equipment (other than rental),60571,/PRODUCTION/SERVICES AND PROCEDURES/FACILITY/INPATIENT HOSPITAL/DURABLE MEDICAL EQUIPMENT/DURABLE MEDICAL EQUIPMENT (OTHER THAN RENTAL)
E Health,2331623,/PRODUCTION/SERVICES AND PROCEDURES/PROFESSIONAL/E HEALTH
Ear mold,52824,/PRODUCTION/SERVICES AND PROCEDURES/HEARING/HEARING AIDS/EAR MOLD
Early cancer detection services,52659,/PRODUCTION/SERVICES AND PROCEDURES/PROFESSIONAL/PREVENTIVE SERVICES/SCREENING/EARLY CANCER DETECTION SERVICES
Echocardiography,12781,/PRODUCTION/SERVICES AND PROCEDURES/PROFESSIONAL/DIAGNOSTIC SERVICES/ECHOCARDIOGRAPHY
ECMO/ECLS services,2327972,/PRODUCTION/SERVICES AND PROCEDURES/PROFESSIONAL/SURGICAL PROCEDURES/CARDIOVASCULAR SYSTEM/HEART AND PERICARDIUM/ECMO/ECLS SERVICES
Ectopic Pregnancy,2326781,/PRODUCTION/SERVICES AND PROCEDURES/PROFESSIONAL/SURGICAL PROCEDURES/FEMALE GENITAL SYSTEM/ECTOPIC PREGNANCY
Education for Diabetes Management,2011956,/PRODUCTION/SERVICES AND PROCEDURES/PROFESSIONAL/DIABETES MANAGEMENT PROGRAM/EDUCATION FOR DIABETES MANAGEMENT
Elective,66987,/PRODUCTION/SERVICES AND PROCEDURES/PROFESSIONAL/SURGICAL PROCEDURES/ABORTION/ELECTIVE
Elective drugs,61408,/PRODUCTION/SERVICES AND PROCEDURES/PRESCRIPTION DRUG PROGRAM/ELECTIVE DRUGS
Electrocardiography (EKG/ECG),52720,/PRODUCTION/SERVICES AND PROCEDURES/FACILITY/INPATIENT HOSPITAL/CARDIOLOGY/ELECTROCARDIOGRAPHY (EKG/ECG)
Electromyography and Nerve Conduction Studies,52212,/PRODUCTION/SERVICES AND PROCEDURES/PROFESSIONAL/DIAGNOSTIC SERVICES/NEUROLOGY AND NEUROMUSCULAR PROCEDURES/ELECTROMYOGRAPHY AND NERVE CONDUCTION STUDIES
Electrophysiologic Operative Procedures,15392,/PRODUCTION/SERVICES AND PROCEDURES/PROFESSIONAL/SURGICAL PROCEDURES/CARDIOVASCULAR SYSTEM/HEART AND PERICARDIUM/ELECTROPHYSIOLOGIC OPERATIVE PROCEDURES
Embolectomy / Thrombectomy,15412,/PRODUCTION/SERVICES AND PROCEDURES/PROFESSIONAL/SURGICAL PROCEDURES/CARDIOVASCULAR SYSTEM/ARTERIES AND VEINS/EMBOLECTOMY / THROMBECTOMY
Embryo transfer procedures,60397,/PRODUCTION/SERVICES AND PROCEDURES/MARK-UP TOPICS ONLY/EMBRYO TRANSFER PROCEDURES
Emergency Ambulance Services,2011881,/PRODUCTION/SERVICES AND PROCEDURES/PROFESSIONAL/AMBULANCE/EMERGENCY AMBULANCE SERVICES
Emergency room charges,12904,/PRODUCTION/SERVICES AND PROCEDURES/FACILITY/EMERGENCY ROOM CHARGES
Emergency treatment/First aid,24103,/PRODUCTION/SERVICES AND PROCEDURES/PROFESSIONAL/EMERGENCY TREATMENT/FIRST AID
Employer Sponsored Clinic,2395398,/PRODUCTION/SERVICES AND PROCEDURES/EMPLOYER SPONSORED CLINIC
End stage renal disease monitoring,20257,/PRODUCTION/SERVICES AND PROCEDURES/PROFESSIONAL/DIALYSIS SERVICES/ESRD MONITORING
Endocrine System,18787,/PRODUCTION/SERVICES AND PROCEDURES/PROFESSIONAL/RADIOLOGY/NUCLEAR MEDICINE/DIAGNOSTIC/ENDOCRINE SYSTEM
Endocrine system surgery and anesthesia,12863,/PRODUCTION/SERVICES AND PROCEDURES/PROFESSIONAL/SURGICAL PROCEDURES/ENDOCRINE SYSTEM
Endocrinology,52239,/PRODUCTION/SERVICES AND PROCEDURES/PROFESSIONAL/DIAGNOSTIC SERVICES/ENDOCRINOLOGY
Endodontic implant,60501,/PRODUCTION/SERVICES AND PROCEDURES/DENTAL II/ENDODONTIC IMPLANT
Endoscopy,"12848,16053,16063,16025,16048,60439,15128,15131,15139,15134,16742,16748",/PRODUCTION/SERVICES AND PROCEDURES/MARK-UP TOPICS ONLY/ENDOSCOPY | /PRODUCTION/SERVICES AND PROCEDURES/PROFESSIONAL/SURGICAL PROCEDURES/DIGESTIVE SYSTEM/ANUS/ENDOSCOPY
"Endoscopy - Cystoscopy, Urethroscopy, Cystourethrosc",16755,"/PRODUCTION/SERVICES AND PROCEDURES/PROFESSIONAL/SURGICAL PROCEDURES/URINARY SYSTEM/BLADDER/ENDOSCOPY - CYSTOSCOPY, URETHROSCOPY, CYSTOURETHROSC"
Endoscopy for Cervix Uteri,17190,/PRODUCTION/SERVICES AND PROCEDURES/PROFESSIONAL/SURGICAL PROCEDURES/FEMALE GENITAL SYSTEM/CERVIX UTERI/ENDOSCOPY
Endoscopy for Heart and Pericardium,61270,/PRODUCTION/SERVICES AND PROCEDURES/PROFESSIONAL/SURGICAL PROCEDURES/CARDIOVASCULAR SYSTEM/HEART AND PERICARDIUM/ENDOSCOPY
Endoscopy for vagina,61276,/PRODUCTION/SERVICES AND PROCEDURES/PROFESSIONAL/SURGICAL PROCEDURES/FEMALE GENITAL SYSTEM/VAGINA/ENDOSCOPY
Endoscopy for vascular surgery,61272,/PRODUCTION/SERVICES AND PROCEDURES/PROFESSIONAL/SURGICAL PROCEDURES/CARDIOVASCULAR SYSTEM/ADJUVANT TECHNIQUES/ENDOSCOPY
"Endoscopy, Small Bowel and Stomal",16039,"/PRODUCTION/SERVICES AND PROCEDURES/PROFESSIONAL/SURGICAL PROCEDURES/DIGESTIVE SYSTEM/INTESTINES (EXCEPT RECTUM)/ENDOSCOPY, SMALL BOWEL AND STOMAL"
Endoscopy/ Arthroscopy,13681,/PRODUCTION/SERVICES AND PROCEDURES/PROFESSIONAL/SURGICAL PROCEDURES/MUSCULOSKELETAL SYSTEM/ENDOSCOPY/ ARTHROSCOPY
Endosteal implant,63021,/PRODUCTION/SERVICES AND PROCEDURES/DENTAL/ALVEOPLASTY/IMPLANT DENTAL SERVICES/ENDOSTEAL IMPLANT
Endovascular Repair of Abdominal Aortic Aneurysm,15414,/PRODUCTION/SERVICES AND PROCEDURES/PROFESSIONAL/SURGICAL PROCEDURES/CARDIOVASCULAR SYSTEM/ARTERIES AND VEINS/ENDOVASCULAR REPAIR OF ABDOMINAL AORTIC ANEURYSM
Endovascular Repair of Iliac Aneurysm,61271,/PRODUCTION/SERVICES AND PROCEDURES/PROFESSIONAL/SURGICAL PROCEDURES/CARDIOVASCULAR SYSTEM/ARTERIES AND VEINS/ENDOVASCULAR REPAIR OF ILIAC ANEURYSM
Endovascular Repair of Visceral Aorta,2323245,/PRODUCTION/SERVICES AND PROCEDURES/PROFESSIONAL/SURGICAL PROCEDURES/CARDIOVASCULAR SYSTEM/ARTERIES AND VEINS/ENDOVASCULAR REPAIR OF VISCERAL AORTA
Endovascular Therapy,17449,"/PRODUCTION/SERVICES AND PROCEDURES/PROFESSIONAL/SURGICAL PROCEDURES/NERVOUS SYSTEM/SKULL, MENINGES AND BRAIN/ENDOVASCULAR THERAPY"
Enteral and parenteral nutrition pumps,21357,/PRODUCTION/SERVICES AND PROCEDURES/PROFESSIONAL/ENTERAL AND PARENTERAL NUTRITION THERAPY/ENTERAL AND PARENTERAL NUTRITION PUMPS
Enteral and parenteral nutrition therapy,12933,/PRODUCTION/SERVICES AND PROCEDURES/PROFESSIONAL/ENTERAL AND PARENTERAL NUTRITION THERAPY
Enteral formulae and enteral medical supplies,21355,/PRODUCTION/SERVICES AND PROCEDURES/PROFESSIONAL/ENTERAL AND PARENTERAL NUTRITION THERAPY/ENTERAL FORMULAE AND ENTERAL MEDICAL SUPPLIES
Enterostomy - External Fistulization of Intestines,16038,/PRODUCTION/SERVICES AND PROCEDURES/PROFESSIONAL/SURGICAL PROCEDURES/DIGESTIVE SYSTEM/INTESTINES (EXCEPT RECTUM)/ENTEROSTOMY - EXTERNAL FISTULIZATION OF INTESTINES
Epididymis,17039,/PRODUCTION/SERVICES AND PROCEDURES/PROFESSIONAL/SURGICAL PROCEDURES/MALE GENITAL SYSTEM/EPIDIDYMIS
Eposteal implant,63022,/PRODUCTION/SERVICES AND PROCEDURES/DENTAL/ALVEOPLASTY/IMPLANT DENTAL SERVICES/EPOSTEAL IMPLANT
Esophagus,15990,/PRODUCTION/SERVICES AND PROCEDURES/PROFESSIONAL/SURGICAL PROCEDURES/DIGESTIVE SYSTEM/ESOPHAGUS
ESRD freestanding facility,89496,/PRODUCTION/SERVICES AND PROCEDURES/FACILITY/ESRD FREESTANDING FACILITY
Established Adult Patient,20865,/PRODUCTION/SERVICES AND PROCEDURES/PROFESSIONAL/PREVENTIVE SERVICES/EVALUATION AND MANAGEMENT - HEALTH MAINTENANCE EXAM OR GYNECOLOGICAL EXAM/ROUTINE PHYSICAL/ESTABLISHED ADULT PATIENT
Established Patient,"20799,20833,20839,20770,20295","/PRODUCTION/SERVICES AND PROCEDURES/PROFESSIONAL/CONSULTATIONS/FOLLOW-UP INPATIENT CONSULTATIONS/ESTABLISHED PATIENT | /PRODUCTION/SERVICES AND PROCEDURES/PROFESSIONAL/OFFICE, OUTPATIENT AND HOME MEDICAL CARE VISITS/DOMICILIARY, REST HOME OR CUSTODIAL CARE SERVICES/ESTABLISHED PATIENT"
Evaluation and management,12712,/PRODUCTION/SERVICES AND PROCEDURES/MARK-UP TOPICS ONLY/EVALUATION AND MANAGEMENT
Evaluation and management - Health Maintenance Exam or Gynecological Exam,12740,/PRODUCTION/SERVICES AND PROCEDURES/PROFESSIONAL/PREVENTIVE SERVICES/EVALUATION AND MANAGEMENT - HEALTH MAINTENANCE EXAM OR GYNECOLOGICAL EXAM
Evaluation and management for care plan oversight,12739,"/PRODUCTION/SERVICES AND PROCEDURES/PROFESSIONAL/OFFICE, OUTPATIENT AND HOME MEDICAL CARE VISITS/CARE PLAN OVERSIGHT"
Evaluation and management for case management services,12738,"/PRODUCTION/SERVICES AND PROCEDURES/PROFESSIONAL/OFFICE, OUTPATIENT AND HOME MEDICAL CARE VISITS/CASE MANAGEMENT SERVICES"
Evaluation and management for critical care services,12732,/PRODUCTION/SERVICES AND PROCEDURES/PROFESSIONAL/INPATIENT MEDICAL CARE/CRITICAL CARE SERVICES
"Evaluation and management for domiciliary, rest home or custodial care services",12735,"/PRODUCTION/SERVICES AND PROCEDURES/PROFESSIONAL/OFFICE, OUTPATIENT AND HOME MEDICAL CARE VISITS/DOMICILIARY, REST HOME OR CUSTODIAL CARE SERVICES"
Evaluation and management for emergency department services,20819,/PRODUCTION/SERVICES AND PROCEDURES/PROFESSIONAL/EMERGENCY TREATMENT/FIRST AID/EVALUATION AND MANAGEMENT/EMERGENCY DEPARTMENT SERVICES
Evaluation and management for emergency services,12731,/PRODUCTION/SERVICES AND PROCEDURES/PROFESSIONAL/EMERGENCY TREATMENT/FIRST AID/EVALUATION AND MANAGEMENT
Evaluation and management for hospital inpatient services,12729,/PRODUCTION/SERVICES AND PROCEDURES/PROFESSIONAL/INPATIENT MEDICAL CARE/EVALUATION AND MANAGEMENT FOR HOSPITAL INPATIENT SERVICES
Evaluation and management for hospital observation services,12728,/PRODUCTION/SERVICES AND PROCEDURES/PROFESSIONAL/EMERGENCY TREATMENT/FIRST AID/HOSPITAL OBSERVATION SERVICES
Evaluation and management for inpatient neonatal critical care,12733,/PRODUCTION/SERVICES AND PROCEDURES/PROFESSIONAL/INPATIENT MEDICAL CARE/NEONATAL AND PEDIATRIC CRTICAL CARE SERVICES/INPATIENT NEONATAL CRITICAL CARE
Evaluation and management for inpatient pediatric critical care,61289,/PRODUCTION/SERVICES AND PROCEDURES/PROFESSIONAL/INPATIENT MEDICAL CARE/NEONATAL AND PEDIATRIC CRTICAL CARE SERVICES/INPATIENT PEDIATRIC CRITICAL CARE
Evaluation and management for nursing facility services,12734,/PRODUCTION/SERVICES AND PROCEDURES/PROFESSIONAL/INPATIENT MEDICAL CARE/EVALUATION AND MANAGEMENT FOR NURSING FACILITY SERVICES
Evaluation and management for office or other outpatient services,12727,"/PRODUCTION/SERVICES AND PROCEDURES/PROFESSIONAL/OFFICE, OUTPATIENT AND HOME MEDICAL CARE VISITS/OFFICE OR OTHER OUTPATIENT SERVICES"
Evaluation and management for patient transport,60191,/PRODUCTION/SERVICES AND PROCEDURES/PROFESSIONAL/INPATIENT MEDICAL CARE/PATIENT TRANSPORT
Evaluation and management for prolonged services,12737,/PRODUCTION/SERVICES AND PROCEDURES/PROFESSIONAL/INPATIENT MEDICAL CARE/PROLONGED SERVICES
Evaluative and Therapeutic Services for Special Otorhinolaryngologic Service,61281,/PRODUCTION/SERVICES AND PROCEDURES/PROFESSIONAL/DIAGNOSTIC SERVICES/OTORHINOLARYNGOLOGIC SERVICES/EVALUATIVE AND THERAPEUTIC SERVICES FOR SPECIAL OTORHINOLARYNGOLOGIC SERVICE
Evocative-suppression laboratory testing,12891,/PRODUCTION/SERVICES AND PROCEDURES/PROFESSIONAL/PATHOLOGY AND LABORATORY/EVOCATIVE-SUPPRESSION LABORATORY TESTING
Evoked Potentials and Reflex Tests,81323,/PRODUCTION/SERVICES AND PROCEDURES/PROFESSIONAL/DIAGNOSTIC SERVICES/NEUROLOGY AND NEUROMUSCULAR PROCEDURES/EVOKED POTENTIALS AND REFLEX TESTS
Excision,"17380,18176,18185,18181,16052,16044,16065,16024,16036,16001,16058,16042,16068,16047,16016,16031,16007,60272,60271,17191,17194,17203,17200,17186,17182,15929,15923,13326,17053,17047,17063,60312,17061,17058,17050,17055,60314,15969,59749,13739,13752,13720,13726,13689,13713,13745,13694,13732,13706,13697,17473,15127,15129,15138,15120,16750,16737,16744,16760",/PRODUCTION/SERVICES AND PROCEDURES/PROFESSIONAL/MATERNITY CARE/CARE AND DELIVERY/EXCISION | /PRODUCTION/SERVICES AND PROCEDURES/PROFESSIONAL/SURGICAL PROCEDURES/AUDITORY SYSTEM/EXTERNAL EAR/EXCISION
Excision - Benign Lesions,13293,"/PRODUCTION/SERVICES AND PROCEDURES/PROFESSIONAL/SURGICAL PROCEDURES/INTEGUMENTARY SYSTEM/SKIN, SUBCUTANEOUS AND ACCESSORY STRUCTURES/EXCISION - BENIGN LESIONS"
Excision - Debridement,13288,"/PRODUCTION/SERVICES AND PROCEDURES/PROFESSIONAL/SURGICAL PROCEDURES/INTEGUMENTARY SYSTEM/SKIN, SUBCUTANEOUS AND ACCESSORY STRUCTURES/EXCISION - DEBRIDEMENT"
Excision - Malignant Lesions,13294,"/PRODUCTION/SERVICES AND PROCEDURES/PROFESSIONAL/SURGICAL PROCEDURES/INTEGUMENTARY SYSTEM/SKIN, SUBCUTANEOUS AND ACCESSORY STRUCTURES/EXCISION - MALIGNANT LESIONS"
Excision and/or Destruction,17924,/PRODUCTION/SERVICES AND PROCEDURES/PROFESSIONAL/SURGICAL PROCEDURES/EYE AND OCULAR ADNEXA/CONJUNCTIVA/EXCISION AND/OR DESTRUCTION
Excision by Laminectomy of Lesion Other Than Herni,17462,/PRODUCTION/SERVICES AND PROCEDURES/PROFESSIONAL/SURGICAL PROCEDURES/NERVOUS SYSTEM/SPINE AND SPINAL CORD/EXCISION BY LAMINECTOMY OF LESION OTHER THAN HERNI
Excision of the musculoskeletal system,13684,/PRODUCTION/SERVICES AND PROCEDURES/PROFESSIONAL/SURGICAL PROCEDURES/MUSCULOSKELETAL SYSTEM/GENERAL/EXCISION
"Excision, Anterior or Anterolateral Approach, Intr",17463,"/PRODUCTION/SERVICES AND PROCEDURES/PROFESSIONAL/SURGICAL PROCEDURES/NERVOUS SYSTEM/SPINE AND SPINAL CORD/EXCISION, ANTERIOR OR ANTEROLATERAL APPROACH, INTR"
"Excision, Destruction","16072,16011,16013,16020,16004","/PRODUCTION/SERVICES AND PROCEDURES/PROFESSIONAL/SURGICAL PROCEDURES/DIGESTIVE SYSTEM/ABDOMEN, PERITONEUM, AND OMENTUM/EXCISION, DESTRUCTION | /PRODUCTION/SERVICES AND PROCEDURES/PROFESSIONAL/SURGICAL PROCEDURES/DIGESTIVE SYSTEM/DENTOALVEOLAR STRUCTURES/EXCISION, DESTRUCTION"
Exploration,59738,/PRODUCTION/SERVICES AND PROCEDURES/PROFESSIONAL/SURGICAL PROCEDURES/MUSCULOSKELETAL SYSTEM/SPINE (VERTEBRAL COLUMN)/EXPLORATION
Exploration / Revision,15424,/PRODUCTION/SERVICES AND PROCEDURES/PROFESSIONAL/SURGICAL PROCEDURES/CARDIOVASCULAR SYSTEM/ADJUVANT TECHNIQUES/EXPLORATION / REVISION
External Ear,18171,/PRODUCTION/SERVICES AND PROCEDURES/PROFESSIONAL/SURGICAL PROCEDURES/AUDITORY SYSTEM/EXTERNAL EAR
External Power,23012,/PRODUCTION/SERVICES AND PROCEDURES/PROFESSIONAL/PROSTHETICS AND ORTHOTICS/PROSTHETIC DEVICE/EXTERNAL POWER
External Urinary Supplies,20963,/PRODUCTION/SERVICES AND PROCEDURES/PROFESSIONAL/MEDICAL AND SURGICAL SUPPLIES/EXTERNAL URINARY SUPPLIES
"Extracranial Nerves, Peripheral Nerves and Autono",17442,"/PRODUCTION/SERVICES AND PROCEDURES/PROFESSIONAL/SURGICAL PROCEDURES/NERVOUS SYSTEM/EXTRACRANIAL NERVES, PERIPHERAL NERVES AND AUTONO"
Extraocular Muscles,17920,/PRODUCTION/SERVICES AND PROCEDURES/PROFESSIONAL/SURGICAL PROCEDURES/EYE AND OCULAR ADNEXA/OCULAR ADNEXA/EXTRAOCULAR MUSCLES
Extremities,18675,/PRODUCTION/SERVICES AND PROCEDURES/PROFESSIONAL/RADIOLOGY/DIAGNOSTIC RADIOLOGY/ULTRASOUND/EXTREMITIES
Extremity Arterial Studies (Including Digits),20496,/PRODUCTION/SERVICES AND PROCEDURES/PROFESSIONAL/DIAGNOSTIC SERVICES/NON-INVASIVE VASCULAR DIAGNOSTIC STUDIES/EXTREMITY ARTERIAL STUDIES (INCLUDING DIGITS)
Extremity arterial-venous studies,52701,/PRODUCTION/SERVICES AND PROCEDURES/PROFESSIONAL/DIAGNOSTIC SERVICES/NON-INVASIVE VASCULAR DIAGNOSTIC STUDIES/EXTREMITY ARTERIAL-VENOUS STUDIES
Extremity Venous Studies (Including Digits),20497,/PRODUCTION/SERVICES AND PROCEDURES/PROFESSIONAL/DIAGNOSTIC SERVICES/NON-INVASIVE VASCULAR DIAGNOSTIC STUDIES/EXTREMITY VENOUS STUDIES (INCLUDING DIGITS)
Eye and ocular adnexa surgery and anesthesia,12865,/PRODUCTION/SERVICES AND PROCEDURES/PROFESSIONAL/SURGICAL PROCEDURES/EYE AND OCULAR ADNEXA
Eyeball,17903,/PRODUCTION/SERVICES AND PROCEDURES/PROFESSIONAL/SURGICAL PROCEDURES/EYE AND OCULAR ADNEXA/EYEBALL
Eyeglass frames,12946,/PRODUCTION/SERVICES AND PROCEDURES/PROFESSIONAL/PROSTHETICS AND ORTHOTICS/PROSTHETIC DEVICE/SPECTACLE LENSES/EYEGLASS FRAMES
Eyelid repair,2016784,/PRODUCTION/SERVICES AND PROCEDURES/PROFESSIONAL/SURGICAL PROCEDURES/COSMETIC AND RECONSTRUCTIVE SURGERY PROCEDURES/RECONSTRUCTIVE PROCEDURES/EYELID REPAIR
Eyelids,17922,/PRODUCTION/SERVICES AND PROCEDURES/PROFESSIONAL/SURGICAL PROCEDURES/EYE AND OCULAR ADNEXA/OCULAR ADNEXA/EYELIDS
Facility,52761,/PRODUCTION/SERVICES AND PROCEDURES/FACILITY
Facility charges for adult care,63211,/PRODUCTION/SERVICES AND PROCEDURES/FACILITY/MISCELLANEOUS/FACILITY CHARGES FOR ADULT CARE
Facility charges for chest x-ray,60473,/PRODUCTION/SERVICES AND PROCEDURES/MARK-UP TOPICS ONLY/FACILITY CHARGES FOR CHEST X-RAY
Facility charges for CT scans,52394,/PRODUCTION/SERVICES AND PROCEDURES/FACILITY/INPATIENT HOSPITAL/RADIOLOGY/FACILITY CHARGES FOR CT SCANS
Facility charges for dressings,60572,/PRODUCTION/SERVICES AND PROCEDURES/MARK-UP TOPICS ONLY/FACILITY CHARGES FOR DRESSINGS
Facility charges for miscellaneous dialysis,60545,/PRODUCTION/SERVICES AND PROCEDURES/FACILITY/OUTPATIENT HOSPITAL/DIALYSIS/FACILITY CHARGES FOR MISCELLANEOUS DIALYSIS
Facility charges for other diagnostic radiology imaging services,12887,/PRODUCTION/SERVICES AND PROCEDURES/FACILITY/INPATIENT HOSPITAL/RADIOLOGY/FACILITY CHARGES FOR OTHER DIAGNOSTIC RADIOLOGY IMAGING SERVICES
Facility charges for outpatient or home continuous ambulatory peritoneal dialysis,12759,/PRODUCTION/SERVICES AND PROCEDURES/FACILITY/OUTPATIENT HOSPITAL/DIALYSIS/FACILITY CHARGES FOR OUTPATIENT OR HOME CONTINUOUS AMBULATORY PERITONEAL DIALYSIS
Facility charges for outpatient or home continuous cycling peritoneal dialysis,12760,/PRODUCTION/SERVICES AND PROCEDURES/FACILITY/OUTPATIENT HOSPITAL/DIALYSIS/FACILITY CHARGES FOR OUTPATIENT OR HOME CONTINUOUS CYCLING PERITONEAL DIALYSIS
Facility charges for outpatient or home hemodialysis,12757,/PRODUCTION/SERVICES AND PROCEDURES/FACILITY/OUTPATIENT HOSPITAL/DIALYSIS/FACILITY CHARGES FOR OUTPATIENT OR HOME HEMODIALYSIS
Facility charges for outpatient or home peritoneal dialysis,12758,/PRODUCTION/SERVICES AND PROCEDURES/FACILITY/OUTPATIENT HOSPITAL/DIALYSIS/FACILITY CHARGES FOR OUTPATIENT OR HOME PERITONEAL DIALYSIS
Facility charges for patient convenience items during stay,12925,"/PRODUCTION/SERVICES AND PROCEDURES/FACILITY/INPATIENT HOSPITAL/ROOM, BOARD AND NURSING CHARGES/PATIENT CONVENIENCE ITEMS"
Facility charges for therapeutic radiology services,24026,/PRODUCTION/SERVICES AND PROCEDURES/FACILITY/INPATIENT HOSPITAL/RADIOLOGY/FACILITY CHARGES FOR THERAPEUTIC RADIOLOGY SERVICES
Facility charges for x-rays,60222,/PRODUCTION/SERVICES AND PROCEDURES/FACILITY/INPATIENT HOSPITAL/RADIOLOGY/FACILITY CHARGES FOR X-RAYS
Facility Outpatient Prospective Payment System,61295,/PRODUCTION/SERVICES AND PROCEDURES/PROFESSIONAL/FACILITY OUTPATIENT PROSPECTIVE PAYMENT SYSTEM
Facility special charges,23766,"/PRODUCTION/SERVICES AND PROCEDURES/FACILITY/INPATIENT HOSPITAL/ROOM, BOARD AND NURSING CHARGES/FACILITY SPECIAL CHARGES"
Family Building Program,2414456,/PRODUCTION/SERVICES AND PROCEDURES/PROFESSIONAL/MATERNITY AND FAMILY EDUCATION/FAMILY BUILDING PROGRAM
Family planning services,60425,/PRODUCTION/SERVICES AND PROCEDURES/MARK-UP TOPICS ONLY/FAMILY PLANNING SERVICES
Family psychotherapy,52445,/PRODUCTION/SERVICES AND PROCEDURES/PROFESSIONAL/PSYCHIATRIC SERVICES/FAMILY PSYCHOTHERAPY
Federally qualified health center,2326783,/PRODUCTION/SERVICES AND PROCEDURES/PROFESSIONAL/MISCELLANEOUS/FEDERALLY QUALIFIED HEALTH CENTER
Female,2317480,/PRODUCTION/SERVICES AND PROCEDURES/PROFESSIONAL/SURGICAL PROCEDURES/STERILIZATION/FEMALE
Female genital system surgery and anesthesia,12861,/PRODUCTION/SERVICES AND PROCEDURES/PROFESSIONAL/SURGICAL PROCEDURES/FEMALE GENITAL SYSTEM
Femur (Thigh Region) and Knee Joint,13677,/PRODUCTION/SERVICES AND PROCEDURES/PROFESSIONAL/SURGICAL PROCEDURES/MUSCULOSKELETAL SYSTEM/FEMUR (THIGH REGION) AND KNEE JOINT
FEVAR Endograft Planning,2328180,/PRODUCTION/SERVICES AND PROCEDURES/PROFESSIONAL/SURGICAL PROCEDURES/CARDIOVASCULAR SYSTEM/HEART AND PERICARDIUM/FEVAR ENDOGRAFT PLANNING
Fixed partial pontics,66616,/PRODUCTION/SERVICES AND PROCEDURES/DENTAL/ALVEOPLASTY/DENTAL PROSTHODONTICS/FIXED/FIXED PARTIAL DENTURES PONTICS
Fixed prosthodontics,66615,/PRODUCTION/SERVICES AND PROCEDURES/DENTAL/ALVEOPLASTY/DENTAL PROSTHODONTICS/FIXED
Fixed retainers - crown,66618,/PRODUCTION/SERVICES AND PROCEDURES/DENTAL/ALVEOPLASTY/DENTAL PROSTHODONTICS/FIXED/FIXED PARTIAL DENTURE RETAINERS - CROWN
Fixed retainers inlay/onlay,66617,/PRODUCTION/SERVICES AND PROCEDURES/DENTAL/ALVEOPLASTY/DENTAL PROSTHODONTICS/FIXED/FIXED PARTIAL DENTURES RETAINERS INLAY/ONLAY
Flaps (Skin and/or Deep Tissues),13316,/PRODUCTION/SERVICES AND PROCEDURES/PROFESSIONAL/SURGICAL PROCEDURES/INTEGUMENTARY SYSTEM/REPAIR (CLOSURE)/FLAPS (SKIN AND/OR DEEP TISSUES)
Flexible sigmoidoscopy,52662,/PRODUCTION/SERVICES AND PROCEDURES/PROFESSIONAL/PREVENTIVE SERVICES/SURGERY/FLEXIBLE SIGMOIDOSCOPY
Fluoroscopic Guidance,88033,/PRODUCTION/SERVICES AND PROCEDURES/PROFESSIONAL/RADIOLOGY/DIAGNOSTIC RADIOLOGY/RADIOLOGIC GUIDANCE/FLUOROSCOPIC GUIDANCE
Follow-up Inpatient Consultations,20796,/PRODUCTION/SERVICES AND PROCEDURES/PROFESSIONAL/CONSULTATIONS/FOLLOW-UP INPATIENT CONSULTATIONS
Foot and Toes,13679,/PRODUCTION/SERVICES AND PROCEDURES/PROFESSIONAL/SURGICAL PROCEDURES/MUSCULOSKELETAL SYSTEM/FOOT AND TOES
Foot care services,62594,/PRODUCTION/SERVICES AND PROCEDURES/MARK-UP TOPICS ONLY/FOOT CARE SERVICES
Forearm and Wrist,13674,/PRODUCTION/SERVICES AND PROCEDURES/PROFESSIONAL/SURGICAL PROCEDURES/MUSCULOSKELETAL SYSTEM/FOREARM AND WRIST
"Forearm, Wrist, and Hand",13040,"/PRODUCTION/SERVICES AND PROCEDURES/PROFESSIONAL/ANESTHESIA/FOREARM, WRIST, AND HAND"
Forehead reconstruction,2016782,/PRODUCTION/SERVICES AND PROCEDURES/PROFESSIONAL/SURGICAL PROCEDURES/COSMETIC AND RECONSTRUCTIVE SURGERY PROCEDURES/RECONSTRUCTIVE PROCEDURES/FOREHEAD RECONSTRUCTION
Fracture and/or Dislocation,"13742,13755,13723,13728,13692,13716,13747,13696,13735,13709,13699",/PRODUCTION/SERVICES AND PROCEDURES/PROFESSIONAL/SURGICAL PROCEDURES/MUSCULOSKELETAL SYSTEM/FEMUR (THIGH REGION) AND KNEE JOINT/FRACTURE AND/OR DISLOCATION | /PRODUCTION/SERVICES AND PROCEDURES/PROFESSIONAL/SURGICAL PROCEDURES/MUSCULOSKELETAL SYSTEM/FOOT AND TOES/FRACTURE AND/OR DISLOCATION
Free Skin Grafts,13315,/PRODUCTION/SERVICES AND PROCEDURES/PROFESSIONAL/SURGICAL PROCEDURES/INTEGUMENTARY SYSTEM/REPAIR (CLOSURE)/FREE SKIN GRAFTS
Freestanding clinic charges,23883,/PRODUCTION/SERVICES AND PROCEDURES/FACILITY/OUTPATIENT HOSPITAL/OUTPATIENT CLINIC/FREESTANDING CLINIC CHARGES
Full mouth,89773,/PRODUCTION/SERVICES AND PROCEDURES/DENTAL/BASIC/DENTAL RADIOGRAPHS/FULL MOUTH
Functional Brain Mapping,87932,/PRODUCTION/SERVICES AND PROCEDURES/PROFESSIONAL/DIAGNOSTIC SERVICES/NEUROLOGY AND NEUROMUSCULAR PROCEDURES/FUNCTIONAL BRAIN MAPPING
Gastoenterology,52604,/PRODUCTION/SERVICES AND PROCEDURES/FACILITY/INPATIENT HOSPITAL/GASTOENTEROLOGY
Gastric Physiology,20287,/PRODUCTION/SERVICES AND PROCEDURES/PROFESSIONAL/DIAGNOSTIC SERVICES/GASTROENTEROLOGY/PROFESSIONAL SERVICES/GASTRIC PHYSIOLOGY
Gastric surgeries,63163,/PRODUCTION/SERVICES AND PROCEDURES/PROFESSIONAL/SURGICAL PROCEDURES/DIGESTIVE SYSTEM/GASTRIC SURGERIES
Gastroenterology,12762,/PRODUCTION/SERVICES AND PROCEDURES/PROFESSIONAL/DIAGNOSTIC SERVICES/GASTROENTEROLOGY
Gastrointestinal System,18789,/PRODUCTION/SERVICES AND PROCEDURES/PROFESSIONAL/RADIOLOGY/NUCLEAR MEDICINE/DIAGNOSTIC/GASTROINTESTINAL SYSTEM
General,"23013,60288",/PRODUCTION/SERVICES AND PROCEDURES/PROFESSIONAL/PROSTHETICS AND ORTHOTICS/PROSTHETIC DEVICE/GENERAL | /PRODUCTION/SERVICES AND PROCEDURES/PROFESSIONAL/SURGICAL PROCEDURES/HEMIC AND LYMPHATIC SYSTEM/GENERAL
General musculoskeletal surgical procedures,13667,/PRODUCTION/SERVICES AND PROCEDURES/PROFESSIONAL/SURGICAL PROCEDURES/MUSCULOSKELETAL SYSTEM/GENERAL
General ophthalmological services,20289,"/PRODUCTION/SERVICES AND PROCEDURES/PROFESSIONAL/OFFICE, OUTPATIENT AND HOME MEDICAL CARE VISITS/OFFICE OR OTHER OUTPATIENT SERVICES/GENERAL OPHTHALMOLOGICAL SERVICES"
General surgical procedures,52915,/PRODUCTION/SERVICES AND PROCEDURES/PROFESSIONAL/SURGICAL PROCEDURES/GENERAL
Genetic Counseling,2322185,/PRODUCTION/SERVICES AND PROCEDURES/PROFESSIONAL/NHCR/PPACA/GENETIC COUNSELING
Genitalia,18674,/PRODUCTION/SERVICES AND PROCEDURES/PROFESSIONAL/RADIOLOGY/DIAGNOSTIC RADIOLOGY/ULTRASOUND/GENITALIA
Genitourinary System,18794,/PRODUCTION/SERVICES AND PROCEDURES/PROFESSIONAL/RADIOLOGY/NUCLEAR MEDICINE/DIAGNOSTIC/GENITOURINARY SYSTEM
Genomic Sequencing Procedures (GSPs) and Other Molecular Multianalyte Assays,2328022,/PRODUCTION/SERVICES AND PROCEDURES/PROFESSIONAL/PATHOLOGY AND LABORATORY/GENOMIC SEQUENCING PROCEDURES (GSPS) AND OTHER MOLECULAR MULTIANALYTE ASSAYS
Glaucoma Screening,2321021,/PRODUCTION/SERVICES AND PROCEDURES/PROFESSIONAL/NHCR/PPACA/DIAGNOSTIC SERVICES/GLAUCOMA SCREENING
Glucose,2321074,/PRODUCTION/SERVICES AND PROCEDURES/PROFESSIONAL/NHCR/PPACA/PATHOLOGY & LABORATORY/GLUCOSE
Gonorrhea Screening,2320975,/PRODUCTION/SERVICES AND PROCEDURES/PROFESSIONAL/NHCR/PPACA/PATHOLOGY & LABORATORY/GONORRHEA SCREENING
Grafts (or Implants),13687,/PRODUCTION/SERVICES AND PROCEDURES/PROFESSIONAL/SURGICAL PROCEDURES/MUSCULOSKELETAL SYSTEM/GENERAL/GRAFTS (OR IMPLANTS)
Ground mileage,60436,/PRODUCTION/SERVICES AND PROCEDURES/PROFESSIONAL/AMBULANCE/EMERGENCY AMBULANCE SERVICES/GROUND MILEAGE
Group psychotherapy,52444,/PRODUCTION/SERVICES AND PROCEDURES/PROFESSIONAL/PSYCHIATRIC SERVICES/GROUP PSYCHOTHERAPY
Growth Hormone,81184,/PRODUCTION/SERVICES AND PROCEDURES/PROFESSIONAL/INJECTIONS AND INFUSIONS/INJECTABLE DRUGS/GROWTH HORMONE
Guided Self Management,88075,/PRODUCTION/SERVICES AND PROCEDURES/PROFESSIONAL/BLUE HEALTH CONNECT/GUIDED SELF MANAGEMENT
Guided tissue regeneration,61336,/PRODUCTION/SERVICES AND PROCEDURES/DENTAL II/GUIDED TISSUE REGENERATION
Gynecological exam,52647,/PRODUCTION/SERVICES AND PROCEDURES/PROFESSIONAL/PREVENTIVE SERVICES/EVALUATION AND MANAGEMENT - HEALTH MAINTENANCE EXAM OR GYNECOLOGICAL EXAM/GYNECOLOGICAL EXAM
Hair prostheses,52596,/PRODUCTION/SERVICES AND PROCEDURES/PROFESSIONAL/PROSTHETICS AND ORTHOTICS/PROSTHETIC DEVICE/HAIR PROSTHESES
Halo Procedure,22565,/PRODUCTION/SERVICES AND PROCEDURES/PROFESSIONAL/PROSTHETICS AND ORTHOTICS/ORTHOTIC DEVICE/HALO PROCEDURE
Hand and Fingers,13675,/PRODUCTION/SERVICES AND PROCEDURES/PROFESSIONAL/SURGICAL PROCEDURES/MUSCULOSKELETAL SYSTEM/HAND AND FINGERS
Harvesting and storing bone marrow,52639,/PRODUCTION/SERVICES AND PROCEDURES/PROFESSIONAL/SURGICAL PROCEDURES/TRANSPLANTATION/BASIC ORGAN/BONE MARROW/HARVESTING AND STORING BONE MARROW
Head,13026,/PRODUCTION/SERVICES AND PROCEDURES/PROFESSIONAL/ANESTHESIA/HEAD
Head and Neck,18670,/PRODUCTION/SERVICES AND PROCEDURES/PROFESSIONAL/RADIOLOGY/DIAGNOSTIC RADIOLOGY/ULTRASOUND/HEAD AND NECK
Head Prosthesis,2006653,/PRODUCTION/SERVICES AND PROCEDURES/PROFESSIONAL/SURGICAL PROCEDURES/MUSCULOSKELETAL SYSTEM/HEAD/HEAD PROSTHESIS
Health and behavior assessments - with Autism,52241,"/PRODUCTION/SERVICES AND PROCEDURES/PROFESSIONAL/OFFICE, OUTPATIENT AND HOME MEDICAL CARE VISITS/HEALTH AND BEHAVIOR ASSESSMENTS"
Health and behavior assessments - without Autism,2382898,"/PRODUCTION/SERVICES AND PROCEDURES/PROFESSIONAL/OFFICE, OUTPATIENT AND HOME MEDICAL CARE VISITS/HEALTH AND BEHAVIOR ASSESSMENTS (WITHOUT AUTISM)"
Hearing,12724,/PRODUCTION/SERVICES AND PROCEDURES/HEARING
Hearing aid dispensing fee,68374,/PRODUCTION/SERVICES AND PROCEDURES/HEARING/HEARING AIDS/DISPENSING FEE
Hearing aid evaluation test,52781,/PRODUCTION/SERVICES AND PROCEDURES/HEARING/EXAMINATION/EVALUATION/HEARING AID EVALUATION TEST
Hearing aid services,60061,/PRODUCTION/SERVICES AND PROCEDURES/PROFESSIONAL/DIAGNOSTIC SERVICES/OTORHINOLARYNGOLOGIC SERVICES/AUDIOLOGIC FUNCTION TESTS WITH MEDICAL DIAGNOSTIC /HEARING AID SERVICES
Hearing examination/evaluation,60448,/PRODUCTION/SERVICES AND PROCEDURES/HEARING/EXAMINATION/EVALUATION
Hearing Screening,2317281,/PRODUCTION/SERVICES AND PROCEDURES/PROFESSIONAL/NHCR/PPACA/DIAGNOSTIC SERVICES/HEARING SCREENING
Heart tranplantation,12835,/PRODUCTION/SERVICES AND PROCEDURES/PROFESSIONAL/SURGICAL PROCEDURES/TRANSPLANTATION/SPECIFIED ORGAN/HEART
Heart/Lung Transplantation,15410,/PRODUCTION/SERVICES AND PROCEDURES/PROFESSIONAL/SURGICAL PROCEDURES/CARDIOVASCULAR SYSTEM/HEART AND PERICARDIUM/HEART/LUNG TRANSPLANTATION
Heat or cold applications,2327427,/PRODUCTION/SERVICES AND PROCEDURES/PROFESSIONAL/DURABLE MEDICAL EQUIPMENT/CAPPED RENTAL DME/HEAT OR COLD APPLICATIONS
Heat/Cold Application,21401,/PRODUCTION/SERVICES AND PROCEDURES/PROFESSIONAL/DURABLE MEDICAL EQUIPMENT/HEAT/COLD APPLICATION
Heavy Duty,2327438,/PRODUCTION/SERVICES AND PROCEDURES/PROFESSIONAL/DURABLE MEDICAL EQUIPMENT/CAPPED RENTAL DME/WHEELCHAIRS/HEAVY DUTY
Hematology and coagulation laboratory testing,12895,/PRODUCTION/SERVICES AND PROCEDURES/PROFESSIONAL/PATHOLOGY AND LABORATORY/HEMATOLOGY AND COAGULATION LABORATORY TESTING
"Hematopoietic, Reticuloendothelial and Lymphatic",18788,"/PRODUCTION/SERVICES AND PROCEDURES/PROFESSIONAL/RADIOLOGY/NUCLEAR MEDICINE/DIAGNOSTIC/HEMATOPOIETIC, RETICULOENDOTHELIAL AND LYMPHATIC"
Hemic and lymphatic system surgery and anesthesia,12855,/PRODUCTION/SERVICES AND PROCEDURES/PROFESSIONAL/SURGICAL PROCEDURES/HEMIC AND LYMPHATIC SYSTEM
Hemodialysis,"60355,67748",/PRODUCTION/SERVICES AND PROCEDURES/MARK-UP TOPICS ONLY/HEMODIALYSIS | /PRODUCTION/SERVICES AND PROCEDURES/PROFESSIONAL/DIALYSIS SERVICES/HEMODIALYSIS
"Hemodialysis Access, Intervascular Cannulation for Extracorporeal Circulation, or Shunt Insertion",15429,"/PRODUCTION/SERVICES AND PROCEDURES/PROFESSIONAL/SURGICAL PROCEDURES/CARDIOVASCULAR SYSTEM/ADJUVANT TECHNIQUES/HEMODIALYSIS ACCESS, INTERVASCULAR CANNULATION FOR EXTRACORPOREAL CIRCULATION, OR SHUNT INSERTION"
Hemoglobin,2321075,/PRODUCTION/SERVICES AND PROCEDURES/PROFESSIONAL/NHCR/PPACA/PATHOLOGY & LABORATORY/HEMOGLOBIN
Hemophilia Products,2010057,/PRODUCTION/SERVICES AND PROCEDURES/PROFESSIONAL/HEMOPHILIA PRODUCTS
Hepatitis B Screening,2320977,/PRODUCTION/SERVICES AND PROCEDURES/PROFESSIONAL/NHCR/PPACA/PATHOLOGY & LABORATORY/HEPATITIS B SCREENING
Hepatitis C,2328725,/PRODUCTION/SERVICES AND PROCEDURES/PROFESSIONAL/PREVENTIVE SERVICES/LABORATORY/HEPATITIS C
Hepatitis C Screening,2320978,/PRODUCTION/SERVICES AND PROCEDURES/PROFESSIONAL/NHCR/PPACA/PATHOLOGY & LABORATORY/HEPATITIS C SCREENING
Heritable Disorders,2021441,/PRODUCTION/SERVICES AND PROCEDURES/PROFESSIONAL/NHCR/PPACA/PATHOLOGY & LABORATORY/HERITABLE DISORDERS
High dose chemotherapy,52784,/PRODUCTION/SERVICES AND PROCEDURES/MARK-UP TOPICS ONLY/HIGH DOSE CHEMOTHERAPY
HIV Testing,63123,/PRODUCTION/SERVICES AND PROCEDURES/PROFESSIONAL/PREVENTIVE SERVICES/LABORATORY SERVICES/HIV TESTING
HLA genetic markers,12967,/PRODUCTION/SERVICES AND PROCEDURES/SURGERY AND ANESTHESIA/SURGICAL PROCEDURES/TRANSPLANTATION/BASIC ORGAN/BONE MARROW/BONE MARROW TRANSPLANT DONOR/HLA GENETIC MARKERS
Home Health Aide (Home Health),60550,/PRODUCTION/SERVICES AND PROCEDURES/FACILITY/HOME HEALTH CARE/HOME HEALTH AIDE (HOME HEALTH)
Home health care,"68213,23953","/PRODUCTION/SERVICES AND PROCEDURES/FACILITY/HOME HEALTH CARE | /PRODUCTION/SERVICES AND PROCEDURES/PROFESSIONAL/OFFICE, OUTPATIENT AND HOME MEDICAL CARE VISITS/HOME HEALTH CARE"
Home Health Procedures/Services,60327,"/PRODUCTION/SERVICES AND PROCEDURES/PROFESSIONAL/OFFICE, OUTPATIENT AND HOME MEDICAL CARE VISITS/HOME HEALTH CARE/PROFESSIONAL CHARGES/HOME HEALTH PROCEDURES/SERVICES"
Home Hemophilia Program,60457,/PRODUCTION/SERVICES AND PROCEDURES/MARK-UP TOPICS ONLY/HOME HEMOPHILIA PROGRAM
HOME INFUSION PROCEDURES,60048,/PRODUCTION/SERVICES AND PROCEDURES/PROFESSIONAL/HOME INFUSION PROCEDURES
Home infusion procedures professional charges,60048,/PRODUCTION/SERVICES AND PROCEDURES/PROFESSIONAL/HOME INFUSION PROCEDURES PROFESSIONAL CHARGES
Home infusion therapy,23902,"/PRODUCTION/SERVICES AND PROCEDURES/MARK-UP TOPICS ONLY/HOME, HOSPICE AND RESPITE CARE/HOME INFUSION THERAPY"
Home IV therapy services,60554,/PRODUCTION/SERVICES AND PROCEDURES/FACILITY/HOME IV THERAPY SERVICES
Home services,12736,"/PRODUCTION/SERVICES AND PROCEDURES/PROFESSIONAL/OFFICE, OUTPATIENT AND HOME MEDICAL CARE VISITS/HOME SERVICES"
Home Sleep Study,2011302,/PRODUCTION/SERVICES AND PROCEDURES/PROFESSIONAL/DIAGNOSTIC SERVICES/NEUROLOGY AND NEUROMUSCULAR PROCEDURES/HOME SLEEP STUDY
"Home, hospice and respite care",12929,"/PRODUCTION/SERVICES AND PROCEDURES/MARK-UP TOPICS ONLY/HOME, HOSPICE AND RESPITE CARE"
Homemaker services,59788,"/PRODUCTION/SERVICES AND PROCEDURES/MARK-UP TOPICS ONLY/HOME, HOSPICE AND RESPITE CARE/HOSPICE/HOMEMAKER SERVICES"
Hormone procedures,2332972,/PRODUCTION/SERVICES AND PROCEDURES/PROFESSIONAL/INFERTILITY SERVICES/HORMONE PROCEDURES
Hosp Bed Accessories,2327472,/PRODUCTION/SERVICES AND PROCEDURES/PROFESSIONAL/DURABLE MEDICAL EQUIPMENT/CAPPED RENTAL DME/HOSPITAL BEDS AND ACCESSORIES/ACCESSORIES
Hospice,68209,"/PRODUCTION/SERVICES AND PROCEDURES/MARK-UP TOPICS ONLY/HOME, HOSPICE AND RESPITE CARE/HOSPICE"
Hospice professional charges,68210,/PRODUCTION/SERVICES AND PROCEDURES/PROFESSIONAL/HOSPICE PROFESSIONAL CHARGES
Hospice services,12931,/PRODUCTION/SERVICES AND PROCEDURES/FACILITY/HOSPICE SERVICES
Hospital beds,2327426,/PRODUCTION/SERVICES AND PROCEDURES/PROFESSIONAL/DURABLE MEDICAL EQUIPMENT/CAPPED RENTAL DME/HOSPITAL BEDS AND ACCESSORIES
Hospital Beds and Accessories,21403,/PRODUCTION/SERVICES AND PROCEDURES/PROFESSIONAL/DURABLE MEDICAL EQUIPMENT/HOSPITAL BEDS AND ACCESSORIES
Hospital Clinic,60458,/PRODUCTION/SERVICES AND PROCEDURES/FACILITY/OUTPATIENT HOSPITAL/OUTPATIENT CLINIC/HOSPITAL CLINIC
Hospital Discharge Services,20790,/PRODUCTION/SERVICES AND PROCEDURES/PROFESSIONAL/INPATIENT MEDICAL CARE/EVALUATION AND MANAGEMENT FOR HOSPITAL INPATIENT SERVICES/SUBSEQUENT HOSPITAL CARE/HOSPITAL DISCHARGE SERVICES
HPV,2330322,/PRODUCTION/SERVICES AND PROCEDURES/PROFESSIONAL/PREVENTIVE SERVICES/LABORATORY/HPV
HSV Screening,2320979,/PRODUCTION/SERVICES AND PROCEDURES/PROFESSIONAL/NHCR/PPACA/PATHOLOGY & LABORATORY/HSV SCREENING
Humerus (Upper Arm) and Elbow,13673,/PRODUCTION/SERVICES AND PROCEDURES/PROFESSIONAL/SURGICAL PROCEDURES/MUSCULOSKELETAL SYSTEM/HUMERUS (UPPER ARM) AND ELBOW
Humidifiers/Compressors/ Nebulizers,21405,/PRODUCTION/SERVICES AND PROCEDURES/PROFESSIONAL/DURABLE MEDICAL EQUIPMENT/OXYGEN AND BREATHING EQUIPMENT/HUMIDIFIERS/COMPRESSORS/ NEBULIZERS
Humidifiers/compressors/nebulizers,2327429,/PRODUCTION/SERVICES AND PROCEDURES/PROFESSIONAL/DURABLE MEDICAL EQUIPMENT/CAPPED RENTAL DME/HUMIDIFIER/COMPRESSOR/NEBULIZER
Hyperthermia,18723,/PRODUCTION/SERVICES AND PROCEDURES/PROFESSIONAL/RADIOLOGY/THERAPEUTIC RADIOLOGY/HYPERTHERMIA
Immune globulins,12745,/PRODUCTION/SERVICES AND PROCEDURES/PROFESSIONAL/MEDICATION/IMMUNE GLOBULINS
Immunology laboratory tests,12896,/PRODUCTION/SERVICES AND PROCEDURES/PROFESSIONAL/PATHOLOGY AND LABORATORY/IMMUNOLOGY LABORATORY TESTS
Implant - Unspecified,2383652,/PRODUCTION/SERVICES AND PROCEDURES/DENTAL/ALVEOPLASTY/IMPLANT DENTAL SERVICES/IMPLANT - UNSPECIFIED
Implant dental services,60484,/PRODUCTION/SERVICES AND PROCEDURES/DENTAL/ALVEOPLASTY/IMPLANT DENTAL SERVICES
Implant Maintenance,2383651,/PRODUCTION/SERVICES AND PROCEDURES/DENTAL/ALVEOPLASTY/IMPLANT DENTAL SERVICES/IMPLANT MAINTENANCE
Implant Supported,2383650,/PRODUCTION/SERVICES AND PROCEDURES/DENTAL/ALVEOPLASTY/DENTAL PROSTHODONTICS/FIXED/FIXED PARTIAL DENTURE RETAINERS - CROWN/IMPLANT SUPPORTED
Implant/Abutment supported denture,2385798,/PRODUCTION/SERVICES AND PROCEDURES/DENTAL/ALVEOPLASTY/DENTAL PROSTHODONTICS/FIXED PROSTHODONTICS/IMPLANT/ABUTMENT SUPPORTED DENTURE
Impotence drugs,59727,/PRODUCTION/SERVICES AND PROCEDURES/PRESCRIPTION DRUG PROGRAM/ELECTIVE DRUGS/IMPOTENCE DRUGS
In Utero,2021990,/PRODUCTION/SERVICES AND PROCEDURES/PROFESSIONAL/SURGICAL PROCEDURES/IN UTERO
Incision,"18175,18180,16071,16051,16043,16061,16010,16023,16035,16057,60295,16067,16019,16046,16015,16030,16006,16003,60270,17202,17198,17184,17180,15928,13325,60309,17045,17062,17056,17060,60310,60313,15968,13738,13751,13719,13725,13712,13744,13693,13731,13705,17461,15126,15137,15119,15133,16749,16736,16743,16759",/PRODUCTION/SERVICES AND PROCEDURES/PROFESSIONAL/SURGICAL PROCEDURES/AUDITORY SYSTEM/EXTERNAL EAR/INCISION | /PRODUCTION/SERVICES AND PROCEDURES/PROFESSIONAL/SURGICAL PROCEDURES/AUDITORY SYSTEM/MIDDLE EAR/INCISION
Incision and Drainage,"17923,13287","/PRODUCTION/SERVICES AND PROCEDURES/PROFESSIONAL/SURGICAL PROCEDURES/EYE AND OCULAR ADNEXA/CONJUNCTIVA/INCISION AND DRAINAGE | /PRODUCTION/SERVICES AND PROCEDURES/PROFESSIONAL/SURGICAL PROCEDURES/INTEGUMENTARY SYSTEM/SKIN, SUBCUTANEOUS AND ACCESSORY STRUCTURES/INCISION AND DRAINAGE"
Incision and/or Destruction,18184,/PRODUCTION/SERVICES AND PROCEDURES/PROFESSIONAL/SURGICAL PROCEDURES/AUDITORY SYSTEM/INNER EAR/INCISION AND/OR DESTRUCTION
Incision of the musculoskeletal system,13682,/PRODUCTION/SERVICES AND PROCEDURES/PROFESSIONAL/SURGICAL PROCEDURES/MUSCULOSKELETAL SYSTEM/GENERAL/INCISION
Incontinence Appliances and Care Supplies,20962,/PRODUCTION/SERVICES AND PROCEDURES/PROFESSIONAL/MEDICAL AND SURGICAL SUPPLIES/INCONTINENCE SUPPLIES/INCONTINENCE APPLIANCES AND CARE SUPPLIES
"Incontinence Diaper, Brief, Liners",61284,"/PRODUCTION/SERVICES AND PROCEDURES/PROFESSIONAL/MEDICAL AND SURGICAL SUPPLIES/ADDITIONAL MISCELLANEOUS SUPPLIES/INCONTINENCE DIAPER, BRIEF, LINERS"
Incontinence Supplies,52526,/PRODUCTION/SERVICES AND PROCEDURES/PROFESSIONAL/MEDICAL AND SURGICAL SUPPLIES/INCONTINENCE SUPPLIES
Incremental nursing charges,12923,"/PRODUCTION/SERVICES AND PROCEDURES/FACILITY/INPATIENT HOSPITAL/ROOM, BOARD AND NURSING CHARGES/INCREMENTAL NURSING CHARGES"
Individual psychotherapy,52457,/PRODUCTION/SERVICES AND PROCEDURES/PROFESSIONAL/PSYCHIATRIC SERVICES/INDIVIDUAL PSYCHOTHERAPY
Infertility drugs,61405,/PRODUCTION/SERVICES AND PROCEDURES/PRESCRIPTION DRUG PROGRAM/ELECTIVE DRUGS/INFERTILITY DRUGS
Infertility services,60393,/PRODUCTION/SERVICES AND PROCEDURES/PROFESSIONAL/INFERTILITY SERVICES
Infertility testing or medical services,89473,/PRODUCTION/SERVICES AND PROCEDURES/PROFESSIONAL/INFERTILITY SERVICES/INFERTILITY TESTING AND MEDICAL SERVICES
Infertility testing or sterilization,2320621,/PRODUCTION/SERVICES AND PROCEDURES/PROFESSIONAL/INFERTILITY SERVICES/INFERTILITY TREATMENT OR STERILIZATION
Infertility Treatment and Invitro Fertilization (Blue Exchange),2382848,/PRODUCTION/SERVICES AND PROCEDURES/PROFESSIONAL/INVITRO FERTILIZATION (BLUE EXCHANGE)
Infusion administration (excludes chemotherapy),12748,/PRODUCTION/SERVICES AND PROCEDURES/PROFESSIONAL/INJECTIONS AND INFUSIONS/ADMINISTRATION/INFUSION (EXCLUDES CHEMOTHERAPY)
Infusion of colony stimulating growth fators for bone marrow transplant,60052,/PRODUCTION/SERVICES AND PROCEDURES/SURGERY AND ANESTHESIA/SURGICAL PROCEDURES/TRANSPLANTATION/BASIC ORGAN/BONE MARROW/BONE MARROW TRANSPLANT DONOR/INFUSION OF COLONY STIMULATING GROWTH FATORS FOR BONE MARROW TRANSPLANT
Infusion Supplies,21412,/PRODUCTION/SERVICES AND PROCEDURES/PROFESSIONAL/DURABLE MEDICAL EQUIPMENT/INFUSION SUPPLIES
Inhalation services,2327445,/PRODUCTION/SERVICES AND PROCEDURES/PROFESSIONAL/DURABLE MEDICAL EQUIPMENT/CAPPED RENTAL DME/INHALATION
Inhalation solutions,22117,/PRODUCTION/SERVICES AND PROCEDURES/PROFESSIONAL/DURABLE MEDICAL EQUIPMENT/INHALATION SOLUTIONS
Initial evaluation,"89492,89494,90094","/PRODUCTION/SERVICES AND PROCEDURES/PROFESSIONAL/PHYSICAL THERAPY, OCCUPATIONAL THERAPY AND SPEECH THERAPY/PHYSICAL THERAPY AND OCCUPATIONAL THERAPY/OCCUPATIONAL THERAPY EVALUATION/OCCUPATIONAL THERAPY EVALUATION/INITIAL EVALUATION | /PRODUCTION/SERVICES AND PROCEDURES/PROFESSIONAL/PHYSICAL THERAPY, OCCUPATIONAL THERAPY AND SPEECH THERAPY/PHYSICAL THERAPY AND OCCUPATIONAL THERAPY/PHYSICAL THERAPY EVALUATION/INITIAL EVALUATION"
Initial Exam,89454,/PRODUCTION/SERVICES AND PROCEDURES/PROFESSIONAL/NEWBORN CARE/INITIAL EXAM
Initial Hospital Care,20785,/PRODUCTION/SERVICES AND PROCEDURES/PROFESSIONAL/INPATIENT MEDICAL CARE/EVALUATION AND MANAGEMENT FOR HOSPITAL INPATIENT SERVICES/ INITIAL HOSPITAL CARE
Initial Inpatient Consultations,20795,/PRODUCTION/SERVICES AND PROCEDURES/PROFESSIONAL/CONSULTATIONS/INITIAL INPATIENT CONSULTATIONS
Initial Nursing Facility Care,84106,/PRODUCTION/SERVICES AND PROCEDURES/PROFESSIONAL/INPATIENT MEDICAL CARE/NURSING FACILITY SERVICES/INITIAL NURSING FACILITY CARE
Initial Observation Care,20779,/PRODUCTION/SERVICES AND PROCEDURES/PROFESSIONAL/EMERGENCY TREATMENT/FIRST AID/HOSPITAL OBSERVATION SERVICES/INITIAL OBSERVATION CARE
"Inj(s)/Transfunction, dx or tx",2395848,"/PRODUCTION/SERVICES AND PROCEDURES/PROFESSIONAL/SURGICAL PROCEDURES/NERVOUS SYSTEM/EXTRACRANIAL NERVES, PERIPHERAL NERVES AND AUTONO/INTRODUCTION/INJECTION OF ANESTHETIC AGENT (NERVE/INJ(S)/TRANSFUNCTION, DX OR TX"
Injectable drugs,52382,/PRODUCTION/SERVICES AND PROCEDURES/PROFESSIONAL/INJECTIONS AND INFUSIONS/INJECTABLE DRUGS
Injection,60279,/PRODUCTION/SERVICES AND PROCEDURES/PROFESSIONAL/SURGICAL PROCEDURES/EYE AND OCULAR ADNEXA/CONJUNCTIVA/INJECTION
Injection administration,52379,/PRODUCTION/SERVICES AND PROCEDURES/PROFESSIONAL/INJECTIONS AND INFUSIONS/ADMINISTRATION/INJECTION
Injection and infusion administration,12749,/PRODUCTION/SERVICES AND PROCEDURES/PROFESSIONAL/INJECTIONS AND INFUSIONS/ADMINISTRATION
"Injection, Drainage or Aspiration","17443,17455","/PRODUCTION/SERVICES AND PROCEDURES/PROFESSIONAL/SURGICAL PROCEDURES/NERVOUS SYSTEM/SKULL, MENINGES AND BRAIN/INJECTION, DRAINAGE OR ASPIRATION | /PRODUCTION/SERVICES AND PROCEDURES/PROFESSIONAL/SURGICAL PROCEDURES/NERVOUS SYSTEM/SPINE AND SPINAL CORD/INJECTION, DRAINAGE OR ASPIRATION"
"Injection, ocrelizumab, 1 mg",22014,/PRODUCTION/SERVICES AND PROCEDURES/PROFESSIONAL/INJECTIONS AND INFUSIONS/INJECTABLE DRUGS/J2330 - THIOTHIXENE INJECTION
Injections and infusions,52378,/PRODUCTION/SERVICES AND PROCEDURES/PROFESSIONAL/INJECTIONS AND INFUSIONS
Inner Ear,18173,/PRODUCTION/SERVICES AND PROCEDURES/PROFESSIONAL/SURGICAL PROCEDURES/AUDITORY SYSTEM/INNER EAR
Inoperative Neurophysiology,81321,/PRODUCTION/SERVICES AND PROCEDURES/PROFESSIONAL/DIAGNOSTIC SERVICES/NEUROLOGY AND NEUROMUSCULAR PROCEDURES/INOPERATIVE NEUROPHYSIOLOGY
Inpatient all inclusive ancillary services,12926,/PRODUCTION/SERVICES AND PROCEDURES/FACILITY/INPATIENT HOSPITAL/INPATIENT ALL INCLUSIVE ANCILLARY SERVICES
"Inpatient Hospital, Partial Hospital or Residential",52078,"/PRODUCTION/SERVICES AND PROCEDURES/PROFESSIONAL/PSYCHIATRIC SERVICES/PSYCHIATRIC THERAPEUTIC PROCEDURES/INPATIENT HOSPITAL, PARTIAL HOSPITAL OR RESIDENTIAL"
Inpatient medical care,89412,/PRODUCTION/SERVICES AND PROCEDURES/PROFESSIONAL/INPATIENT MEDICAL CARE
Inpatient renal dialysis,12756,/PRODUCTION/SERVICES AND PROCEDURES/FACILITY/INPATIENT HOSPITAL/INPATIENT RENAL DIALYSIS
Insertion of central venous access device,65922,/PRODUCTION/SERVICES AND PROCEDURES/PROFESSIONAL/SURGICAL PROCEDURES/CARDIOVASCULAR SYSTEM/CENTRAL VENOUS ACCESS DEVICE PROCEDURE/INSERTION OF DEVICE
Installation of dialysis machine features that are non-essential to operation,59993,/PRODUCTION/SERVICES AND PROCEDURES/MARK-UP TOPICS ONLY/DIALYSIS/INSTALLATION OF DIALYSIS MACHINE FEATURES THAT ARE NON-ESSENTIAL TO OPERATION
Insulin injection,63165,/PRODUCTION/SERVICES AND PROCEDURES/PROFESSIONAL/DIABETES MANAGEMENT PROGRAM/INSULIN INJECTION
Integrated Case and Disease Management,12657,/PRODUCTION/SERVICES AND PROCEDURES/PROFESSIONAL/BLUE HEALTH CONNECT/INTEGRATED CASE AND DISEASE MANAGEMENT
Integumentary system surgery and anesthesia,12851,/PRODUCTION/SERVICES AND PROCEDURES/PROFESSIONAL/SURGICAL PROCEDURES/INTEGUMENTARY SYSTEM
Intensive care room and board,12913,"/PRODUCTION/SERVICES AND PROCEDURES/FACILITY/INPATIENT HOSPITAL/ROOM, BOARD AND NURSING CHARGES/ACUTE CARE /INTENSIVE CARE"
Interactive Psychotherapy Inpatient,60532,"/PRODUCTION/SERVICES AND PROCEDURES/PROFESSIONAL/PSYCHIATRIC SERVICES/PSYCHIATRIC THERAPEUTIC PROCEDURES/INPATIENT HOSPITAL, PARTIAL HOSPITAL OR RESIDENTIAL/INTERACTIVE PSYCHOTHERAPY INPATIENT"
Interactive Psychotherapy Outpatient,52199,/PRODUCTION/SERVICES AND PROCEDURES/PROFESSIONAL/PSYCHIATRIC SERVICES/PSYCHIATRIC THERAPEUTIC PROCEDURES/OFFICE OR OTHER OUTPATIENT FACILITY/INTERACTIVE PSYCHOTHERAPY OUTPATIENT
Interceptive orthodontic treatment,66688,/PRODUCTION/SERVICES AND PROCEDURES/DENTAL/GINGIVECTOMY/INTERCEPTIVE ORTHODONTIC TREATMENT
Interim prosthesis,66575,/PRODUCTION/SERVICES AND PROCEDURES/DENTAL/ALVEOPLASTY/DENTAL PROSTHODONTICS/REMOVABLE/INTERIM PROSTHESIS
Intersex surgery,12860,/PRODUCTION/SERVICES AND PROCEDURES/PROFESSIONAL/SURGICAL PROCEDURES/INTERSEX SURGERY
Intestines (Except Rectum),15992,/PRODUCTION/SERVICES AND PROCEDURES/PROFESSIONAL/SURGICAL PROCEDURES/DIGESTIVE SYSTEM/INTESTINES (EXCEPT RECTUM)
Intracardiac electrophysiologic procedures,12783,/PRODUCTION/SERVICES AND PROCEDURES/PROFESSIONAL/DIAGNOSTIC SERVICES/INTRACARDIAC ELECTROPHYSIOLOGIC PROCEDURES
Intraocular Lenses,60253,/PRODUCTION/SERVICES AND PROCEDURES/PROFESSIONAL/PROSTHETICS AND ORTHOTICS/PROSTHETIC DEVICE/INTRAOCULAR LENSES
Intraosseous,60323,/PRODUCTION/SERVICES AND PROCEDURES/PROFESSIONAL/SURGICAL PROCEDURES/CARDIOVASCULAR SYSTEM/ADJUVANT TECHNIQUES/INTRAOSSEOUS
Intrathoracic,13029,/PRODUCTION/SERVICES AND PROCEDURES/PROFESSIONAL/ANESTHESIA/INTRATHORACIC
Intravascular Ultrasound Services,15432,/PRODUCTION/SERVICES AND PROCEDURES/PROFESSIONAL/SURGICAL PROCEDURES/CARDIOVASCULAR SYSTEM/ADJUVANT TECHNIQUES/INTRAVASCULAR ULTRASOUND SERVICES
Intravenous,15425,/PRODUCTION/SERVICES AND PROCEDURES/PROFESSIONAL/SURGICAL PROCEDURES/CARDIOVASCULAR SYSTEM/ADJUVANT TECHNIQUES/INTRAVENOUS
Introduction,"60238,60292,18179,60302,16062,60296,60305,17195,17187,15933,60286,13327,13310,17048,60315,15130,15121,15135,16751,16739,16745",/PRODUCTION/SERVICES AND PROCEDURES/PROFESSIONAL/MATERNITY CARE/CARE AND DELIVERY/INTRODUCTION | /PRODUCTION/SERVICES AND PROCEDURES/PROFESSIONAL/SURGICAL PROCEDURES/AUDITORY SYSTEM/INNER EAR/INTRODUCTION
Introduction or Removal,"13740,13753,13721,13685,59928,13690,13714,59962,13733,13707",/PRODUCTION/SERVICES AND PROCEDURES/PROFESSIONAL/SURGICAL PROCEDURES/MUSCULOSKELETAL SYSTEM/FEMUR (THIGH REGION) AND KNEE JOINT/INTRODUCTION OR REMOVAL | /PRODUCTION/SERVICES AND PROCEDURES/PROFESSIONAL/SURGICAL PROCEDURES/MUSCULOSKELETAL SYSTEM/FOOT AND TOES/INTRODUCTION OR REMOVAL
"Introduction, Revision and/or Removal",16074,"/PRODUCTION/SERVICES AND PROCEDURES/PROFESSIONAL/SURGICAL PROCEDURES/DIGESTIVE SYSTEM/ABDOMEN, PERITONEUM, AND OMENTUM/INTRODUCTION, REVISION AND/OR REMOVAL"
Introduction/Injection of Anesthetic Agent (Nerve,17468,"/PRODUCTION/SERVICES AND PROCEDURES/PROFESSIONAL/SURGICAL PROCEDURES/NERVOUS SYSTEM/EXTRACRANIAL NERVES, PERIPHERAL NERVES AND AUTONO/INTRODUCTION/INJECTION OF ANESTHETIC AGENT (NERVE"
IPPB Machines,60163,/PRODUCTION/SERVICES AND PROCEDURES/PROFESSIONAL/DURABLE MEDICAL EQUIPMENT/OXYGEN AND BREATHING EQUIPMENT/IPPB MACHINES
"Iris, Ciliary Body",17915,"/PRODUCTION/SERVICES AND PROCEDURES/PROFESSIONAL/SURGICAL PROCEDURES/EYE AND OCULAR ADNEXA/ANTERIOR SEGMENT/IRIS, CILIARY BODY"
IV therapy,12930,/PRODUCTION/SERVICES AND PROCEDURES/FACILITY/INPATIENT HOSPITAL/IV THERAPY
Jaw joint disorder treatment,60514,/PRODUCTION/SERVICES AND PROCEDURES/MARK-UP TOPICS ONLY/DENTAL MEDICAL AND SURGERY TREATMENT/JAW JOINT DISORDER TREATMENT
Jaw Motion Rehabilitation System and Accessories,21431,/PRODUCTION/SERVICES AND PROCEDURES/PROFESSIONAL/DURABLE MEDICAL EQUIPMENT/JAW MOTION REHABILITATION SYSTEM AND ACCESSORIES
Kidney,16732,/PRODUCTION/SERVICES AND PROCEDURES/PROFESSIONAL/SURGICAL PROCEDURES/URINARY SYSTEM/KIDNEY
Knee and Popliteal Area,13036,/PRODUCTION/SERVICES AND PROCEDURES/PROFESSIONAL/ANESTHESIA/KNEE AND POPLITEAL AREA
Labor and delivery room charges,12821,/PRODUCTION/SERVICES AND PROCEDURES/FACILITY/INPATIENT HOSPITAL/MATERNITY CARE/LABOR AND DELIVERY ROOM CHARGES
Laboratory procedures for reproductive medicine,65932,/PRODUCTION/SERVICES AND PROCEDURES/MARK-UP TOPICS ONLY/LABORATORY PROCEDURES FOR REPRODUCTIVE MEDICINE
Laboratory services for artificial insemination,63950,/PRODUCTION/SERVICES AND PROCEDURES/MARK-UP TOPICS ONLY/LABORATORY SERVICES FOR ARTIFICIAL INSEMINATION
Lacrimal System,17927,/PRODUCTION/SERVICES AND PROCEDURES/PROFESSIONAL/SURGICAL PROCEDURES/EYE AND OCULAR ADNEXA/CONJUNCTIVA/LACRIMAL SYSTEM
"Laparascopy for vulva, perineum and introitus",61275,"/PRODUCTION/SERVICES AND PROCEDURES/PROFESSIONAL/SURGICAL PROCEDURES/FEMALE GENITAL SYSTEM/VULVA, PERINEUM AND INTROITUS/LAPARASCOPY"
Laparoscopy,"16073,16045,16064,16026,16037,60303,83981,16033,16032,17438,17199,15931,15924,17059,17052,16754,16741,16747","/PRODUCTION/SERVICES AND PROCEDURES/PROFESSIONAL/SURGICAL PROCEDURES/DIGESTIVE SYSTEM/ABDOMEN, PERITONEUM, AND OMENTUM/LAPAROSCOPY | /PRODUCTION/SERVICES AND PROCEDURES/PROFESSIONAL/SURGICAL PROCEDURES/DIGESTIVE SYSTEM/APPENDIX/LAPAROSCOPY"
Laparoscopy / Hysteroscopy,17197,/PRODUCTION/SERVICES AND PROCEDURES/PROFESSIONAL/SURGICAL PROCEDURES/FEMALE GENITAL SYSTEM/CORPUS UTERI/LAPAROSCOPY / HYSTEROSCOPY
Laparoscopy for Prostate,61274,/PRODUCTION/SERVICES AND PROCEDURES/PROFESSIONAL/SURGICAL PROCEDURES/MALE GENITAL SYSTEM/PROSTATE/LAPAROSCOPY
Larynx,15116,/PRODUCTION/SERVICES AND PROCEDURES/PROFESSIONAL/SURGICAL PROCEDURES/RESPIRATORY SYSTEM/LARYNX
LASIK,2011891,/PRODUCTION/SERVICES AND PROCEDURES/PROFESSIONAL/SURGICAL PROCEDURES/COSMETIC AND RECONSTRUCTIVE SURGERY PROCEDURES/COSMETIC PROCEDURES/LASIK
Lateral Extracavitary Approach,65827,/PRODUCTION/SERVICES AND PROCEDURES/PROFESSIONAL/SURGICAL PROCEDURES/MUSCULOSKELETAL SYSTEM/SPINE (VERTEBRAL COLUMN)/ARTHRODESIS/LATERAL EXTRACAVITARY APPROACH
Lateral extracavitary approach for extradural exploration-decompression spinal cord surgery,65931,/PRODUCTION/SERVICES AND PROCEDURES/PROFESSIONAL/SURGICAL PROCEDURES/NERVOUS SYSTEM/SPINE AND SPINAL CORD/LAT EXTRACAVITARY APPROACH; EXTRADURAL
Leave of absense from acute care room,12915,/PRODUCTION/SERVICES AND PROCEDURES/MARK-UP TOPICS ONLY/LEAVE OF ABSENSE FROM ACUTE CARE ROOM
Leg (Tibia and Fibula) and Ankle Joint,13678,/PRODUCTION/SERVICES AND PROCEDURES/PROFESSIONAL/SURGICAL PROCEDURES/MUSCULOSKELETAL SYSTEM/LEG (TIBIA AND FIBULA) AND ANKLE JOINT
Lens insertion fee,61297,/PRODUCTION/SERVICES AND PROCEDURES/VISION/LENSES OTHER THAN CONTACTS/LENS INSERTION FEE
Lenses other than contacts,12944,/PRODUCTION/SERVICES AND PROCEDURES/VISION/LENSES OTHER THAN CONTACTS
Lenticular aphakic lense,60415,/PRODUCTION/SERVICES AND PROCEDURES/MARK-UP TOPICS ONLY/LENTICULAR APHAKIC LENSE
Lenticular myodisc lense,60412,/PRODUCTION/SERVICES AND PROCEDURES/MARK-UP TOPICS ONLY/LENTICULAR MYODISC LENSE
Leukemia and Lymphoma,2323649,/PRODUCTION/SERVICES AND PROCEDURES/PROFESSIONAL/PATHOLOGY AND LABORATORY/CYTOGENIC/LEUKEMIA AND LYMPHOMA
Levels of hospice care,59780,"/PRODUCTION/SERVICES AND PROCEDURES/MARK-UP TOPICS ONLY/HOME, HOSPICE AND RESPITE CARE/HOSPICE/LEVELS OF HOSPICE CARE"
Ligation and Other Procedures,15433,/PRODUCTION/SERVICES AND PROCEDURES/PROFESSIONAL/SURGICAL PROCEDURES/CARDIOVASCULAR SYSTEM/ADJUVANT TECHNIQUES/LIGATION AND OTHER PROCEDURES
Light weight,2327442,/PRODUCTION/SERVICES AND PROCEDURES/PROFESSIONAL/DURABLE MEDICAL EQUIPMENT/CAPPED RENTAL DME/WHEELCHAIRS/LIGHT WEIGHT
Limited Lymphadenectomy for Staging,15930,/PRODUCTION/SERVICES AND PROCEDURES/PROFESSIONAL/SURGICAL PROCEDURES/HEMIC AND LYMPHATIC SYSTEM/LYMPH NODES AND LYMPHATIC CHANNELS/LIMITED LYMPHADENECTOMY FOR STAGING
Limited orthodontic treatment,66687,/PRODUCTION/SERVICES AND PROCEDURES/DENTAL/GINGIVECTOMY/LIMITED ORTHODONTIC TREATMENT
Lipid,2321076,/PRODUCTION/SERVICES AND PROCEDURES/PROFESSIONAL/NHCR/PPACA/PATHOLOGY & LABORATORY/LIPID
Lips,15983,/PRODUCTION/SERVICES AND PROCEDURES/PROFESSIONAL/SURGICAL PROCEDURES/DIGESTIVE SYSTEM/LIPS
Lithotripsy,"60325,23864",/PRODUCTION/SERVICES AND PROCEDURES/FACILITY/INPATIENT HOSPITAL/LITHOTRIPSY | /PRODUCTION/SERVICES AND PROCEDURES/MARK-UP TOPICS ONLY/LITHOTRIPSY
Liver,15997,/PRODUCTION/SERVICES AND PROCEDURES/PROFESSIONAL/SURGICAL PROCEDURES/DIGESTIVE SYSTEM/LIVER
Liver transplantation,12839,/PRODUCTION/SERVICES AND PROCEDURES/PROFESSIONAL/SURGICAL PROCEDURES/TRANSPLANTATION/SPECIFIED ORGAN/LIVER
Living donor transplants,60049,/PRODUCTION/SERVICES AND PROCEDURES/PROFESSIONAL/SURGICAL PROCEDURES/TRANSPLANTATION/LIVING DONOR TRANSPLANTS
Lobar lung transplantation,12837,/PRODUCTION/SERVICES AND PROCEDURES/PROFESSIONAL/SURGICAL PROCEDURES/TRANSPLANTATION/SPECIFIED ORGAN TRANSPLANTATION/LUNG TRANSPLANTATION/LOBAR
Local anesthesia,60059,/PRODUCTION/SERVICES AND PROCEDURES/MARK-UP TOPICS ONLY/LOCAL ANESTHESIA
Long-term acute care hospital,2009264,/PRODUCTION/SERVICES AND PROCEDURES/FACILITY/LONG-TERM ACUTE CARE HOSPITAL
Lower Abdomen,13032,/PRODUCTION/SERVICES AND PROCEDURES/PROFESSIONAL/ANESTHESIA/LOWER ABDOMEN
Lower Arch,"2386252,2385800,2385700,2385502",/PRODUCTION/SERVICES AND PROCEDURES/DENTAL/ALVEOPLASTY/DENTAL PROSTHODONTICS/FIXED PROSTHODONTICS/IMPLANT/ABUTMENT SUPPORTED DENTURE/COMPLETE DENTURE/LOWER ARCH | /PRODUCTION/SERVICES AND PROCEDURES/DENTAL/ALVEOPLASTY/DENTAL PROSTHODONTICS/FIXED/IMPLANT/ABUTMENT SUPPORTED DENTURE/PARTIAL DENTURE/LOWER ARCH
Lower Extremity,13759,/PRODUCTION/SERVICES AND PROCEDURES/PROFESSIONAL/SURGICAL PROCEDURES/MUSCULOSKELETAL SYSTEM/APPLICATION OF CASTS AND STRAPPING/LOWER EXTREMITY
"Lower Leg (Below Knee, Includes Ankle and Foot)",13037,"/PRODUCTION/SERVICES AND PROCEDURES/PROFESSIONAL/ANESTHESIA/LOWER LEG (BELOW KNEE, INCLUDES ANKLE AND FOOT)"
Lower Limb,23009,/PRODUCTION/SERVICES AND PROCEDURES/PROFESSIONAL/PROSTHETICS AND ORTHOTICS/PROSTHETIC DEVICE/LOWER LIMB
Lower Quadrant,2385702,/PRODUCTION/SERVICES AND PROCEDURES/DENTAL/ALVEOPLASTY/DENTAL PROSTHODONTICS/REMOVABLE/PARTIAL DENTURES (INCLUDING ROUTINE POST DELIVERY CARE)/LOWER ARCH
Lumbar orthosis,67991,/PRODUCTION/SERVICES AND PROCEDURES/PROFESSIONAL/PROSTHETICS AND ORTHOTICS/ORTHOTIC DEVICE/LUMBAR
Lumbar-Sacral Orthosis (LSO),22562,/PRODUCTION/SERVICES AND PROCEDURES/PROFESSIONAL/PROSTHETICS AND ORTHOTICS/ORTHOTIC DEVICE/LUMBAR-SACRAL ORTHOSIS (LSO)
Lung Transplantation,15141,/PRODUCTION/SERVICES AND PROCEDURES/PROFESSIONAL/SURGICAL PROCEDURES/TRANSPLANTATION/SPECIFIED ORGAN TRANSPLANTATION/LUNG TRANSPLANTATION
Lungs and Pleura,15118,/PRODUCTION/SERVICES AND PROCEDURES/PROFESSIONAL/SURGICAL PROCEDURES/RESPIRATORY SYSTEM/LUNGS AND PLEURA
Lymph Nodes and Lymphatic Channels,15922,/PRODUCTION/SERVICES AND PROCEDURES/PROFESSIONAL/SURGICAL PROCEDURES/HEMIC AND LYMPHATIC SYSTEM/LYMPH NODES AND LYMPHATIC CHANNELS
Magnetic Resonance Guidance,88036,/PRODUCTION/SERVICES AND PROCEDURES/PROFESSIONAL/RADIOLOGY/DIAGNOSTIC RADIOLOGY/RADIOLOGIC GUIDANCE/MAGNETIC RESONANCE GUIDANCE
Magnetoencephalography (MEG),2011971,/PRODUCTION/SERVICES AND PROCEDURES/FACILITY/INPATIENT HOSPITAL/DIAGNOSTIC SERVICES/MAGNETOENCEPHALOGRAPHY (MEG)
Mail Order Prescription Drug Program,60069,/PRODUCTION/SERVICES AND PROCEDURES/PRESCRIPTION DRUG PROGRAM/MAIL ORDER PRESCRIPTION DRUG PROGRAM
Male,2317481,/PRODUCTION/SERVICES AND PROCEDURES/PROFESSIONAL/SURGICAL PROCEDURES/STERILIZATION/MALE
Male genital system surgery and anesthesia,12859,/PRODUCTION/SERVICES AND PROCEDURES/PROFESSIONAL/SURGICAL PROCEDURES/MALE GENITAL SYSTEM
"Mammogram, screening",52321,"/PRODUCTION/SERVICES AND PROCEDURES/PROFESSIONAL/RADIOLOGY/MAMMOGRAMS/MAMMOGRAM, SCREENING"
Mammograms,81293,/PRODUCTION/SERVICES AND PROCEDURES/PROFESSIONAL/RADIOLOGY/MAMMOGRAMS
Management,2372999,/PRODUCTION/SERVICES AND PROCEDURES/PROFESSIONAL/DIABETES PROGRAMS/MANAGEMENT
Mandible/midface reconstruction,2016781,/PRODUCTION/SERVICES AND PROCEDURES/PROFESSIONAL/SURGICAL PROCEDURES/COSMETIC AND RECONSTRUCTIVE SURGERY PROCEDURES/RECONSTRUCTIVE PROCEDURES/MANDIBLE/MIDFACE RECONSTRUCTION
Manipulation,"16028,16050,17193,17189,60308,59953,2006652,59963,59942,59763,59724,16762",/PRODUCTION/SERVICES AND PROCEDURES/PROFESSIONAL/SURGICAL PROCEDURES/DIGESTIVE SYSTEM/ESOPHAGUS/MANIPULATION | /PRODUCTION/SERVICES AND PROCEDURES/PROFESSIONAL/SURGICAL PROCEDURES/DIGESTIVE SYSTEM/RECTUM/MANIPULATION
Mark-up topics only,89392,/PRODUCTION/SERVICES AND PROCEDURES/MARK-UP TOPICS ONLY
Mastectomy bras,89452,/PRODUCTION/SERVICES AND PROCEDURES/PROFESSIONAL/PROSTHETICS AND ORTHOTICS/PROSTHETIC DEVICE/BREAST PROSTHETICS AND SUPPLIES/MASTECTOMY BRAS
Mastectomy for gynecomastia,2016776,/PRODUCTION/SERVICES AND PROCEDURES/PROFESSIONAL/SURGICAL PROCEDURES/COSMETIC AND RECONSTRUCTIVE SURGERY PROCEDURES/RECONSTRUCTIVE PROCEDURES/MASTECTOMY FOR GYNECOMASTIA
Mastectomy Procedures,88018,/PRODUCTION/SERVICES AND PROCEDURES/PROFESSIONAL/SURGICAL PROCEDURES/INTEGUMENTARY SYSTEM/BREAST/MASTECTOMY PROCEDURES
Maternity and Family Education,2414455,/PRODUCTION/SERVICES AND PROCEDURES/PROFESSIONAL/MATERNITY AND FAMILY EDUCATION
Maternity care and delivery,12862,/PRODUCTION/SERVICES AND PROCEDURES/PROFESSIONAL/MATERNITY CARE/CARE AND DELIVERY
Maternity Program,2414457,/PRODUCTION/SERVICES AND PROCEDURES/PROFESSIONAL/MATERNITY AND FAMILY EDUCATION/MATERNITY PROGRAM
Maxillofacial prosthetics,60249,/PRODUCTION/SERVICES AND PROCEDURES/PROFESSIONAL/PROSTHETICS AND ORTHOTICS/PROSTHETIC DEVICE/MAXILLOFACIAL PROSTHETICS
Mechanical removal of obstructed material,65927,/PRODUCTION/SERVICES AND PROCEDURES/PROFESSIONAL/SURGICAL PROCEDURES/CARDIOVASCULAR SYSTEM/CENTRAL VENOUS ACCESS DEVICE PROCEDURE/MECHANICAL REMOVAL  OBSTRUCTION
Mechanical Traction,2011173,"/PRODUCTION/SERVICES AND PROCEDURES/PROFESSIONAL/PHYSICAL THERAPY, OCCUPATIONAL THERAPY AND SPEECH THERAPY/PHYSICAL THERAPY AND OCCUPATIONAL THERAPY/MECHANICAL TRACTION"
Meckel's Diverticulum and the Mesentery,15993,/PRODUCTION/SERVICES AND PROCEDURES/PROFESSIONAL/SURGICAL PROCEDURES/DIGESTIVE SYSTEM/MECKEL'S DIVERTICULUM AND THE MESENTERY
Med-surg Injections,89453,/PRODUCTION/SERVICES AND PROCEDURES/MARK-UP TOPICS ONLY/MED-SURG INJECTIONS
Mediastinum,15966,/PRODUCTION/SERVICES AND PROCEDURES/PROFESSIONAL/SURGICAL PROCEDURES/MEDIASTINUM AND DIAPHRAM/MEDIASTINUM
Mediastinum and diaphram surgery and anesthesia,12856,/PRODUCTION/SERVICES AND PROCEDURES/PROFESSIONAL/SURGICAL PROCEDURES/MEDIASTINUM AND DIAPHRAM
Medicaid only services,61342,/PRODUCTION/SERVICES AND PROCEDURES/PROFESSIONAL/MISCELLANEOUS/MEDICAID ONLY SERVICES
Medical,"2015671,2011249",/PRODUCTION/SERVICES AND PROCEDURES/PROFESSIONAL/SURGICAL PROCEDURES/COLONOSCOPY/MEDICAL | /PRODUCTION/SERVICES AND PROCEDURES/PROFESSIONAL/VACCINES AND TOXOIDS/MEDICAL
Medical and surgical supplies,12934,/PRODUCTION/SERVICES AND PROCEDURES/PROFESSIONAL/MEDICAL AND SURGICAL SUPPLIES
Medical and surgical supplies and devices,23801,/PRODUCTION/SERVICES AND PROCEDURES/FACILITY/INPATIENT HOSPITAL/MEDICAL AND SURGICAL SUPPLIES AND DEVICES
Medical Genetic and Genetic Counseling Services,87952,/PRODUCTION/SERVICES AND PROCEDURES/PROFESSIONAL/MISCELLANEOUS/MEDICAL GENETIC AND GENETIC COUNSELING SERVICES
Medical nutrition therapy,12807,/PRODUCTION/SERVICES AND PROCEDURES/PROFESSIONAL/NHCR/PPACA/MEDICAL NUTRITION THERAPY
"Medical Radiation Physics, Dosimetry, Treatment Devices and Special Services",18719,"/PRODUCTION/SERVICES AND PROCEDURES/PROFESSIONAL/RADIOLOGY/THERAPEUTIC RADIOLOGY/PHYSICS, DOSIMETRY,  DEVICES, SPEC SERV"
Medical rehabilitation day program,24201,"/PRODUCTION/SERVICES AND PROCEDURES/FACILITY/INPATIENT HOSPITAL/PT,OT,SLP/MEDICAL REHABILITATION DAY PROGRAM"
Medical/surgical supplies,60566,/PRODUCTION/SERVICES AND PROCEDURES/FACILITY/INPATIENT HOSPITAL/MEDICAL AND SURGICAL SUPPLIES AND DEVICES/MEDICAL/SURGICAL SUPPLIES
Medical/surgical supplies and devices,60565,/PRODUCTION/SERVICES AND PROCEDURES/FACILITY/INPATIENT HOSPITAL/MEDICAL AND SURGICAL SUPPLIES AND DEVICES/FACILITY CHARGES FOR MEDICAL/SURGICAL SUPPLIES AND DEVICES
Medically necessary contact lenses,61302,/PRODUCTION/SERVICES AND PROCEDURES/PROFESSIONAL/PROSTHETICS AND ORTHOTICS/PROSTHETIC DEVICE/SPECTACLE LENSES/CONTACT LENSES/MEDICALLY NECESSARY
Medicare Demonstration Project,86040,/PRODUCTION/SERVICES AND PROCEDURES/PROFESSIONAL/MISCELLANEOUS/MEDICARE DEMONSTRATION PROJECT
Medication for Diabetes Management,2011955,/PRODUCTION/SERVICES AND PROCEDURES/PROFESSIONAL/DIABETES MANAGEMENT PROGRAM/MEDICATION FOR DIABETES MANAGEMENT
Medication Therapy Management,84127,/PRODUCTION/SERVICES AND PROCEDURES/PROFESSIONAL/MEDICATION/MEDICATION THERAPY MANAGEMENT
Medicine,12713,/PRODUCTION/SERVICES AND PROCEDURES/MARK-UP TOPICS ONLY/MEDICINE
Mental Health and Substance Abuse Carve-out,2329722,/PRODUCTION/SERVICES AND PROCEDURES/MENTAL HEALTH AND SUBSTANCE ABUSE CARVE-OUT
Microbiology laboratory tests,12898,/PRODUCTION/SERVICES AND PROCEDURES/PROFESSIONAL/PATHOLOGY AND LABORATORY/MICROBIOLOGY LABORATORY TESTS
Middle Ear,18172,/PRODUCTION/SERVICES AND PROCEDURES/PROFESSIONAL/SURGICAL PROCEDURES/AUDITORY SYSTEM/MIDDLE EAR
Misc (Thigh Region) and Knee Joint,2395698,/PRODUCTION/SERVICES AND PROCEDURES/PROFESSIONAL/SURGICAL PROCEDURES/MUSCULOSKELETAL SYSTEM/FEMUR (THIGH REGION) AND KNEE JOINT/MISC (THIGH REGION) AND KNEE JOINT
Misc Pelvis and Hip Joint,2395648,/PRODUCTION/SERVICES AND PROCEDURES/PROFESSIONAL/SURGICAL PROCEDURES/MUSCULOSKELETAL SYSTEM/PELVIS AND HIP JOINT/MISCELLANEOUS PELVIS AND HIP JOINT
Misc Shoulder,2395548,"/PRODUCTION/SERVICES AND PROCEDURES/PROFESSIONAL/SURGICAL PROCEDURES/MUSCULOSKELETAL SYSTEM/SHOULDER/INCISION, EXCISION OR REMOVAL"
Miscellaneous,"90012,2327473,81162,60254",/PRODUCTION/SERVICES AND PROCEDURES/FACILITY/MISCELLANEOUS | /PRODUCTION/SERVICES AND PROCEDURES/PROFESSIONAL/DURABLE MEDICAL EQUIPMENT/CAPPED RENTAL DME/MISCELLANEOUS
Miscellaneous Blood Products,60358,/PRODUCTION/SERVICES AND PROCEDURES/PROFESSIONAL/PATHOLOGY AND LABORATORY/TRANSFUSION MEDICINE/MISCELLANEOUS BLOOD PRODUCTS
Miscellaneous dialysis services,12761,/PRODUCTION/SERVICES AND PROCEDURES/PROFESSIONAL/DIALYSIS SERVICES/MISCELLANEOUS
Miscellaneous DME,60444,/PRODUCTION/SERVICES AND PROCEDURES/PROFESSIONAL/DURABLE MEDICAL EQUIPMENT/MISCELLANEOUS DME
Miscellaneous Medical supplies for Diabetes Management,2011954,/PRODUCTION/SERVICES AND PROCEDURES/PROFESSIONAL/DIABETES MANAGEMENT PROGRAM/MISCELLANEOUS MEDICAL SUPPLIES FOR DIABETES MANAGEMENT
Miscellaneous Services,20737,"/PRODUCTION/SERVICES AND PROCEDURES/PROFESSIONAL/MISCELLANEOUS/SPECIAL MEDICINE SERVICES, PROCEDURES AND REPORTS/MISCELLANEOUS SERVICES"
Miscellaneous Supplies,20960,/PRODUCTION/SERVICES AND PROCEDURES/PROFESSIONAL/MEDICAL AND SURGICAL SUPPLIES/MISCELLANEOUS SUPPLIES
Modalities,12802,"/PRODUCTION/SERVICES AND PROCEDURES/PROFESSIONAL/PHYSICAL THERAPY, OCCUPATIONAL THERAPY AND SPEECH THERAPY/PHYSICAL THERAPY AND OCCUPATIONAL THERAPY/PHYSICAL THERAPY & OCCUPATIONAL THERAPIES AND TESTING/PHYSICAL MEDICINE AND REHABILITATION MODALITIES"
Mohs Micrographic Surgery,13323,/PRODUCTION/SERVICES AND PROCEDURES/PROFESSIONAL/SURGICAL PROCEDURES/INTEGUMENTARY SYSTEM/DESTRUCTION/MOHS MICROGRAPHIC SURGERY
Molecular pathology,2328825,/PRODUCTION/SERVICES AND PROCEDURES/PROFESSIONAL/PATHOLOGY AND LABORATORY/MOLECULAR PATHOLOGY
Monaural hearing aid,68231,/PRODUCTION/SERVICES AND PROCEDURES/HEARING/HEARING AIDS/MONAURAL
Monitoring equipment,2327431,/PRODUCTION/SERVICES AND PROCEDURES/PROFESSIONAL/DURABLE MEDICAL EQUIPMENT/CAPPED RENTAL DME/MONITORING EQUIPMENT
Monitoring Equipment,21407,/PRODUCTION/SERVICES AND PROCEDURES/PROFESSIONAL/DURABLE MEDICAL EQUIPMENT/MONITORING EQUIPMENT
Motion Analysis,52213,/PRODUCTION/SERVICES AND PROCEDURES/PROFESSIONAL/DIAGNOSTIC SERVICES/NEUROLOGY AND NEUROMUSCULAR PROCEDURES/MOTION ANALYSIS
MRI/MRA facility charges,52529,/PRODUCTION/SERVICES AND PROCEDURES/FACILITY/INPATIENT HOSPITAL/RADIOLOGY/MRI/MRA FACILITY CHARGES FACILITY CHARGES
MRI/MRA head and neck facility charges,60471,/PRODUCTION/SERVICES AND PROCEDURES/FACILITY/INPATIENT HOSPITAL/RADIOLOGY/MRI/MRA FACILITY CHARGES/MRI/MRA HEAD AND NECK
Multianalyte Assays with Algorithmic Analyses (MAAA),2317579,/PRODUCTION/SERVICES AND PROCEDURES/PROFESSIONAL/PATHOLOGY AND LABORATORY/MULTIANALYTE ASSAYS WITH ALGORITHMIC ANALYSES (MAAA)
Muscle and Range of Motion Testing,81320,/PRODUCTION/SERVICES AND PROCEDURES/PROFESSIONAL/DIAGNOSTIC SERVICES/NEUROLOGY AND NEUROMUSCULAR PROCEDURES/MUSCLE AND RANGE OF MOTION TESTING
Musculoskeletal System,18790,/PRODUCTION/SERVICES AND PROCEDURES/PROFESSIONAL/RADIOLOGY/NUCLEAR MEDICINE/DIAGNOSTIC/MUSCULOSKELETAL SYSTEM
Musculoskeletal system surgery and anesthesia,12852,/PRODUCTION/SERVICES AND PROCEDURES/PROFESSIONAL/SURGICAL PROCEDURES/MUSCULOSKELETAL SYSTEM
Myodisc lense,60411,/PRODUCTION/SERVICES AND PROCEDURES/MARK-UP TOPICS ONLY/MYODISC LENSE
Nails surgical procedures,13283,/PRODUCTION/SERVICES AND PROCEDURES/PROFESSIONAL/SURGICAL PROCEDURES/INTEGUMENTARY SYSTEM/NAILS
Nasal deformity reconstruction,2016785,/PRODUCTION/SERVICES AND PROCEDURES/PROFESSIONAL/SURGICAL PROCEDURES/COSMETIC AND RECONSTRUCTIVE SURGERY PROCEDURES/RECONSTRUCTIVE PROCEDURES/NASAL DEFORMITY RECONSTRUCTION
Nasal prothesis prep,2016779,/PRODUCTION/SERVICES AND PROCEDURES/PROFESSIONAL/SURGICAL PROCEDURES/COSMETIC AND RECONSTRUCTIVE SURGERY PROCEDURES/RECONSTRUCTIVE PROCEDURES/NASAL PROTHESIS PREP
National Emphysema Treatment Trials (NETT),61340,/PRODUCTION/SERVICES AND PROCEDURES/PROFESSIONAL/MISCELLANEOUS/NATIONAL EMPHYSEMA TREATMENT TRIALS (NETT)
Neck,13027,/PRODUCTION/SERVICES AND PROCEDURES/PROFESSIONAL/ANESTHESIA/NECK
Needles and Syringes,52491,/PRODUCTION/SERVICES AND PROCEDURES/PROFESSIONAL/MEDICAL AND SURGICAL SUPPLIES/NEEDLES AND SYRINGES
Needles/Syringes for Insulin,2012817,/PRODUCTION/SERVICES AND PROCEDURES/PROFESSIONAL/DIABETES MANAGEMENT PROGRAM/NEEDLES/SYRINGES FOR INSULIN
Neonatal and pediatric crtical care services,61288,/PRODUCTION/SERVICES AND PROCEDURES/PROFESSIONAL/INPATIENT MEDICAL CARE/NEONATAL AND PEDIATRIC CRTICAL CARE SERVICES
Nervous System,18793,/PRODUCTION/SERVICES AND PROCEDURES/PROFESSIONAL/RADIOLOGY/NUCLEAR MEDICINE/DIAGNOSTIC/NERVOUS SYSTEM
Nervous system surgery and anesthesia,12864,/PRODUCTION/SERVICES AND PROCEDURES/PROFESSIONAL/SURGICAL PROCEDURES/NERVOUS SYSTEM
Neuroendoscopy,61277,"/PRODUCTION/SERVICES AND PROCEDURES/PROFESSIONAL/SURGICAL PROCEDURES/NERVOUS SYSTEM/SKULL, MENINGES AND BRAIN/NEUROENDOSCOPY"
Neurology and neuromuscular procedures,"12790,83862",/PRODUCTION/SERVICES AND PROCEDURES/MARK-UP TOPICS ONLY/NEUROLOGY AND NEUROMUSCULAR PROCEDURES | /PRODUCTION/SERVICES AND PROCEDURES/PROFESSIONAL/DIAGNOSTIC SERVICES/NEUROLOGY AND NEUROMUSCULAR PROCEDURES
Neuromuscular procedures,52723,/PRODUCTION/SERVICES AND PROCEDURES/FACILITY/INPATIENT HOSPITAL/DIAGNOSTIC SERVICES/NEUROMUSCULAR PROCEDURES
"Neuroplasty (Exploration, Neurolysis or Nerve Deco",17471,"/PRODUCTION/SERVICES AND PROCEDURES/PROFESSIONAL/SURGICAL PROCEDURES/NERVOUS SYSTEM/EXTRACRANIAL NERVES, PERIPHERAL NERVES AND AUTONO/NEUROPLASTY (EXPLORATION, NEUROLYSIS OR NERVE DECO"
Neurorrhaphy,17474,"/PRODUCTION/SERVICES AND PROCEDURES/PROFESSIONAL/SURGICAL PROCEDURES/NERVOUS SYSTEM/EXTRACRANIAL NERVES, PERIPHERAL NERVES AND AUTONO/NEURORRHAPHY"
Neurorrhaphy With Nerve Graft,17475,"/PRODUCTION/SERVICES AND PROCEDURES/PROFESSIONAL/SURGICAL PROCEDURES/NERVOUS SYSTEM/EXTRACRANIAL NERVES, PERIPHERAL NERVES AND AUTONO/NEURORRHAPHY WITH NERVE GRAFT"
Neurostimulators (hypoglossal nerve),2332123,"/PRODUCTION/SERVICES AND PROCEDURES/PROFESSIONAL/SURGICAL PROCEDURES/NERVOUS SYSTEM/EXTRACRANIAL NERVES, PERIPHERAL NERVES AND AUTONO/NEUROSTIMULATORS (HYPOGLOSSAL NERVE)"
Neurostimulators (Intracranial),17452,"/PRODUCTION/SERVICES AND PROCEDURES/PROFESSIONAL/SURGICAL PROCEDURES/NERVOUS SYSTEM/SKULL, MENINGES AND BRAIN/NEUROSTIMULATORS (INTRACRANIAL)"
Neurostimulators (Peripheral Nerve),17469,"/PRODUCTION/SERVICES AND PROCEDURES/PROFESSIONAL/SURGICAL PROCEDURES/NERVOUS SYSTEM/EXTRACRANIAL NERVES, PERIPHERAL NERVES AND AUTONO/NEUROSTIMULATORS (PERIPHERAL NERVE)"
Neurostimulators (Spinal),17465,/PRODUCTION/SERVICES AND PROCEDURES/PROFESSIONAL/SURGICAL PROCEDURES/NERVOUS SYSTEM/SPINE AND SPINAL CORD/NEUROSTIMULATORS (SPINAL)
"Neurostimulators, Analysis-Programming",52218,"/PRODUCTION/SERVICES AND PROCEDURES/PROFESSIONAL/DIAGNOSTIC SERVICES/NEUROLOGY AND NEUROMUSCULAR PROCEDURES/NEUROSTIMULATORS, ANALYSIS-PROGRAMMING"
New Adult Patient,20864,/PRODUCTION/SERVICES AND PROCEDURES/PROFESSIONAL/PREVENTIVE SERVICES/EVALUATION AND MANAGEMENT - HEALTH MAINTENANCE EXAM OR GYNECOLOGICAL EXAM/ROUTINE PHYSICAL/NEW ADULT PATIENT
New or Established Patient,"20800,60190,20798,20780",/PRODUCTION/SERVICES AND PROCEDURES/PROFESSIONAL/CONSULTATIONS/CONFIRMATORY CONSULTATIONS/NEW OR ESTABLISHED PATIENT | /PRODUCTION/SERVICES AND PROCEDURES/PROFESSIONAL/CONSULTATIONS/INITIAL INPATIENT CONSULTATIONS/NEW OR ESTABLISHED PATIENT
New Patient,"20832,20838,20294,20769","/PRODUCTION/SERVICES AND PROCEDURES/PROFESSIONAL/OFFICE, OUTPATIENT AND HOME MEDICAL CARE VISITS/DOMICILIARY, REST HOME OR CUSTODIAL CARE SERVICES/NEW PATIENT | /PRODUCTION/SERVICES AND PROCEDURES/PROFESSIONAL/OFFICE, OUTPATIENT AND HOME MEDICAL CARE VISITS/HOME SERVICES/NEW PATIENT"
NHCR/PPACA,2320720,/PRODUCTION/SERVICES AND PROCEDURES/PROFESSIONAL/NHCR/PPACA
Non-emergency transport,83821,/PRODUCTION/SERVICES AND PROCEDURES/PROFESSIONAL/AMBULANCE/NON-EMERGENCY TRANSPORT
Non-face-to-face physician services,2006655,"/PRODUCTION/SERVICES AND PROCEDURES/PROFESSIONAL/OFFICE, OUTPATIENT AND HOME MEDICAL CARE VISITS/NON-FACE-TO-FACE PHYSICIAN SERVICES"
Non-invasive vascular diagnostic studies,"52696,83863",/PRODUCTION/SERVICES AND PROCEDURES/FACILITY/INPATIENT HOSPITAL/DIAGNOSTIC SERVICES/NON-INVASIVE VASCULAR DIAGNOSTIC STUDIES | /PRODUCTION/SERVICES AND PROCEDURES/PROFESSIONAL/DIAGNOSTIC SERVICES/NON-INVASIVE VASCULAR DIAGNOSTIC STUDIES
Non-medical items,52493,/PRODUCTION/SERVICES AND PROCEDURES/MARK-UP TOPICS ONLY/NON-MEDICAL ITEMS
Non-NHCR/PPACA (RX Contraceptive Devices Only),"2320971,2320972",/PRODUCTION/SERVICES AND PROCEDURES/PROFESSIONAL/NHCR/PPACA/CONTRACEPTION/DEVICES AND SUPPLIES/NON-NHCR/PPACA (RX CONTRACEPTIVE DEVICES ONLY) | /PRODUCTION/SERVICES AND PROCEDURES/PROFESSIONAL/NHCR/PPACA/CONTRACEPTION/IMPLANTS/NON-NHCR/PPACA (RX CONTRACEPTIVE DEVICES ONLY)
Non-Obstetrical Pelvic Ultrasound,61279,/PRODUCTION/SERVICES AND PROCEDURES/PROFESSIONAL/RADIOLOGY/DIAGNOSTIC RADIOLOGY/ULTRASOUND/PELVIS/NON-OBSTETRICAL
Non-professional observation,2021794,/PRODUCTION/SERVICES AND PROCEDURES/PROFESSIONAL/INPATIENT MEDICAL CARE/NON-PROFESSIONAL OBSERVATION
Non-residential OPIOID treatment program (OTP),2386449,/PRODUCTION/SERVICES AND PROCEDURES/PROFESSIONAL/PSYCHIATRIC SERVICES/NON-RESIDENTIAL OPIOID TREATMENT PROGRAM (OTP)
Noncovered Dental,"2380698,2380849",/PRODUCTION/SERVICES AND PROCEDURES/DENTAL/ALVEOPLASTY/NONCOVERED DENTAL | /PRODUCTION/SERVICES AND PROCEDURES/DENTAL/CLASS II BASIC SERVICES/NONCOVERED DENTAL
Nose,15114,/PRODUCTION/SERVICES AND PROCEDURES/PROFESSIONAL/SURGICAL PROCEDURES/RESPIRATORY SYSTEM/NOSE
Nose prosethesis,52644,/PRODUCTION/SERVICES AND PROCEDURES/PROFESSIONAL/PROSTHETICS AND ORTHOTICS/PROSTHETIC DEVICE/MAXILLOFACIAL PROSTHETICS/NOSE
Not medically necessary contact lenses,61301,/PRODUCTION/SERVICES AND PROCEDURES/PROFESSIONAL/PROSTHETICS AND ORTHOTICS/PROSTHETIC DEVICE/SPECTACLE LENSES/CONTACT LENSES/NOT MEDICALLY NECESSARY
Nuclear medicine,12885,/PRODUCTION/SERVICES AND PROCEDURES/PROFESSIONAL/RADIOLOGY/NUCLEAR MEDICINE
Nuclear medicine facility charges,24040,/PRODUCTION/SERVICES AND PROCEDURES/FACILITY/INPATIENT HOSPITAL/RADIOLOGY/NUCLEAR MEDICINE FACILITY CHARGES FACILITY CHARGES
Nurse Call Center,88076,/PRODUCTION/SERVICES AND PROCEDURES/PROFESSIONAL/BLUE HEALTH CONNECT/NURSE CALL CENTER
Nursing Facility Discharge Services,20830,/PRODUCTION/SERVICES AND PROCEDURES/PROFESSIONAL/INPATIENT MEDICAL CARE/NURSING FACILITY SERVICES/NURSING FACILITY DISCHARGE SERVICES
Nursing home care,52856,/PRODUCTION/SERVICES AND PROCEDURES/MARK-UP TOPICS ONLY/NURSING HOME CARE
OB Panel,2321072,/PRODUCTION/SERVICES AND PROCEDURES/PROFESSIONAL/NHCR/PPACA/PATHOLOGY & LABORATORY/OB PANEL
Observation Care Discharge Services,60058,/PRODUCTION/SERVICES AND PROCEDURES/PROFESSIONAL/EMERGENCY TREATMENT/FIRST AID/HOSPITAL OBSERVATION SERVICES/OBSERVATION CARE DISCHARGE SERVICES
Observation or Inpatient Care Services,20789,/PRODUCTION/SERVICES AND PROCEDURES/PROFESSIONAL/INPATIENT MEDICAL CARE/EVALUATION AND MANAGEMENT FOR HOSPITAL INPATIENT SERVICES/SUBSEQUENT HOSPITAL CARE/OBSERVATION OR INPATIENT CARE SERVICES
Obstetric Panel,2334198,/PRODUCTION/SERVICES AND PROCEDURES/PROFESSIONAL/PREVENTIVE SERVICES/LABORATORY/OBSTETRIC PANEL
Obstetrical Pelvic Ultrasound,61278,/PRODUCTION/SERVICES AND PROCEDURES/PROFESSIONAL/RADIOLOGY/DIAGNOSTIC RADIOLOGY/ULTRASOUND/PELVIS/OBSTETRICAL
Obtaining Pap Smear,2013621,/PRODUCTION/SERVICES AND PROCEDURES/PROFESSIONAL/OBTAINING PAP SMEAR
Occupational therapy evaluation,"12988,60227","/PRODUCTION/SERVICES AND PROCEDURES/PROFESSIONAL/PHYSICAL THERAPY, OCCUPATIONAL THERAPY AND SPEECH THERAPY/PHYSICAL THERAPY AND OCCUPATIONAL THERAPY/OCCUPATIONAL THERAPY EVALUATION | /PRODUCTION/SERVICES AND PROCEDURES/PROFESSIONAL/PHYSICAL THERAPY, OCCUPATIONAL THERAPY AND SPEECH THERAPY/PHYSICAL THERAPY AND OCCUPATIONAL THERAPY/OCCUPATIONAL THERAPY EVALUATION/OCCUPATIONAL THERAPY EVALUATION"
Ocular Adnexa,17906,/PRODUCTION/SERVICES AND PROCEDURES/PROFESSIONAL/SURGICAL PROCEDURES/EYE AND OCULAR ADNEXA/OCULAR ADNEXA
"Ocular prosthetics, artificial eye",20292,"/PRODUCTION/SERVICES AND PROCEDURES/PROFESSIONAL/PROSTHETICS AND ORTHOTICS/PROSTHETIC DEVICE/OCULAR PROSTHETICS, ARTIFICIAL EYE"
Ocular Screening,2334025,/PRODUCTION/SERVICES AND PROCEDURES/PROFESSIONAL/PREVENTIVE SERVICES/OCULAR SCREENING
Off-label use of prescription drugs,59775,/PRODUCTION/SERVICES AND PROCEDURES/PRESCRIPTION DRUG PROGRAM/OFF LABEL USE OF DRUG
Office or Other Outpatient Consultations,20794,/PRODUCTION/SERVICES AND PROCEDURES/PROFESSIONAL/CONSULTATIONS/OFFICE OR OTHER OUTPATIENT CONSULTATIONS
On-line medical evaluation,2006657,"/PRODUCTION/SERVICES AND PROCEDURES/PROFESSIONAL/OFFICE, OUTPATIENT AND HOME MEDICAL CARE VISITS/NON-FACE-TO-FACE PHYSICIAN SERVICES/ON-LINE MEDICAL EVALUATION"
Oncology,60543,/PRODUCTION/SERVICES AND PROCEDURES/FACILITY/INPATIENT HOSPITAL/ONCOLOGY
Oncology Management for Antineoplastic Drugs,2396649,/PRODUCTION/SERVICES AND PROCEDURES/PROFESSIONAL/CHEMOTHERAPY/ANTINEOPLASTIC DRUGS/ONCOLOGY MANAGEMENT FOR ANTINEOPLASTIC DRUGS
Oncology Management for Chemo ancillary or medical drugs,2396602,/PRODUCTION/SERVICES AND PROCEDURES/PROFESSIONAL/CHEMOTHERAPY/CHEMO ANCILLARY OR MEDICAL DRUGS/ONCOLOGY MANAGEMENT FOR CHEMO ANCILLARY OR MEDICAL DRUGS
Oncology Management for Injectable Drugs,2396603,/PRODUCTION/SERVICES AND PROCEDURES/PROFESSIONAL/INJECTIONS AND INFUSIONS/INJECTABLE DRUGS/ONCOLOGY MANAGEMENT FOR INJECTABLE DRUGS
Online Visits,2332872,"/PRODUCTION/SERVICES AND PROCEDURES/PROFESSIONAL/OFFICE, OUTPATIENT AND HOME MEDICAL CARE VISITS/OFFICE OR OTHER OUTPATIENT SERVICES/ONLINE VISITS"
Operating Microscope,60318,/PRODUCTION/SERVICES AND PROCEDURES/PROFESSIONAL/SURGICAL PROCEDURES/OPERATING MICROSCOPE
Operating room charges,12819,/PRODUCTION/SERVICES AND PROCEDURES/FACILITY/INPATIENT HOSPITAL/OPERATING ROOM CHARGES
Ophthalmology,12763,/PRODUCTION/SERVICES AND PROCEDURES/MARK-UP TOPICS ONLY/OPHTHALMOLOGY
Oral,"68056,2324016",/PRODUCTION/SERVICES AND PROCEDURES/PROFESSIONAL/CHEMOTHERAPY/CHEMO SWING OR MEDICAL DRUGS/ORAL | /PRODUCTION/SERVICES AND PROCEDURES/PROFESSIONAL/PROSTHETICS AND ORTHOTICS/ORTHOTIC DEVICE/ORAL
Oral and other drugs,52703,/PRODUCTION/SERVICES AND PROCEDURES/PROFESSIONAL/MEDICATION/ORAL AND OTHER DRUGS
Oral Brush Biopsy,2381001,/PRODUCTION/SERVICES AND PROCEDURES/DENTAL/BASIC/ORAL BRUSH BIOPSY
Oral Exams and Evaluations,60488,/PRODUCTION/SERVICES AND PROCEDURES/DENTAL/BASIC/ORAL EXAMS AND EVALUATIONS
Orbit,17921,/PRODUCTION/SERVICES AND PROCEDURES/PROFESSIONAL/SURGICAL PROCEDURES/EYE AND OCULAR ADNEXA/OCULAR ADNEXA/ORBIT
Organ or disease-oriented panel laboratory tests,12888,/PRODUCTION/SERVICES AND PROCEDURES/PROFESSIONAL/PATHOLOGY AND LABORATORY/ORGAN OR DISEASE-ORIENTED PANEL LABORATORY TESTS
Orthodontic dental services and appliances,60485,/PRODUCTION/SERVICES AND PROCEDURES/DENTAL II/ORTHODONTIC DENTAL SERVICES AND APPLIANCES
Orthodontic films,89774,/PRODUCTION/SERVICES AND PROCEDURES/DENTAL/GINGIVECTOMY/ORTHODONTIC FILMS
Orthodontic minor treatment to control harmful habits,61331,/PRODUCTION/SERVICES AND PROCEDURES/DENTAL/GINGIVECTOMY/ORTHODONTIC MINOR TREATMENT TO CONTROL HARMFUL HABITS
Orthopedic Shoes,22569,/PRODUCTION/SERVICES AND PROCEDURES/PROFESSIONAL/PROSTHETICS AND ORTHOTICS/ORTHOTIC DEVICE/ORTHOPEDIC SHOES
Orthotic device,"2332422,12938",/PRODUCTION/SERVICES AND PROCEDURES/DENTAL/ALVEOPLASTY/NONCOVERED DENTAL/ORTHOTIC DEVICE | /PRODUCTION/SERVICES AND PROCEDURES/PROFESSIONAL/PROSTHETICS AND ORTHOTICS/ORTHOTIC DEVICE
ORTHOTIC DEVICES,2327443,/PRODUCTION/SERVICES AND PROCEDURES/PROFESSIONAL/DURABLE MEDICAL EQUIPMENT/CAPPED RENTAL DME/ORTHOTIC DEVICES
Orthotic devices,2327443,/PRODUCTION/SERVICES AND PROCEDURES/PROFESSIONAL/DURABLE MEDICAL EQUIPMENT/CAPPED RENTAL DME/OTHER ORTHOTIC DEVICES
Orthotic Devices - Lower Limb,22568,/PRODUCTION/SERVICES AND PROCEDURES/PROFESSIONAL/PROSTHETICS AND ORTHOTICS/ORTHOTIC DEVICE/LOWER LIMB
Orthotic Devices - Scoliosis Procedures,22567,/PRODUCTION/SERVICES AND PROCEDURES/PROFESSIONAL/PROSTHETICS AND ORTHOTICS/ORTHOTIC DEVICE/SCOLIOSIS PROCEDURES
Orthotic Devices - Spinal,22560,/PRODUCTION/SERVICES AND PROCEDURES/PROFESSIONAL/PROSTHETICS AND ORTHOTICS/ORTHOTIC DEVICE/SPINAL
Orthotic Devices - Upper Limb,22570,/PRODUCTION/SERVICES AND PROCEDURES/PROFESSIONAL/PROSTHETICS AND ORTHOTICS/ORTHOTIC DEVICE/UPPER LIMB
Osteopathic services,"52725,83866",/PRODUCTION/SERVICES AND PROCEDURES/FACILITY/INPATIENT HOSPITAL/OSTEOPATHIC SERVICES | /PRODUCTION/SERVICES AND PROCEDURES/PROFESSIONAL/OSTEOPATHIC SERVICES
Osteoporosis screening,2317285,/PRODUCTION/SERVICES AND PROCEDURES/PROFESSIONAL/NHCR/PPACA/OSTEOPOROSIS SCREENING
Osteotomy,13698,/PRODUCTION/SERVICES AND PROCEDURES/PROFESSIONAL/SURGICAL PROCEDURES/MUSCULOSKELETAL SYSTEM/SPINE (VERTEBRAL COLUMN)/OSTEOTOMY
Ostomy Supplies,52525,/PRODUCTION/SERVICES AND PROCEDURES/PROFESSIONAL/MEDICAL AND SURGICAL SUPPLIES/OSTOMY SUPPLIES
Other,"2381000,2010434,2010038",/PRODUCTION/SERVICES AND PROCEDURES/DENTAL/BASIC/DENTAL RADIOGRAPHS/OTHER | /PRODUCTION/SERVICES AND PROCEDURES/PROFESSIONAL/PREVENTIVE SERVICES/EVALUATION AND MANAGEMENT - HEALTH MAINTENANCE EXAM OR GYNECOLOGICAL EXAM/GYNECOLOGICAL EXAM/OTHER
Other ambulance services,83820,/PRODUCTION/SERVICES AND PROCEDURES/PROFESSIONAL/AMBULANCE/OTHER AMBULANCE SERVICES
Other cardiovascular procedures,12785,/PRODUCTION/SERVICES AND PROCEDURES/PROFESSIONAL/DIAGNOSTIC SERVICES/OTHER CARDIOVASCULAR PROCEDURES
Other Cardiovascular Services,84134,/PRODUCTION/SERVICES AND PROCEDURES/PROFESSIONAL/DIAGNOSTIC SERVICES/NON-INVASIVE VASCULAR DIAGNOSTIC STUDIES/OTHER CARDIOVASCULAR SERVICES
Other central venous access procedures,65928,/PRODUCTION/SERVICES AND PROCEDURES/PROFESSIONAL/SURGICAL PROCEDURES/CARDIOVASCULAR SYSTEM/CENTRAL VENOUS ACCESS DEVICE PROCEDURE/OTHER PROCEDURES
Other cranial/midface reconstruction,2016783,/PRODUCTION/SERVICES AND PROCEDURES/PROFESSIONAL/SURGICAL PROCEDURES/COSMETIC AND RECONSTRUCTIVE SURGERY PROCEDURES/RECONSTRUCTIVE PROCEDURES/OTHER CRANIAL/MIDFACE RECONSTRUCTION
Other Destruction by Neurolytic Agent,2395898,"/PRODUCTION/SERVICES AND PROCEDURES/PROFESSIONAL/SURGICAL PROCEDURES/NERVOUS SYSTEM/EXTRACRANIAL NERVES, PERIPHERAL NERVES AND AUTONO/DESTRUCTION BY NEUROLYTIC AGENT (EG, CHEMICAL, THE/OTHER DESTRUCTION BY NEUROLYTIC AGENT"
Other Diabetes Management,2011973,/PRODUCTION/SERVICES AND PROCEDURES/PROFESSIONAL/DIABETES MANAGEMENT PROGRAM/OTHER DIABETES MANAGEMENT
Other diagnostic nuclear medicine,18795,/PRODUCTION/SERVICES AND PROCEDURES/PROFESSIONAL/RADIOLOGY/NUCLEAR MEDICINE/DIAGNOSTIC/OTHER PROCEDURES
Other diagnostic services,24204,/PRODUCTION/SERVICES AND PROCEDURES/FACILITY/OTHER DIAGNOSTIC SERVICES
Other diagnostic ultrasound procedures,52551,/PRODUCTION/SERVICES AND PROCEDURES/PROFESSIONAL/RADIOLOGY/DIAGNOSTIC RADIOLOGY/ULTRASOUND/OTHER PROCEDURES
Other enteral and parenteral supplies,66947,/PRODUCTION/SERVICES AND PROCEDURES/PROFESSIONAL/ENTERAL AND PARENTERAL NUTRITION THERAPY/OTHER ENTERAL AND PARENTERAL SUPPLIES
Other Evaluation and Management Services,60199,"/PRODUCTION/SERVICES AND PROCEDURES/PROFESSIONAL/OFFICE, OUTPATIENT AND HOME MEDICAL CARE VISITS/OTHER"
Other fixed partial services,66619,/PRODUCTION/SERVICES AND PROCEDURES/DENTAL/ALVEOPLASTY/DENTAL PROSTHODONTICS/FIXED/OTHER FIXED PARTIAL DENTURE SERVICES
Other Flaps and Grafts,13317,/PRODUCTION/SERVICES AND PROCEDURES/PROFESSIONAL/SURGICAL PROCEDURES/INTEGUMENTARY SYSTEM/REPAIR (CLOSURE)/OTHER FLAPS AND GRAFTS
Other home health  visits,60551,/PRODUCTION/SERVICES AND PROCEDURES/FACILITY/HOME HEALTH CARE/OTHER HOME HEALTH  VISITS
Other Implant,66588,/PRODUCTION/SERVICES AND PROCEDURES/DENTAL/ALVEOPLASTY/IMPLANT DENTAL SERVICES/OTHER IMPLANT SERVICES
Other Introduction Procedures,83993,/PRODUCTION/SERVICES AND PROCEDURES/PROFESSIONAL/SURGICAL PROCEDURES/URINARY SYSTEM/KIDNEY/INTRODUCTION/OTHER INTRODUCTION PROCEDURES
Other medical services and procedures,12813,/PRODUCTION/SERVICES AND PROCEDURES/PROFESSIONAL/DIAGNOSTIC SERVICES/OTHER MEDICAL SERVICES AND PROCEDURES
Other nervous system surgical procedures,60240,/PRODUCTION/SERVICES AND PROCEDURES/PROFESSIONAL/SURGICAL PROCEDURES/NERVOUS SYSTEM/OTHER PROCEDURES
Other Neurology and Neuromuscular Procedures,61283,/PRODUCTION/SERVICES AND PROCEDURES/PROFESSIONAL/DIAGNOSTIC SERVICES/NEUROLOGY AND NEUROMUSCULAR PROCEDURES/OTHER NEUROLOGY AND NEUROMUSCULAR PROCEDURES
Other Nursing Facility Services,84114,/PRODUCTION/SERVICES AND PROCEDURES/PROFESSIONAL/INPATIENT MEDICAL CARE/NURSING FACILITY SERVICES/OTHER NURSING FACILITY SERVICES
Other orthodontic services,66690,/PRODUCTION/SERVICES AND PROCEDURES/DENTAL/GINGIVECTOMY/OTHER ORTHODONTIC SERVICES
Other Orthopedic Devices,21432,/PRODUCTION/SERVICES AND PROCEDURES/PROFESSIONAL/DURABLE MEDICAL EQUIPMENT/OTHER ORTHOPEDIC DEVICES
Other pathology and laboratory procedures,"52734,12903",/PRODUCTION/SERVICES AND PROCEDURES/FACILITY/INPATIENT HOSPITAL/PATHOLOGY AND LABORATORY/OTHER PATHOLOGY AND LABORATORY PROCEDURES | /PRODUCTION/SERVICES AND PROCEDURES/PROFESSIONAL/PATHOLOGY AND LABORATORY/OTHER PATHOLOGY AND LABORATORY PROCEDURES
Other Preventive Medicine Services,20881,/PRODUCTION/SERVICES AND PROCEDURES/PROFESSIONAL/PREVENTIVE SERVICES/EVALUATION AND MANAGEMENT - HEALTH MAINTENANCE EXAM OR GYNECOLOGICAL EXAM/COUNSELING OR RISK FACTOR REDUCTION INTERVENTION /OTHER PREVENTIVE MEDICINE SERVICES
Other Preventive Services,2385148,/PRODUCTION/SERVICES AND PROCEDURES/DENTAL/BASIC/PREVENTIVE DENTAL SERVICES/OTHER PREVENTIVE SERVICES
Other Procedures,"13043,52609,60443,17386,60291,60293,18183,60294,60320,16077,60301,60304,16012,16029,16041,60339,16060,60298,60341,60306,16022,60299,16018,16034,16009,60340,60277,17926,60278,60290,52911,13324,13318,17064,60441,60440,59750,59997,59958,59978,59924,13688,59935,52836,59864,13750,52977,59946,59767,59741,60284,60281,60283,15125,60282,60324,16763",/PRODUCTION/SERVICES AND PROCEDURES/PROFESSIONAL/ANESTHESIA/OTHER PROCEDURES | /PRODUCTION/SERVICES AND PROCEDURES/PROFESSIONAL/DIAGNOSTIC SERVICES/GASTROENTEROLOGY/PROFESSIONAL SERVICES/OTHER PROCEDURES
Other procedures,"52045,60105,60273,60269","/PRODUCTION/SERVICES AND PROCEDURES/PROFESSIONAL/PHYSICAL THERAPY, OCCUPATIONAL THERAPY AND SPEECH THERAPY/PHYSICAL THERAPY AND OCCUPATIONAL THERAPY/PHYSICAL THERAPY & OCCUPATIONAL THERAPIES AND TESTING/OTHER PHYSICAL MEDICINE PROCEDURES | /PRODUCTION/SERVICES AND PROCEDURES/PROFESSIONAL/RADIOLOGY/DIAGNOSTIC RADIOLOGY/CT SCANS/OTHER PROCEDURES"
Other procedures MRI/MRA,52349,/PRODUCTION/SERVICES AND PROCEDURES/PROFESSIONAL/RADIOLOGY/DIAGNOSTIC RADIOLOGY/MRI/MRA/OTHER PROCEDURES
Other Prosthetic Implants,2395700,/PRODUCTION/SERVICES AND PROCEDURES/PROFESSIONAL/PROSTHETICS AND ORTHOTICS/PROSTHETIC DEVICE/PROSTHETIC IMPLANTS/OTHER PROSTHETIC IMPLANTS
Other Psychiatric Services or Procedures,52080,/PRODUCTION/SERVICES AND PROCEDURES/PROFESSIONAL/PSYCHIATRIC SERVICES/PSYCHIATRIC THERAPEUTIC PROCEDURES/OTHER PSYCHIATRIC SERVICES OR PROCEDURES
Other Psychotherapy,52079,/PRODUCTION/SERVICES AND PROCEDURES/PROFESSIONAL/PSYCHIATRIC SERVICES/PSYCHIATRIC THERAPEUTIC PROCEDURES/OTHER PSYCHOTHERAPY
Other Radiologic Guidance,88037,/PRODUCTION/SERVICES AND PROCEDURES/PROFESSIONAL/RADIOLOGY/DIAGNOSTIC RADIOLOGY/RADIOLOGIC GUIDANCE/OTHER RADIOLOGIC GUIDANCE
Other repair procedures,66789,/PRODUCTION/SERVICES AND PROCEDURES/DENTAL II/OTHER REPAIR PROCEDURES
Other room and board,"24122,88579","/PRODUCTION/SERVICES AND PROCEDURES/FACILITY/INPATIENT HOSPITAL/ROOM, BOARD AND NURSING CHARGES/OTHER | /PRODUCTION/SERVICES AND PROCEDURES/FACILITY/SKILLED NURSING FACILITY/ROOM, BOARD AND NURSING/OTHER"
Other screening and preventive services,23775,/PRODUCTION/SERVICES AND PROCEDURES/MARK-UP TOPICS ONLY/OTHER SCREENING AND PREVENTIVE SERVICES
Other Specialized Services,20311,/PRODUCTION/SERVICES AND PROCEDURES/PROFESSIONAL/DIAGNOSTIC SERVICES/SPECIAL OPHTHALMOLOGICAL SERVICES/OTHER SPECIALIZED SERVICES
Other therapeutic services,"24104,66933","/PRODUCTION/SERVICES AND PROCEDURES/FACILITY/INPATIENT HOSPITAL/OTHER THERAPEUTIC SERVICES | /PRODUCTION/SERVICES AND PROCEDURES/FACILITY/INPATIENT HOSPITAL/PT,OT,SLP/OTHER THERAPEUTIC SERVICES"
Other Vaccines,2011250,/PRODUCTION/SERVICES AND PROCEDURES/PROFESSIONAL/VACCINES AND TOXOIDS/OTHER VACCINES
Other Valvular Procedures,60319,/PRODUCTION/SERVICES AND PROCEDURES/PROFESSIONAL/SURGICAL PROCEDURES/CARDIOVASCULAR SYSTEM/HEART AND PERICARDIUM/OTHER VALVULAR PROCEDURES
Other vascular studies,12784,/PRODUCTION/SERVICES AND PROCEDURES/PROFESSIONAL/DIAGNOSTIC SERVICES/OTHER VASCULAR STUDIES
Other X ray and other imaging procedures,18594,/PRODUCTION/SERVICES AND PROCEDURES/PROFESSIONAL/RADIOLOGY/DIAGNOSTIC RADIOLOGY/XRAY AND OTHER IMAGING/OTHER PROCEDURES
Otorhinolaryngologic services,83867,/PRODUCTION/SERVICES AND PROCEDURES/PROFESSIONAL/DIAGNOSTIC SERVICES/OTORHINOLARYNGOLOGIC SERVICES
Out of State,2330222,/PRODUCTION/SERVICES AND PROCEDURES/PROFESSIONAL/AUTISM MANDATE/OUT OF STATE
Outpatient clinic,12927,/PRODUCTION/SERVICES AND PROCEDURES/FACILITY/OUTPATIENT HOSPITAL/OUTPATIENT CLINIC
Outpatient hospital,87479,/PRODUCTION/SERVICES AND PROCEDURES/FACILITY/OUTPATIENT HOSPITAL
Outpatient services,23899,/PRODUCTION/SERVICES AND PROCEDURES/FACILITY/INPATIENT HOSPITAL/OUTPATIENT SERVICES
Outpatient special residence charges,12924,"/PRODUCTION/SERVICES AND PROCEDURES/FACILITY/INPATIENT HOSPITAL/ROOM, BOARD AND NURSING CHARGES/OUTPATIENT SPECIAL RESIDENCE CHARGES"
Ovary,17178,/PRODUCTION/SERVICES AND PROCEDURES/PROFESSIONAL/SURGICAL PROCEDURES/FEMALE GENITAL SYSTEM/OVARY
Over-the-counter medications and supplies,52499,/PRODUCTION/SERVICES AND PROCEDURES/PROFESSIONAL/MISCELLANEOUS/OVER-THE-COUNTER MEDICATIONS AND SUPPLIES
Oversized,60420,/PRODUCTION/SERVICES AND PROCEDURES/VISION/LENSES OTHER THAN CONTACTS/OVERSIZED
Oviduct / Ovary,17177,/PRODUCTION/SERVICES AND PROCEDURES/PROFESSIONAL/SURGICAL PROCEDURES/FEMALE GENITAL SYSTEM/OVIDUCT / OVARY
Oxygen (Home Health),60549,/PRODUCTION/SERVICES AND PROCEDURES/FACILITY/HOME HEALTH CARE/OXYGEN (HOME HEALTH)
Oxygen and Breathing Equipment,60361,/PRODUCTION/SERVICES AND PROCEDURES/PROFESSIONAL/DURABLE MEDICAL EQUIPMENT/OXYGEN AND BREATHING EQUIPMENT
Oxygen and Related Respiratory Equipment,21404,/PRODUCTION/SERVICES AND PROCEDURES/PROFESSIONAL/DURABLE MEDICAL EQUIPMENT/OXYGEN AND BREATHING EQUIPMENT/OXYGEN AND RELATED RESPIRATORY EQUIPMENT
Pacemaker Monitor,21408,/PRODUCTION/SERVICES AND PROCEDURES/PROFESSIONAL/DURABLE MEDICAL EQUIPMENT/PACEMAKER MONITOR
Pacemaker or Pacing Cardioverter- Defibrillator,15391,/PRODUCTION/SERVICES AND PROCEDURES/PROFESSIONAL/SURGICAL PROCEDURES/CARDIOVASCULAR SYSTEM/HEART AND PERICARDIUM/PACEMAKER OR PACING CARDIOVERTER- DEFIBRILLATOR
Packed red blood cells,87712,"/PRODUCTION/SERVICES AND PROCEDURES/FACILITY/INPATIENT HOSPITAL/BLOOD PRODUCTS, STORAGE AND PROCESSING/BLOOD PRODUCTS/PACKED RED BLOOD CELLS"
Pain management services,59772,/PRODUCTION/SERVICES AND PROCEDURES/MARK-UP TOPICS ONLY/PAIN MANAGEMENT SERVICES
Palate and Uvula,15987,/PRODUCTION/SERVICES AND PROCEDURES/PROFESSIONAL/SURGICAL PROCEDURES/DIGESTIVE SYSTEM/PALATE AND UVULA
Palate lift prosthesis prep,2016778,/PRODUCTION/SERVICES AND PROCEDURES/PROFESSIONAL/SURGICAL PROCEDURES/COSMETIC AND RECONSTRUCTIVE SURGERY PROCEDURES/RECONSTRUCTIVE PROCEDURES/PALATE LIFT PROSTHESIS PREP
Palliative dental treatments,60504,/PRODUCTION/SERVICES AND PROCEDURES/DENTAL/BASIC/PALLIATIVE DENTAL TREATMENTS
Pancreas,15999,/PRODUCTION/SERVICES AND PROCEDURES/PROFESSIONAL/SURGICAL PROCEDURES/DIGESTIVE SYSTEM/PANCREAS
Pancreas Transplantation,16070,/PRODUCTION/SERVICES AND PROCEDURES/PROFESSIONAL/SURGICAL PROCEDURES/TRANSPLANTATION/SPECIFIED ORGAN TRANSPLANTATION/PANCREAS TRANSPLANTATION
Pancreatic islet cell transplant,60050,/PRODUCTION/SERVICES AND PROCEDURES/PROFESSIONAL/SURGICAL PROCEDURES/DIGESTIVE SYSTEM/PANCREAS/ISLET CELL TRANSPLANT
Panorex,2380999,/PRODUCTION/SERVICES AND PROCEDURES/DENTAL/BASIC/DENTAL RADIOGRAPHS/PANOREX
Pap smear,52458,/PRODUCTION/SERVICES AND PROCEDURES/PROFESSIONAL/PREVENTIVE SERVICES/LABORATORY SERVICES/PAP SMEAR
Pap smear - diagnostic,60338,/PRODUCTION/SERVICES AND PROCEDURES/PROFESSIONAL/PATHOLOGY AND LABORATORY/CYTOPATHOLOGY/PAP SMEAR - DIAGNOSTIC
Parenteral nutrition solutions and supplies,21356,/PRODUCTION/SERVICES AND PROCEDURES/PROFESSIONAL/ENTERAL AND PARENTERAL NUTRITION THERAPY/PARENTERAL NUTRITION SOLUTIONS AND SUPPLIES
Parenting and Pediatrics,2414458,/PRODUCTION/SERVICES AND PROCEDURES/PROFESSIONAL/MATERNITY AND FAMILY EDUCATION/PARENTING AND PEDIATRICS
Paring or Cutting,13289,"/PRODUCTION/SERVICES AND PROCEDURES/PROFESSIONAL/SURGICAL PROCEDURES/INTEGUMENTARY SYSTEM/SKIN, SUBCUTANEOUS AND ACCESSORY STRUCTURES/PARING OR CUTTING"
Partial Denture,2386253,/PRODUCTION/SERVICES AND PROCEDURES/DENTAL/ALVEOPLASTY/DENTAL PROSTHODONTICS/FIXED/IMPLANT/ABUTMENT SUPPORTED DENTURE/PARTIAL DENTURE
Partial dentures (including routine post delivery care),66548,/PRODUCTION/SERVICES AND PROCEDURES/DENTAL/ALVEOPLASTY/DENTAL PROSTHODONTICS/REMOVABLE/PARTIAL DENTURES
Partial liver transplantation,12840,/PRODUCTION/SERVICES AND PROCEDURES/MARK-UP TOPICS ONLY/PARTIAL LIVER TRANSPLANTATION
Partial replacement of central venous access device (catheter only),65924,/PRODUCTION/SERVICES AND PROCEDURES/PROFESSIONAL/SURGICAL PROCEDURES/CARDIOVASCULAR SYSTEM/CENTRAL VENOUS ACCESS DEVICE PROCEDURE/PARTIAL REPLACEMENT
Pathology,60461,/PRODUCTION/SERVICES AND PROCEDURES/FACILITY/INPATIENT HOSPITAL/PATHOLOGY AND LABORATORY/PATHOLOGY
Pathology and laboratory,"23992,12716,2021440,82139",/PRODUCTION/SERVICES AND PROCEDURES/FACILITY/INPATIENT HOSPITAL/PATHOLOGY AND LABORATORY | /PRODUCTION/SERVICES AND PROCEDURES/MARK-UP TOPICS ONLY/PATHOLOGY AND LABORATORY
Pathology and Laboratory,89433,/PRODUCTION/SERVICES AND PROCEDURES/MARK-UP TOPICS ONLY/PATHOLOGY AND LABORATORY
Pathology consultations,12892,/PRODUCTION/SERVICES AND PROCEDURES/PROFESSIONAL/PATHOLOGY AND LABORATORY/PATHOLOGY CONSULTATIONS
Patient Lifts,21409,/PRODUCTION/SERVICES AND PROCEDURES/PROFESSIONAL/DURABLE MEDICAL EQUIPMENT/PATIENT LIFTS
Patient Lifts or other support,2327432,/PRODUCTION/SERVICES AND PROCEDURES/PROFESSIONAL/DURABLE MEDICAL EQUIPMENT/CAPPED RENTAL DME/PATIENT LIFTS
Patient-Activated Event Recorder,15393,/PRODUCTION/SERVICES AND PROCEDURES/PROFESSIONAL/SURGICAL PROCEDURES/CARDIOVASCULAR SYSTEM/HEART AND PERICARDIUM/PATIENT-ACTIVATED EVENT RECORDER
Pediatric feeding program,2377448,/PRODUCTION/SERVICES AND PROCEDURES/PROFESSIONAL/PEDIATRIC FEEDING PROGRAM
Pelvis,18673,/PRODUCTION/SERVICES AND PROCEDURES/PROFESSIONAL/RADIOLOGY/DIAGNOSTIC RADIOLOGY/ULTRASOUND/PELVIS
Pelvis (Except Hip),13034,/PRODUCTION/SERVICES AND PROCEDURES/PROFESSIONAL/ANESTHESIA/PELVIS (EXCEPT HIP)
Pelvis and Hip Joint,13676,/PRODUCTION/SERVICES AND PROCEDURES/PROFESSIONAL/SURGICAL PROCEDURES/MUSCULOSKELETAL SYSTEM/PELVIS AND HIP JOINT
Penis,17037,/PRODUCTION/SERVICES AND PROCEDURES/PROFESSIONAL/SURGICAL PROCEDURES/MALE GENITAL SYSTEM/PENIS
Pericardium,15388,/PRODUCTION/SERVICES AND PROCEDURES/PROFESSIONAL/SURGICAL PROCEDURES/CARDIOVASCULAR SYSTEM/HEART AND PERICARDIUM/PERICARDIUM
Perineum,13033,/PRODUCTION/SERVICES AND PROCEDURES/PROFESSIONAL/ANESTHESIA/PERINEUM
Periodontal Maintenance,2383608,/PRODUCTION/SERVICES AND PROCEDURES/DENTAL/BASIC/PREVENTIVE SERVICES/DENTAL CLEANINGS/PERIODONTAL CLEANINGS
Peripheral arterial disease rehabilitation,59836,/PRODUCTION/SERVICES AND PROCEDURES/PROFESSIONAL/DIAGNOSTIC SERVICES/PERIPHERAL ARTERIAL DISEASE REHABILITATION
Peripheral blood stem cell transplantation,12845,/PRODUCTION/SERVICES AND PROCEDURES/PROFESSIONAL/SURGICAL PROCEDURES/TRANSPLANTATION/BASIC ORGAN/BONE MARROW/PERIPHERAL BLOOD STEM CELL
Peritoneal Dialysis,60516,/PRODUCTION/SERVICES AND PROCEDURES/MARK-UP TOPICS ONLY/PERITONEAL DIALYSIS
Personalized Prevention Plan,2419106,/PRODUCTION/SERVICES AND PROCEDURES/PROFESSIONAL/CARE PLANNING/PERSONALIZED PREVENTION PLAN
Pessary,2319918,/PRODUCTION/SERVICES AND PROCEDURES/PROFESSIONAL/PROSTHETICS AND ORTHOTICS/ORTHOTIC DEVICE/PESSARY
Pharmacy,"60567,60568,89312",/PRODUCTION/SERVICES AND PROCEDURES/FACILITY/INPATIENT HOSPITAL/MEDICATIONS/PHARMACY | /PRODUCTION/SERVICES AND PROCEDURES/FACILITY/SKILLED NURSING FACILITY/PHARMACY
Pharmacy Supply Fee,85740,/PRODUCTION/SERVICES AND PROCEDURES/PROFESSIONAL/MEDICATION/PHARMACY SUPPLY FEE
"Pharynx, Adenoids, and Tonsils",15989,"/PRODUCTION/SERVICES AND PROCEDURES/PROFESSIONAL/SURGICAL PROCEDURES/DIGESTIVE SYSTEM/PHARYNX, ADENOIDS, AND TONSILS"
Photodynamic therapy,12796,/PRODUCTION/SERVICES AND PROCEDURES/PROFESSIONAL/DIAGNOSTIC SERVICES/PHOTODYNAMIC THERAPY
Photorefractive keratectomy (PRK),2011892,/PRODUCTION/SERVICES AND PROCEDURES/PROFESSIONAL/SURGICAL PROCEDURES/EYE AND OCULAR ADNEXA/PHOTOREFRACTIVE KERATECTOMY (PRK)
Photosensitive lenses,60430,/PRODUCTION/SERVICES AND PROCEDURES/VISION/LENSES OTHER THAN CONTACTS/PHOTOSENSITIVE
Physical therapy and Occupational Therapy,52043,"/PRODUCTION/SERVICES AND PROCEDURES/PROFESSIONAL/PHYSICAL THERAPY, OCCUPATIONAL THERAPY AND SPEECH THERAPY/PHYSICAL THERAPY AND OCCUPATIONAL THERAPY"
Physical therapy evaluation,60225,"/PRODUCTION/SERVICES AND PROCEDURES/PROFESSIONAL/PHYSICAL THERAPY, OCCUPATIONAL THERAPY AND SPEECH THERAPY/PHYSICAL THERAPY AND OCCUPATIONAL THERAPY/PHYSICAL THERAPY EVALUATION"
Physical therapy freestanding facility,89497,/PRODUCTION/SERVICES AND PROCEDURES/FACILITY/PHYSICAL THERAPY FREESTANDING FACILITY
"Physical therapy, occupational therapy and speech therapy",12744,"/PRODUCTION/SERVICES AND PROCEDURES/PROFESSIONAL/PHYSICAL THERAPY, OCCUPATIONAL THERAPY AND SPEECH THERAPY"
Pilonidal cyst,86122,/PRODUCTION/SERVICES AND PROCEDURES/PROFESSIONAL/SURGICAL PROCEDURES/INTEGUMENTARY SYSTEM/PILONIDAL CYST
Plastic lenses,60426,/PRODUCTION/SERVICES AND PROCEDURES/VISION/LENSES OTHER THAN CONTACTS/PLASTIC
Pneumatic Compressor and Appliances,21410,/PRODUCTION/SERVICES AND PROCEDURES/PROFESSIONAL/DURABLE MEDICAL EQUIPMENT/PNEUMATIC COMPRESSOR AND APPLIANCES
Pneumatic compressors or related appliances,2327433,/PRODUCTION/SERVICES AND PROCEDURES/PROFESSIONAL/DURABLE MEDICAL EQUIPMENT/CAPPED RENTAL DME/PNEUMATIC COMPRESSOR AND APPLIANCES
Portal Decompression Procedures,15430,/PRODUCTION/SERVICES AND PROCEDURES/PROFESSIONAL/SURGICAL PROCEDURES/CARDIOVASCULAR SYSTEM/ADJUVANT TECHNIQUES/PORTAL DECOMPRESSION PROCEDURES
Positron emission therapy,68368,/PRODUCTION/SERVICES AND PROCEDURES/PROFESSIONAL/RADIOLOGY/DIAGNOSTIC RADIOLOGY/PET
Posterior Extradural Laminotomy or Laminectomy,17458,/PRODUCTION/SERVICES AND PROCEDURES/PROFESSIONAL/SURGICAL PROCEDURES/NERVOUS SYSTEM/SPINE AND SPINAL CORD/POSTERIOR EXTRADURAL LAMINOTOMY OR LAMINECTOMY
Posterior Segment,17905,/PRODUCTION/SERVICES AND PROCEDURES/PROFESSIONAL/SURGICAL PROCEDURES/EYE AND OCULAR ADNEXA/POSTERIOR SEGMENT
"Posterior, Posterolateral or Lateral Transverse Pr",13702,"/PRODUCTION/SERVICES AND PROCEDURES/PROFESSIONAL/SURGICAL PROCEDURES/MUSCULOSKELETAL SYSTEM/SPINE (VERTEBRAL COLUMN)/ARTHRODESIS/POSTERIOR, POSTEROLATERAL OR LATERAL TRANSVERSE PR"
Postmortem Examination,19986,/PRODUCTION/SERVICES AND PROCEDURES/PROFESSIONAL/PATHOLOGY AND LABORATORY/ANATOMIC PATHOLOGY/POSTMORTEM EXAMINATION
Power,2327440,/PRODUCTION/SERVICES AND PROCEDURES/PROFESSIONAL/DURABLE MEDICAL EQUIPMENT/CAPPED RENTAL DME/WHEELCHAIRS/POWER OPERATED
Power Operated Vehicle,87761,/PRODUCTION/SERVICES AND PROCEDURES/PROFESSIONAL/DURABLE MEDICAL EQUIPMENT/POWER OPERATED VEHICLE
Pre and Post Natal,2376198,"/PRODUCTION/SERVICES AND PROCEDURES/PROFESSIONAL/OFFICE, OUTPATIENT AND HOME MEDICAL CARE VISITS/HOME SERVICES/PRE AND POST NATAL"
Pre and Post Natal Care,88038,/PRODUCTION/SERVICES AND PROCEDURES/PROFESSIONAL/MATERNITY CARE/PRE AND POST NATAL CARE
Pre-Hospice/Palliative Care Service,2324366,/PRODUCTION/SERVICES AND PROCEDURES/FACILITY/PRE-HOSPICE/PALLIATIVE CARE SERVICE
Preadmission testing,61296,/PRODUCTION/SERVICES AND PROCEDURES/MARK-UP TOPICS ONLY/PREADMISSION TESTING
Prescription drug program,12725,/PRODUCTION/SERVICES AND PROCEDURES/PRESCRIPTION DRUG PROGRAM
Prescription refills,52500,/PRODUCTION/SERVICES AND PROCEDURES/PRESCRIPTION DRUG PROGRAM/REFILLS
Pressure garments for burns,63103,/PRODUCTION/SERVICES AND PROCEDURES/PROFESSIONAL/MEDICAL AND SURGICAL SUPPLIES/PRESSURE GARMENTS FOR BURNS
Pressure gradient supports and garments,63104,/PRODUCTION/SERVICES AND PROCEDURES/PROFESSIONAL/MEDICAL AND SURGICAL SUPPLIES/PRESSURE GRADIENT SUPPORTS AND GARMENTS
Pressure Ulcers (Decubitus Ulcers),13319,/PRODUCTION/SERVICES AND PROCEDURES/PROFESSIONAL/SURGICAL PROCEDURES/INTEGUMENTARY SYSTEM/REPAIR (CLOSURE)/PRESSURE ULCERS (DECUBITUS ULCERS)
Prevent & Infertility,2317533,/PRODUCTION/SERVICES AND PROCEDURES/PROFESSIONAL/NHCR/PPACA/PATHOLOGY & LABORATORY/PREVENT & INFERTILITY
Prevention,2372748,/PRODUCTION/SERVICES AND PROCEDURES/PROFESSIONAL/DIABETES MANAGEMENT PROGRAMS/DIABETES PREVENTION PROGRAM
Preventive dental services,60479,/PRODUCTION/SERVICES AND PROCEDURES/DENTAL/BASIC/PREVENTIVE SERVICES
"Preventive Medicine, Group Counseling",20880,"/PRODUCTION/SERVICES AND PROCEDURES/PROFESSIONAL/PREVENTIVE SERVICES/EVALUATION AND MANAGEMENT - HEALTH MAINTENANCE EXAM OR GYNECOLOGICAL EXAM/COUNSELING OR RISK FACTOR REDUCTION INTERVENTION /PREVENTIVE MEDICINE, GROUP COUNSELING"
"Preventive Medicine, Individual Counseling",20879,"/PRODUCTION/SERVICES AND PROCEDURES/PROFESSIONAL/PREVENTIVE SERVICES/EVALUATION AND MANAGEMENT - HEALTH MAINTENANCE EXAM OR GYNECOLOGICAL EXAM/COUNSELING OR RISK FACTOR REDUCTION INTERVENTION /PREVENTIVE MEDICINE, INDIVIDUAL COUNSELING"
Preventive screening services,52733,/PRODUCTION/SERVICES AND PROCEDURES/PROFESSIONAL/PREVENTIVE SERVICES/SCREENING
Preventive services,12711,/PRODUCTION/SERVICES AND PROCEDURES/PROFESSIONAL/PREVENTIVE SERVICES
Prism lense,60417,/PRODUCTION/SERVICES AND PROCEDURES/MARK-UP TOPICS ONLY/PRISM LENSE
Private (deluxe),88577,"/PRODUCTION/SERVICES AND PROCEDURES/FACILITY/SKILLED NURSING FACILITY/ROOM, BOARD AND NURSING/PRIVATE (DELUXE)"
Private (Medical or General),88574,"/PRODUCTION/SERVICES AND PROCEDURES/FACILITY/SKILLED NURSING FACILITY/ROOM, BOARD AND NURSING/PRIVATE (MEDICAL OR GENERAL)"
Proctoscopy,52663,/PRODUCTION/SERVICES AND PROCEDURES/PROFESSIONAL/PREVENTIVE SERVICES/SURGERY/PROCTOSCOPY
Professional,86457,/PRODUCTION/SERVICES AND PROCEDURES/PROFESSIONAL
Professional charges for Home Health Care,60553,"/PRODUCTION/SERVICES AND PROCEDURES/PROFESSIONAL/OFFICE, OUTPATIENT AND HOME MEDICAL CARE VISITS/HOME HEALTH CARE/PROFESSIONAL CHARGES"
Professional charges for osteopathic services,12808,/PRODUCTION/SERVICES AND PROCEDURES/MARK-UP TOPICS ONLY/PROFESSIONAL CHARGES FOR OSTEOPATHIC SERVICES
Professional facility charges,66919,/PRODUCTION/SERVICES AND PROCEDURES/FACILITY/MISCELLANEOUS/PROFESSIONAL FACILITY CHARGES
Professional facility fees,"66916,66918",/PRODUCTION/SERVICES AND PROCEDURES/MARK-UP TOPICS ONLY/PROFESSIONAL FACILITY FEES
Professional gastroenterology services,83861,/PRODUCTION/SERVICES AND PROCEDURES/PROFESSIONAL/DIAGNOSTIC SERVICES/GASTROENTEROLOGY/PROFESSIONAL SERVICES
Professional psychological testing,83841,/PRODUCTION/SERVICES AND PROCEDURES/PROFESSIONAL/PROFESSIONAL PSYCHIATRIC SERVICES/PROFESSIONAL PSYCHOLOGICAL TESTING
Professional pulmonology services,83822,/PRODUCTION/SERVICES AND PROCEDURES/PROFESSIONAL/DIAGNOSTIC SERVICES/PULMONOLOGY/PROFESSIONAL SERVICES
Prolonged Physician Service With Direct (Face-To-Face),20847,/PRODUCTION/SERVICES AND PROCEDURES/PROFESSIONAL/INPATIENT MEDICAL CARE/PROLONGED SERVICES/PROLONGED PHYSICIAN SERVICE WITH DIRECT (FACE-TO-FACE)
Prolonged Physician Service Without Direct (Face-To-Face),20848,/PRODUCTION/SERVICES AND PROCEDURES/PROFESSIONAL/INPATIENT MEDICAL CARE/PROLONGED SERVICES/PROLONGED PHYSICIAN SERVICE WITHOUT DIRECT (FACE-TO-FACE)
Prolonged services,2010445,"/PRODUCTION/SERVICES AND PROCEDURES/PROFESSIONAL/OFFICE, OUTPATIENT AND HOME MEDICAL CARE VISITS/OFFICE OR OTHER OUTPATIENT SERVICES/PROLONGED SERVICES"
Prolonged Services,2368198,/PRODUCTION/SERVICES AND PROCEDURES/PROFESSIONAL/PREVENTIVE SERVICES/EVALUATION AND MANAGEMENT - HEALTH MAINTENANCE EXAM OR GYNECOLOGICAL EXAM/PROLONGED SERVICES
Prospective Payment System (HIPPS),66922,/PRODUCTION/SERVICES AND PROCEDURES/FACILITY/MISCELLANEOUS/PROSPECTIVE PAYMENT SYSTEM (HIPPS)
Prostate,17044,/PRODUCTION/SERVICES AND PROCEDURES/PROFESSIONAL/SURGICAL PROCEDURES/MALE GENITAL SYSTEM/PROSTATE
Prostate specific antigen,52654,/PRODUCTION/SERVICES AND PROCEDURES/PROFESSIONAL/PREVENTIVE SERVICES/LABORATORY SERVICES/PROSTATE SPECIFIC ANTIGEN
Prosthetic device,12937,/PRODUCTION/SERVICES AND PROCEDURES/PROFESSIONAL/PROSTHETICS AND ORTHOTICS/PROSTHETIC DEVICE
Prosthetic Ears,52523,/PRODUCTION/SERVICES AND PROCEDURES/PROFESSIONAL/PROSTHETICS AND ORTHOTICS/PROSTHETIC DEVICE/MAXILLOFACIAL PROSTHETICS/EARS
Prosthetic Eye,60252,/PRODUCTION/SERVICES AND PROCEDURES/PROFESSIONAL/PROSTHETICS AND ORTHOTICS/PROSTHETIC DEVICE/MAXILLOFACIAL PROSTHETICS/EYES
Prosthetic Implants,23014,/PRODUCTION/SERVICES AND PROCEDURES/PROFESSIONAL/PROSTHETICS AND ORTHOTICS/PROSTHETIC DEVICE/PROSTHETIC IMPLANTS
Prosthetic Larynxes,52524,/PRODUCTION/SERVICES AND PROCEDURES/MARK-UP TOPICS ONLY/PROSTHETIC LARYNXES
Prosthodontic Services (Type B),60483,/PRODUCTION/SERVICES AND PROCEDURES/DENTAL/ALVEOPLASTY/DENTAL PROSTHODONTICS
Proton Beam Treatment Delivery,18722,/PRODUCTION/SERVICES AND PROCEDURES/PROFESSIONAL/RADIOLOGY/THERAPEUTIC RADIOLOGY/PROTON BEAM TREATMENT DELIVERY
Provider Delivered Care Management,2020940,/PRODUCTION/SERVICES AND PROCEDURES/PROFESSIONAL/BLUE HEALTH CONNECT/VALUE BASED PROGRAM/PROVIDER DELIVERED CARE MANAGEMENT
Psychiatric diagnostic or evaluative Interview,52074,/PRODUCTION/SERVICES AND PROCEDURES/PROFESSIONAL/PSYCHIATRIC SERVICES/PSYCHIATRIC DIAGNOSTIC OR EVALUATIVE INTERVIEW
Psychiatric or psychological services,12753,/PRODUCTION/SERVICES AND PROCEDURES/FACILITY/INPATIENT HOSPITAL/PSYCHIATRY AND MENTAL HEALTH/PSYCHIATRIC OR PSYCHOLOGICAL SERVICES
Psychiatric or psychological services or Substance Abuse,2016622,/PRODUCTION/SERVICES AND PROCEDURES/FACILITY/INPATIENT HOSPITAL/PSYCHIATRY AND MENTAL HEALTH/PSYCHIATRIC OR PSYCHOLOGICAL SERVICES FACILITY CHARGES OR SUBSTANCE ABUSE
Psychiatric partial hospitalization,52424,/PRODUCTION/SERVICES AND PROCEDURES/FACILITY/INPATIENT HOSPITAL/PSYCHIATRY AND MENTAL HEALTH/PSYCHIATRIC PARTIAL HOSPITALIZATION
Psychiatric services,83843,/PRODUCTION/SERVICES AND PROCEDURES/PROFESSIONAL/PSYCHIATRIC SERVICES
Psychiatric therapeutic procedures,52075,/PRODUCTION/SERVICES AND PROCEDURES/PROFESSIONAL/PSYCHIATRIC SERVICES/PSYCHIATRIC THERAPEUTIC PROCEDURES
Psychiatric therapeutic procedures - office or other outpatient facility,52077,/PRODUCTION/SERVICES AND PROCEDURES/PROFESSIONAL/PSYCHIATRIC SERVICES/PSYCHIATRIC THERAPEUTIC PROCEDURES/OFFICE OR OTHER OUTPATIENT FACILITY
Psychiatry and mental health,"52442,12751",/PRODUCTION/SERVICES AND PROCEDURES/FACILITY/INPATIENT HOSPITAL/PSYCHIATRY AND MENTAL HEALTH | /PRODUCTION/SERVICES AND PROCEDURES/MARK-UP TOPICS ONLY/PSYCHIATRY AND MENTAL HEALTH
PT & OT Therapies and Testing,12987,"/PRODUCTION/SERVICES AND PROCEDURES/PROFESSIONAL/PHYSICAL THERAPY, OCCUPATIONAL THERAPY AND SPEECH THERAPY/PHYSICAL THERAPY AND OCCUPATIONAL THERAPY/PHYSICAL THERAPY & OCCUPATIONAL THERAPIES AND TESTING"
"PT,OT,SLP",52859,"/PRODUCTION/SERVICES AND PROCEDURES/FACILITY/INPATIENT HOSPITAL/PT,OT,SLP"
Ptosis,2017583,/PRODUCTION/SERVICES AND PROCEDURES/PROFESSIONAL/SURGICAL PROCEDURES/COSMETIC AND RECONSTRUCTIVE SURGERY PROCEDURES/RECONSTRUCTIVE PROCEDURES/PTOSIS
Pulmonary Artery,15409,/PRODUCTION/SERVICES AND PROCEDURES/PROFESSIONAL/SURGICAL PROCEDURES/CARDIOVASCULAR SYSTEM/HEART AND PERICARDIUM/PULMONARY ARTERY
Pulmonary function testing,12788,/PRODUCTION/SERVICES AND PROCEDURES/FACILITY/INPATIENT HOSPITAL/PULMONARY FUNCTION TESTING
Pulmonology,12787,/PRODUCTION/SERVICES AND PROCEDURES/PROFESSIONAL/DIAGNOSTIC SERVICES/PULMONOLOGY
Pulmonology facility charges,52730,/PRODUCTION/SERVICES AND PROCEDURES/MARK-UP TOPICS ONLY/PULMONOLOGY FACILITY CHARGES
Pulmonology Rehabilitation,2432266,/PRODUCTION/SERVICES AND PROCEDURES/PROFESSIONAL/DIAGNOSTIC SERVICES/PULMONOLOGY/PROFESSIONAL SERVICES/PULMONOLOGY REHABILITATION
Pumps,"2019918,2327430",/PRODUCTION/SERVICES AND PROCEDURES/PROFESSIONAL/CHEMOTHERAPY/PUMPS | /PRODUCTION/SERVICES AND PROCEDURES/PROFESSIONAL/DURABLE MEDICAL EQUIPMENT/CAPPED RENTAL DME/PUMPS
Qualifying medical circumstances for anesthesia,12811,/PRODUCTION/SERVICES AND PROCEDURES/PROFESSIONAL/ANESTHESIA/QUALIFYING MEDICAL CIRCUMSTANCES FOR ANESTHESIA
Radiation Treatment Delivery,18720,/PRODUCTION/SERVICES AND PROCEDURES/PROFESSIONAL/RADIOLOGY/THERAPEUTIC RADIOLOGY/RADIATION TREATMENT DELIVERY
Radiation Treatment Management,18721,/PRODUCTION/SERVICES AND PROCEDURES/PROFESSIONAL/RADIOLOGY/THERAPEUTIC RADIOLOGY/RADIATION TREATMENT MANAGEMENT
Radical Lymphadenectomy (Radical Resection of Lymph),15932,/PRODUCTION/SERVICES AND PROCEDURES/PROFESSIONAL/SURGICAL PROCEDURES/HEMIC AND LYMPHATIC SYSTEM/LYMPH NODES AND LYMPHATIC CHANNELS/RADICAL LYMPHADENECTOMY (RADICAL RESECTION OF LYMPH)
Radiologic Guidance,88032,/PRODUCTION/SERVICES AND PROCEDURES/PROFESSIONAL/RADIOLOGY/DIAGNOSTIC RADIOLOGY/RADIOLOGIC GUIDANCE
Radiological Procedures,13041,/PRODUCTION/SERVICES AND PROCEDURES/PROFESSIONAL/ANESTHESIA/RADIOLOGICAL PROCEDURES
Radiology,"24071,12715",/PRODUCTION/SERVICES AND PROCEDURES/FACILITY/INPATIENT HOSPITAL/RADIOLOGY | /PRODUCTION/SERVICES AND PROCEDURES/MARK-UP TOPICS ONLY/RADIOLOGY
Radiopharmaceuticals,"60465,52623",/PRODUCTION/SERVICES AND PROCEDURES/FACILITY/INPATIENT HOSPITAL/RADIOLOGY/RADIOPHARMACEUTICALS | /PRODUCTION/SERVICES AND PROCEDURES/PROFESSIONAL/RADIOLOGY/RADIOPHARMACEUTICALS
Recementing,2385500,/PRODUCTION/SERVICES AND PROCEDURES/DENTAL/BASIC/DENTAL SPACE MAINTAINERS (PASSIVE APPLIANCES)/RECEMENTING
Recementing Crowns and Bridges,2386254,/PRODUCTION/SERVICES AND PROCEDURES/DENTAL/ALVEOPLASTY/IMPLANT DENTAL SERVICES/RECEMENTING CROWNS AND BRIDGES
Reconstructive procedures,2016772,/PRODUCTION/SERVICES AND PROCEDURES/PROFESSIONAL/SURGICAL PROCEDURES/COSMETIC AND RECONSTRUCTIVE SURGERY PROCEDURES/RECONSTRUCTIVE PROCEDURES
Rectum,15995,/PRODUCTION/SERVICES AND PROCEDURES/PROFESSIONAL/SURGICAL PROCEDURES/DIGESTIVE SYSTEM/RECTUM
Reevaluation,"89493,89495,90095","/PRODUCTION/SERVICES AND PROCEDURES/PROFESSIONAL/PHYSICAL THERAPY, OCCUPATIONAL THERAPY AND SPEECH THERAPY/PHYSICAL THERAPY AND OCCUPATIONAL THERAPY/OCCUPATIONAL THERAPY EVALUATION/OCCUPATIONAL THERAPY EVALUATION/REEVALUATION | /PRODUCTION/SERVICES AND PROCEDURES/PROFESSIONAL/PHYSICAL THERAPY, OCCUPATIONAL THERAPY AND SPEECH THERAPY/PHYSICAL THERAPY AND OCCUPATIONAL THERAPY/PHYSICAL THERAPY EVALUATION/REEVALUATION"
Refraction,2428910,/PRODUCTION/SERVICES AND PROCEDURES/PROFESSIONAL/DIAGNOSTIC SERVICES/SPECIAL OPHTHALMOLOGICAL SERVICES/REFRACTION
Remote Critical Care Services,2007009,/PRODUCTION/SERVICES AND PROCEDURES/PROFESSIONAL/INPATIENT MEDICAL CARE/CRITICAL CARE SERVICES/REMOTE CRITICAL CARE SERVICES
Remote In-Home Visits,2433111,/PRODUCTION/SERVICES AND PROCEDURES/PROFESSIONAL/REMOTE IN-HOME VISITS
Remote Physiologic Monitoring,2386248,"/PRODUCTION/SERVICES AND PROCEDURES/PROFESSIONAL/OFFICE, OUTPATIENT AND HOME MEDICAL CARE VISITS/NON-FACE-TO-FACE PHYSICIAN SERVICES/REMOTE PHYSIOLOGIC MONITORING"
Removable Prosthodontics,66614,/PRODUCTION/SERVICES AND PROCEDURES/DENTAL/ALVEOPLASTY/DENTAL PROSTHODONTICS/REMOVABLE
Removal,"2006121,2006658",/PRODUCTION/SERVICES AND PROCEDURES/PROFESSIONAL/SURGICAL PROCEDURES/ENDOCRINE SYSTEM/THYROID GLAND/REMOVAL | /PRODUCTION/SERVICES AND PROCEDURES/PROFESSIONAL/SURGICAL PROCEDURES/RESPIRATORY SYSTEM/LUNGS AND PLEURA/REMOVAL
Removal of central venous access device,65926,/PRODUCTION/SERVICES AND PROCEDURES/PROFESSIONAL/SURGICAL PROCEDURES/CARDIOVASCULAR SYSTEM/CENTRAL VENOUS ACCESS DEVICE PROCEDURE/REMOVAL
Removal of Eye,17908,/PRODUCTION/SERVICES AND PROCEDURES/PROFESSIONAL/SURGICAL PROCEDURES/EYE AND OCULAR ADNEXA/EYEBALL/REMOVAL OF EYE
Removal of Foreign Body,"18177,17910,15122",/PRODUCTION/SERVICES AND PROCEDURES/PROFESSIONAL/SURGICAL PROCEDURES/AUDITORY SYSTEM/EXTERNAL EAR/REMOVAL OF FOREIGN BODY | /PRODUCTION/SERVICES AND PROCEDURES/PROFESSIONAL/SURGICAL PROCEDURES/EYE AND OCULAR ADNEXA/EYEBALL/REMOVAL OF FOREIGN BODY
Removal of Skin Tags,13291,/PRODUCTION/SERVICES AND PROCEDURES/PROFESSIONAL/SURGICAL PROCEDURES/COSMETIC AND RECONSTRUCTIVE SURGERY PROCEDURES/RECONSTRUCTIVE PROCEDURES/REMOVAL OF SKIN TAGS
Removal of tonsil adenoids,89572,"/PRODUCTION/SERVICES AND PROCEDURES/PROFESSIONAL/SURGICAL PROCEDURES/DIGESTIVE SYSTEM/PHARYNX, ADENOIDS, AND TONSILS/EXCISION, DESTRUCTION/REMOVAL OF TONSIL ADENOIDS"
"Removal of tumors, cysts and neoplasms",66782,"/PRODUCTION/SERVICES AND PROCEDURES/DENTAL II/REMOVAL OF TUMORS, CYSTS AND NEOPLASMS"
Removal or Repair,13760,/PRODUCTION/SERVICES AND PROCEDURES/PROFESSIONAL/SURGICAL PROCEDURES/MUSCULOSKELETAL SYSTEM/APPLICATION OF CASTS AND STRAPPING/REMOVAL OR REPAIR
Remove Space Maintainer,2385501,/PRODUCTION/SERVICES AND PROCEDURES/DENTAL/BASIC/DENTAL SPACE MAINTAINERS (PASSIVE APPLIANCES)/REMOVE SPACE MAINTAINER
Renal Pelvis Catheter Procedures,83992,/PRODUCTION/SERVICES AND PROCEDURES/PROFESSIONAL/SURGICAL PROCEDURES/URINARY SYSTEM/KIDNEY/INTRODUCTION/RENAL PELVIS CATHETER PROCEDURES
Renal transplantation,16738,/PRODUCTION/SERVICES AND PROCEDURES/PROFESSIONAL/SURGICAL PROCEDURES/TRANSPLANTATION/SPECIFIED ORGAN TRANSPLANTATION/RENAL TRANSPLANTATION
Repair,"17381,18178,18182,16075,16054,16066,16027,16040,16059,16014,16069,16021,16049,16017,16008,16005,17192,17196,17201,17188,17183,60285,17054,17049,17057,17051,60311,15970,17453,17466,15132,15140,15123,15136,16753,16740,16746,16761",/PRODUCTION/SERVICES AND PROCEDURES/PROFESSIONAL/MATERNITY CARE/CARE AND DELIVERY/REPAIR | /PRODUCTION/SERVICES AND PROCEDURES/PROFESSIONAL/SURGICAL PROCEDURES/AUDITORY SYSTEM/EXTERNAL EAR/REPAIR
Repair (Cheiloplasty),16002,/PRODUCTION/SERVICES AND PROCEDURES/PROFESSIONAL/SURGICAL PROCEDURES/DIGESTIVE SYSTEM/LIPS/REPAIR (CHEILOPLASTY)
Repair (Closure) surgical procedures for skin,13284,/PRODUCTION/SERVICES AND PROCEDURES/PROFESSIONAL/SURGICAL PROCEDURES/INTEGUMENTARY SYSTEM/REPAIR (CLOSURE)
Repair - Complex,13313,/PRODUCTION/SERVICES AND PROCEDURES/PROFESSIONAL/SURGICAL PROCEDURES/INTEGUMENTARY SYSTEM/REPAIR (CLOSURE)/REPAIR - COMPLEX
Repair - Intermediate,13312,/PRODUCTION/SERVICES AND PROCEDURES/PROFESSIONAL/SURGICAL PROCEDURES/INTEGUMENTARY SYSTEM/REPAIR (CLOSURE)/REPAIR - INTERMEDIATE
Repair - Simple,13311,/PRODUCTION/SERVICES AND PROCEDURES/PROFESSIONAL/SURGICAL PROCEDURES/INTEGUMENTARY SYSTEM/REPAIR (CLOSURE)/REPAIR - SIMPLE
Repair and replacement of durable medical equipment,60169,/PRODUCTION/SERVICES AND PROCEDURES/PROFESSIONAL/DURABLE MEDICAL EQUIPMENT/REPAIR AND REPLACEMENT OF DURABLE MEDICAL EQUIPMENT
Repair and/or Reconstruction,13328,/PRODUCTION/SERVICES AND PROCEDURES/PROFESSIONAL/SURGICAL PROCEDURES/INTEGUMENTARY SYSTEM/BREAST/REPAIR AND/OR RECONSTRUCTION
Repair and/or Reconstruction of Surgical Defects,17448,"/PRODUCTION/SERVICES AND PROCEDURES/PROFESSIONAL/SURGICAL PROCEDURES/NERVOUS SYSTEM/SKULL, MENINGES AND BRAIN/REPAIR AND/OR RECONSTRUCTION OF SURGICAL DEFECTS"
Repair Arteriovenous Fistula,15416,/PRODUCTION/SERVICES AND PROCEDURES/PROFESSIONAL/SURGICAL PROCEDURES/CARDIOVASCULAR SYSTEM/ARTERIES AND VEINS/REPAIR ARTERIOVENOUS FISTULA
"Repair Blood Vessel Other Than for Fistula, With o",15417,"/PRODUCTION/SERVICES AND PROCEDURES/PROFESSIONAL/SURGICAL PROCEDURES/CARDIOVASCULAR SYSTEM/ARTERIES AND VEINS/REPAIR BLOOD VESSEL OTHER THAN FOR FISTULA, WITH O"
Repair of cardiovascular septal defects,61282,/PRODUCTION/SERVICES AND PROCEDURES/PROFESSIONAL/SURGICAL PROCEDURES/CARDIOVASCULAR SYSTEM/REPAIR OF CARDIOVASCULAR SEPTAL DEFECTS
Repair of central venous access device,65923,/PRODUCTION/SERVICES AND PROCEDURES/PROFESSIONAL/SURGICAL PROCEDURES/CARDIOVASCULAR SYSTEM/CENTRAL VENOUS ACCESS DEVICE PROCEDURE/REPAIR
Repair of Laceration,17911,/PRODUCTION/SERVICES AND PROCEDURES/PROFESSIONAL/SURGICAL PROCEDURES/EYE AND OCULAR ADNEXA/EYEBALL/REPAIR OF LACERATION
Repair of traumatic wounds,66787,/PRODUCTION/SERVICES AND PROCEDURES/DENTAL II/REPAIR OF TRAUMATIC WOUNDS
"Repair, Revision and/or Reconstruction","13741,13754,13722,13727,13691,13715,13746,13695,13734,13708","/PRODUCTION/SERVICES AND PROCEDURES/PROFESSIONAL/SURGICAL PROCEDURES/MUSCULOSKELETAL SYSTEM/FEMUR (THIGH REGION) AND KNEE JOINT/REPAIR, REVISION AND/OR RECONSTRUCTION | /PRODUCTION/SERVICES AND PROCEDURES/PROFESSIONAL/SURGICAL PROCEDURES/MUSCULOSKELETAL SYSTEM/FOOT AND TOES/REPAIR, REVISION AND/OR RECONSTRUCTION"
Repairs to complete dentures,66550,/PRODUCTION/SERVICES AND PROCEDURES/DENTAL/CLASS II BASIC SERVICES/BASIC PROSTHODONTIC SERVICES (TYPE A)/REPAIRS TO COMPLETE DENTURES
Repairs to partial dentures,66551,/PRODUCTION/SERVICES AND PROCEDURES/DENTAL/CLASS II BASIC SERVICES/BASIC PROSTHODONTIC SERVICES (TYPE A)/REPAIRS TO PARTIAL DENTURES
"Repairs, adjustments, rebasing or relining of dentures or bridges",60503,"/PRODUCTION/SERVICES AND PROCEDURES/DENTAL II/REPAIRS, ADJUSTMENTS, REBASING OR RELINING OF DENTURES OR BRIDGES"
Replacement of hearing aids,60398,/PRODUCTION/SERVICES AND PROCEDURES/HEARING/HEARING AIDS/REPLACEMENT
Replacement of lenses or frames,60428,/PRODUCTION/SERVICES AND PROCEDURES/VISION/REPLACEMENT OF LENSES OR FRAMES
Replacement of prosthetic and orthotic devices/appliances,52670,/PRODUCTION/SERVICES AND PROCEDURES/MARK-UP TOPICS ONLY/REPLACEMENT OF PROSTHETIC AND ORTHOTIC DEVICES/APPLIANCES
Replacement parts and repair of hearing aid,60401,/PRODUCTION/SERVICES AND PROCEDURES/HEARING/HEARING AIDS/REPLACEMENT PARTS AND REPAIRS
Replantation,13686,/PRODUCTION/SERVICES AND PROCEDURES/PROFESSIONAL/SURGICAL PROCEDURES/MUSCULOSKELETAL SYSTEM/GENERAL/REPLANTATION
Reproductive medicine,2332973,/PRODUCTION/SERVICES AND PROCEDURES/PROFESSIONAL/PATHOLOGY AND LABORATORY/REPRODUCTIVE MEDICINE
Reserved for Internal Payer Use,66921,/PRODUCTION/SERVICES AND PROCEDURES/MARK-UP TOPICS ONLY/RESERVED FOR INTERNAL PAYER USE
Reservoir / Pump Implantation,17457,/PRODUCTION/SERVICES AND PROCEDURES/PROFESSIONAL/SURGICAL PROCEDURES/NERVOUS SYSTEM/SPINE AND SPINAL CORD/RESERVOIR / PUMP IMPLANTATION
Residential Psychiatric,2327572,/PRODUCTION/SERVICES AND PROCEDURES/FACILITY/INPATIENT HOSPITAL/PSYCHIATRY AND MENTAL HEALTH/RESIDENTIAL PSYCHIATRIC
Respiratory related equipment,2327428,/PRODUCTION/SERVICES AND PROCEDURES/PROFESSIONAL/DURABLE MEDICAL EQUIPMENT/CAPPED RENTAL DME/REPIRATORY RELATED EQUIPMENT
Respiratory services,23948,/PRODUCTION/SERVICES AND PROCEDURES/FACILITY/INPATIENT HOSPITAL/RESPIRATORY SERVICES
Respiratory System,18792,/PRODUCTION/SERVICES AND PROCEDURES/PROFESSIONAL/RADIOLOGY/NUCLEAR MEDICINE/DIAGNOSTIC/RESPIRATORY SYSTEM
Respiratory system surgery and anesthesia,12853,/PRODUCTION/SERVICES AND PROCEDURES/PROFESSIONAL/SURGICAL PROCEDURES/RESPIRATORY SYSTEM
Respite care,12932,/PRODUCTION/SERVICES AND PROCEDURES/FACILITY/HOME HEALTH CARE/RESPITE CARE
Respite professional charges,68212,/PRODUCTION/SERVICES AND PROCEDURES/PROFESSIONAL/RESPITE PROFESSIONAL CHARGES
Rest care,52857,/PRODUCTION/SERVICES AND PROCEDURES/MARK-UP TOPICS ONLY/NURSING HOME CARE/REST CARE
Restraints,60167,/PRODUCTION/SERVICES AND PROCEDURES/PROFESSIONAL/DURABLE MEDICAL EQUIPMENT/RESTRAINTS
Retail drug purchases,60235,/PRODUCTION/SERVICES AND PROCEDURES/PRESCRIPTION DRUG PROGRAM/RETAIL DRUG PURCHASES
Retina or Choroid,17918,/PRODUCTION/SERVICES AND PROCEDURES/PROFESSIONAL/SURGICAL PROCEDURES/EYE AND OCULAR ADNEXA/POSTERIOR SEGMENT/RETINA OR CHOROID
Reversal of sterilization,60394,/PRODUCTION/SERVICES AND PROCEDURES/PROFESSIONAL/INFERTILITY SERVICES/INFERTILITY TREATMENT/REVERSAL OF STERILIZATION
Rewards Program,2370748,/PRODUCTION/SERVICES AND PROCEDURES/REWARDS PROGRAM
Rh (D),2321080,/PRODUCTION/SERVICES AND PROCEDURES/PROFESSIONAL/NHCR/PPACA/PATHOLOGY & LABORATORY/RH (D)
Rollabout Chair,21419,/PRODUCTION/SERVICES AND PROCEDURES/PROFESSIONAL/DURABLE MEDICAL EQUIPMENT/WHEELCHAIRS AND ACCESSORIES/ROLLABOUT CHAIR
Rollabout Chairs,2327435,/PRODUCTION/SERVICES AND PROCEDURES/PROFESSIONAL/DURABLE MEDICAL EQUIPMENT/CAPPED RENTAL DME/WHEELCHAIRS/ROLLABOUT CHAIRS
Room and board for deluxe private room,24120,"/PRODUCTION/SERVICES AND PROCEDURES/FACILITY/INPATIENT HOSPITAL/ROOM, BOARD AND NURSING CHARGES/PRIVATE (DELUXE)"
Room and board for nursery,24123,/PRODUCTION/SERVICES AND PROCEDURES/FACILITY/INPATIENT HOSPITAL/MATERNITY CARE/ROOM AND BOARD FOR NURSERY
Room and board for private room  (medical or general),24117,"/PRODUCTION/SERVICES AND PROCEDURES/FACILITY/INPATIENT HOSPITAL/ROOM, BOARD AND NURSING CHARGES/PRIVATE (MEDICAL OR GENERAL)"
Room and board for semi-private three and four bed room,24119,"/PRODUCTION/SERVICES AND PROCEDURES/FACILITY/INPATIENT HOSPITAL/ROOM, BOARD AND NURSING CHARGES/SEMI-PRIVATE THREE AND FOUR BED"
Room and board for semi-private two bed room (Medical or General),24118,"/PRODUCTION/SERVICES AND PROCEDURES/FACILITY/INPATIENT HOSPITAL/ROOM, BOARD AND NURSING CHARGES/SEMI-PRIVATE TWO BED (MEDICAL OR GENERAL)"
Room and board for ward room (medical or general),24121,"/PRODUCTION/SERVICES AND PROCEDURES/FACILITY/INPATIENT HOSPITAL/ROOM, BOARD AND NURSING CHARGES/WARD (MEDICAL OR GENERAL)"
Room and board leave of absence,24124,"/PRODUCTION/SERVICES AND PROCEDURES/FACILITY/INPATIENT HOSPITAL/ROOM, BOARD AND NURSING CHARGES/LEAVE OF ABSENCE"
"Room, board and nursing charges",88573,"/PRODUCTION/SERVICES AND PROCEDURES/FACILITY/SKILLED NURSING FACILITY/ROOM, BOARD AND NURSING"
"Room, board and nursing facility charges",12717,"/PRODUCTION/SERVICES AND PROCEDURES/FACILITY/INPATIENT HOSPITAL/ROOM, BOARD AND NURSING CHARGES"
Routine Electroencephalography (EEG),81319,/PRODUCTION/SERVICES AND PROCEDURES/PROFESSIONAL/DIAGNOSTIC SERVICES/NEUROLOGY AND NEUROMUSCULAR PROCEDURES/ROUTINE ELECTROENCEPHALOGRAPHY (EEG)
Routine Oral Examination,2383548,/PRODUCTION/SERVICES AND PROCEDURES/DENTAL/BASIC/ORAL EXAMS AND EVALUATIONS/ROUTINE ORAL EXAMINATION
Routine physical,59728,/PRODUCTION/SERVICES AND PROCEDURES/PROFESSIONAL/PREVENTIVE SERVICES/EVALUATION AND MANAGEMENT - HEALTH MAINTENANCE EXAM OR GYNECOLOGICAL EXAM/ROUTINE PHYSICAL
Sacroiliac,22563,/PRODUCTION/SERVICES AND PROCEDURES/PROFESSIONAL/PROSTHETICS AND ORTHOTICS/ORTHOTIC DEVICE/SACROILIAC
Safety Equipment,60166,/PRODUCTION/SERVICES AND PROCEDURES/PROFESSIONAL/DURABLE MEDICAL EQUIPMENT/SAFETY EQUIPMENT
Safety eyewear,61338,/PRODUCTION/SERVICES AND PROCEDURES/VISION/SAFETY EYEWEAR
Salivary Gland and Ducts,15988,/PRODUCTION/SERVICES AND PROCEDURES/PROFESSIONAL/SURGICAL PROCEDURES/DIGESTIVE SYSTEM/SALIVARY GLAND AND DUCTS
Sclera,17919,/PRODUCTION/SERVICES AND PROCEDURES/PROFESSIONAL/SURGICAL PROCEDURES/EYE AND OCULAR ADNEXA/POSTERIOR SEGMENT/SCLERA
Screening,"2010449,2015672","/PRODUCTION/SERVICES AND PROCEDURES/PROFESSIONAL/PHYSICAL THERAPY, OCCUPATIONAL THERAPY AND SPEECH THERAPY/SPEECH AND LANGUAGE PATHOLOGY/EVALUATION/SCREENING | /PRODUCTION/SERVICES AND PROCEDURES/PROFESSIONAL/SURGICAL PROCEDURES/COLONOSCOPY/SCREENING"
Screening urinalysis,52657,/PRODUCTION/SERVICES AND PROCEDURES/PROFESSIONAL/PREVENTIVE SERVICES/LABORATORY SERVICES/SCREENING URINALYSIS
Scrotum,17041,/PRODUCTION/SERVICES AND PROCEDURES/PROFESSIONAL/SURGICAL PROCEDURES/MALE GENITAL SYSTEM/SCROTUM
Second Opinion Program for Consultation of Elective Surgery,60231,/PRODUCTION/SERVICES AND PROCEDURES/MARK-UP TOPICS ONLY/SECOND OPINION PROGRAM FOR CONSULTATION OF ELECTIVE SURGERY
Secondary Implant(s) Procedures,17909,/PRODUCTION/SERVICES AND PROCEDURES/PROFESSIONAL/SURGICAL PROCEDURES/EYE AND OCULAR ADNEXA/EYEBALL/SECONDARY IMPLANT(S) PROCEDURES
Section Fixed Denture,2380598,/PRODUCTION/SERVICES AND PROCEDURES/DENTAL/ALVEOPLASTY/DENTAL PROSTHODONTICS/FIXED/SECTION FIXED DENTURE
Sedation with or without analgesia,12812,/PRODUCTION/SERVICES AND PROCEDURES/PROFESSIONAL/ANESTHESIA/SEDATION WITH OR WITHOUT ANALGESIA
Select prescription drugs,61409,/PRODUCTION/SERVICES AND PROCEDURES/PRESCRIPTION DRUG PROGRAM/SELECT PRESCRIPTION DRUGS
"Select Utilization of Providers for Prosthetic, Orthotic and Rehabilitative Technology (SUPPORT)",60230,"/PRODUCTION/SERVICES AND PROCEDURES/MARK-UP TOPICS ONLY/SELECT UTILIZATION OF PROVIDERS FOR PROSTHETIC, ORTHOTIC AND REHABILITATIVE TECHNOLOGY (SUPPORT)"
Self-administered chemotherapy drugs,52494,/PRODUCTION/SERVICES AND PROCEDURES/MARK-UP TOPICS ONLY/SELF-ADMINISTERED CHEMOTHERAPY DRUGS
Self-dialysis training,60433,/PRODUCTION/SERVICES AND PROCEDURES/PROFESSIONAL/DIALYSIS SERVICES/MISCELLANEOUS/SELF-DIALYSIS TRAINING
Semi-private three and four bed,88576,"/PRODUCTION/SERVICES AND PROCEDURES/FACILITY/SKILLED NURSING FACILITY/ROOM, BOARD AND NURSING/SEMI-PRIVATE THREE AND FOUR BED"
Semi-private Two Bed (Medical or General),88575,"/PRODUCTION/SERVICES AND PROCEDURES/FACILITY/SKILLED NURSING FACILITY/ROOM, BOARD AND NURSING/SEMI-PRIVATE TWO BED (MEDICAL OR GENERAL)"
Seminal Vesicles,17043,/PRODUCTION/SERVICES AND PROCEDURES/PROFESSIONAL/SURGICAL PROCEDURES/MALE GENITAL SYSTEM/SEMINAL VESICLES
Septal Defect,15401,/PRODUCTION/SERVICES AND PROCEDURES/PROFESSIONAL/SURGICAL PROCEDURES/CARDIOVASCULAR SYSTEM/HEART AND PERICARDIUM/SEPTAL DEFECT
Services and procedures,11987,/PRODUCTION/SERVICES AND PROCEDURES
Shaving of Epidermal or Demal Lesions,13292,"/PRODUCTION/SERVICES AND PROCEDURES/PROFESSIONAL/SURGICAL PROCEDURES/INTEGUMENTARY SYSTEM/SKIN, SUBCUTANEOUS AND ACCESSORY STRUCTURES/SHAVING OF EPIDERMAL OR DEMAL LESIONS"
Shoe Inserts,81833,/PRODUCTION/SERVICES AND PROCEDURES/PROFESSIONAL/PROSTHETICS AND ORTHOTICS/ORTHOTIC DEVICE/ORTHOPEDIC SHOES/SHOE INSERTS
Shoe Lifts,81834,/PRODUCTION/SERVICES AND PROCEDURES/PROFESSIONAL/PROSTHETICS AND ORTHOTICS/ORTHOTIC DEVICE/ORTHOPEDIC SHOES/SHOE LIFTS
Shoe Orthotics,81835,/PRODUCTION/SERVICES AND PROCEDURES/PROFESSIONAL/PROSTHETICS AND ORTHOTICS/ORTHOTIC DEVICE/ORTHOPEDIC SHOES/SHOE ORTHOTICS
Shoulder,13672,/PRODUCTION/SERVICES AND PROCEDURES/PROFESSIONAL/SURGICAL PROCEDURES/MUSCULOSKELETAL SYSTEM/SHOULDER
Shoulder and Axilla,13038,/PRODUCTION/SERVICES AND PROCEDURES/PROFESSIONAL/ANESTHESIA/SHOULDER AND AXILLA
Shoulder-Elbow-Wrist-Hand Orthosis (SEWHO),22571,/PRODUCTION/SERVICES AND PROCEDURES/PROFESSIONAL/PROSTHETICS AND ORTHOTICS/ORTHOTIC DEVICE/SHOULDER-ELBOW-WRIST-HAND ORTHOSIS (SEWHO)
"Shunt, Spinal CSF",17467,"/PRODUCTION/SERVICES AND PROCEDURES/PROFESSIONAL/SURGICAL PROCEDURES/NERVOUS SYSTEM/SPINE AND SPINAL CORD/SHUNT, SPINAL CSF"
Shunting Procedures,15404,/PRODUCTION/SERVICES AND PROCEDURES/PROFESSIONAL/SURGICAL PROCEDURES/CARDIOVASCULAR SYSTEM/HEART AND PERICARDIUM/SHUNTING PROCEDURES
Sickle Cell,2321077,/PRODUCTION/SERVICES AND PROCEDURES/PROFESSIONAL/NHCR/PPACA/PATHOLOGY & LABORATORY/SICKLE CELL
Sigmoidoscopy,2317286,/PRODUCTION/SERVICES AND PROCEDURES/PROFESSIONAL/NHCR/PPACA/SIGMOIDOSCOPY
Simultaneous pancreas-kidney transplantation,12832,/PRODUCTION/SERVICES AND PROCEDURES/PROFESSIONAL/SURGICAL PROCEDURES/TRANSPLANTATION/SPECIFIED ORGAN/SIMULTANEOUS PANCREAS-KIDNEY
Single Ventricle and Other Complex Cardiac Anomali,15400,/PRODUCTION/SERVICES AND PROCEDURES/PROFESSIONAL/SURGICAL PROCEDURES/CARDIOVASCULAR SYSTEM/HEART AND PERICARDIUM/SINGLE VENTRICLE AND OTHER COMPLEX CARDIAC ANOMALI
Single vision lense,60421,/PRODUCTION/SERVICES AND PROCEDURES/PROFESSIONAL/PROSTHETICS AND ORTHOTICS/PROSTHETIC DEVICE/SPECTACLE LENSES/SINGLE VISION LENSE
Sinus of Valsalva,15402,/PRODUCTION/SERVICES AND PROCEDURES/PROFESSIONAL/SURGICAL PROCEDURES/CARDIOVASCULAR SYSTEM/HEART AND PERICARDIUM/SINUS OF VALSALVA
Skilled nursing (home health),24045,/PRODUCTION/SERVICES AND PROCEDURES/FACILITY/HOME HEALTH CARE/SKILLED NURSING (HOME HEALTH)
Skilled nursing facility,88572,/PRODUCTION/SERVICES AND PROCEDURES/FACILITY/SKILLED NURSING FACILITY
Skin tissue or substitutes,2329172,/PRODUCTION/SERVICES AND PROCEDURES/PROFESSIONAL/SURGICAL PROCEDURES/INTEGUMENTARY SYSTEM/REPAIR (CLOSURE)/SKIN TISSUE OR SUBSTITUTES
Skin transplantation,12834,/PRODUCTION/SERVICES AND PROCEDURES/PROFESSIONAL/SURGICAL PROCEDURES/TRANSPLANTATION/BASIC ORGAN/SKIN
"Skin, subcutaneous and accessory structures surgical procedures",13282,"/PRODUCTION/SERVICES AND PROCEDURES/PROFESSIONAL/SURGICAL PROCEDURES/INTEGUMENTARY SYSTEM/SKIN, SUBCUTANEOUS AND ACCESSORY STRUCTURES"
"Skull, Meninges and Brain",17440,"/PRODUCTION/SERVICES AND PROCEDURES/PROFESSIONAL/SURGICAL PROCEDURES/NERVOUS SYSTEM/SKULL, MENINGES AND BRAIN"
Slab-off prism lense,60418,/PRODUCTION/SERVICES AND PROCEDURES/MARK-UP TOPICS ONLY/SLAB-OFF PRISM LENSE
Sleep testing and electroencephalogram,12791,/PRODUCTION/SERVICES AND PROCEDURES/PROFESSIONAL/DIAGNOSTIC SERVICES/NEUROLOGY AND NEUROMUSCULAR PROCEDURES/SLEEP TESTING AND ELECTROENCEPHALOGRAM
Small intestine transplantation,52360,/PRODUCTION/SERVICES AND PROCEDURES/PROFESSIONAL/SURGICAL PROCEDURES/TRANSPLANTATION/SPECIFIED ORGAN/SMALL INTESTINE
Smoking cessation counseling,52847,/PRODUCTION/SERVICES AND PROCEDURES/PROFESSIONAL/PREVENTIVE SERVICES/EVALUATION AND MANAGEMENT - HEALTH MAINTENANCE EXAM OR GYNECOLOGICAL EXAM/COUNSELING OR RISK FACTOR REDUCTION INTERVENTION /SMOKING CESSATION COUNSELING
Smoking cessation products,61407,/PRODUCTION/SERVICES AND PROCEDURES/PRESCRIPTION DRUG PROGRAM/ELECTIVE DRUGS/SMOKING CESSATION PRODUCTS
Smoking counseling,2317479,/PRODUCTION/SERVICES AND PROCEDURES/PROFESSIONAL/NHCR/PPACA/SMOKING COUNSELING
Social services,12928,/PRODUCTION/SERVICES AND PROCEDURES/FACILITY/HOME HEALTH CARE/SOCIAL SERVICES
Space Maintainer per Arch,2385499,/PRODUCTION/SERVICES AND PROCEDURES/DENTAL/BASIC/DENTAL SPACE MAINTAINERS (PASSIVE APPLIANCES)/SPACE MAINTAINER PER ARCH
Space Maintainer per Quadrant,2385498,/PRODUCTION/SERVICES AND PROCEDURES/DENTAL/BASIC/DENTAL SPACE MAINTAINERS (PASSIVE APPLIANCES)/SPACE MAINTAINER PER QUADRANT
Spare hearing aids,60399,/PRODUCTION/SERVICES AND PROCEDURES/HEARING/HEARING AIDS/SPARES
Special base curve lense,60419,/PRODUCTION/SERVICES AND PROCEDURES/MARK-UP TOPICS ONLY/SPECIAL BASE CURVE LENSE
Special charges during inpatient stay,12916,/PRODUCTION/SERVICES AND PROCEDURES/MARK-UP TOPICS ONLY/SPECIAL CHARGES DURING INPATIENT STAY
Special dermatologic procedures,12797,/PRODUCTION/SERVICES AND PROCEDURES/PROFESSIONAL/DIAGNOSTIC SERVICES/SPECIAL DERMATOLOGIC PROCEDURES
Special EEG Tests,81324,/PRODUCTION/SERVICES AND PROCEDURES/PROFESSIONAL/DIAGNOSTIC SERVICES/NEUROLOGY AND NEUROMUSCULAR PROCEDURES/SPECIAL EEG TESTS
Special evaluation and management services,12742,"/PRODUCTION/SERVICES AND PROCEDURES/PROFESSIONAL/OFFICE, OUTPATIENT AND HOME MEDICAL CARE VISITS/SPECIAL SERVICES"
Special Foods and Formulas,2010465,/PRODUCTION/SERVICES AND PROCEDURES/PROFESSIONAL/SPECIAL FOODS AND FORMULAS
Special lenses,60410,/PRODUCTION/SERVICES AND PROCEDURES/PROFESSIONAL/PROSTHETICS AND ORTHOTICS/PROSTHETIC DEVICE/SPECTACLE LENSES/SPECIAL LENSES
"Special medicine services, procedures and reports",12810,"/PRODUCTION/SERVICES AND PROCEDURES/PROFESSIONAL/MISCELLANEOUS/SPECIAL MEDICINE SERVICES, PROCEDURES AND REPORTS"
Special ophthalmological services,20290,/PRODUCTION/SERVICES AND PROCEDURES/PROFESSIONAL/DIAGNOSTIC SERVICES/SPECIAL OPHTHALMOLOGICAL SERVICES
Special Otorhinolaryngologic Services,12764,/PRODUCTION/SERVICES AND PROCEDURES/MARK-UP TOPICS ONLY/SPECIAL OTORHINOLARYNGOLOGIC SERVICES
Special size,2327441,/PRODUCTION/SERVICES AND PROCEDURES/PROFESSIONAL/DURABLE MEDICAL EQUIPMENT/CAPPED RENTAL DME/WHEELCHAIRS/SPECIAL SIZE
Specialty Drugs,2011213,/PRODUCTION/SERVICES AND PROCEDURES/PRESCRIPTION DRUG PROGRAM/SPECIALTY DRUGS
Specified Oncology Clinical Trials,60344,/PRODUCTION/SERVICES AND PROCEDURES/MARK-UP TOPICS ONLY/SPECIFIED ONCOLOGY CLINICAL TRIALS
Specified organ transplantation,12829,/PRODUCTION/SERVICES AND PROCEDURES/PROFESSIONAL/SURGICAL PROCEDURES/TRANSPLANTATION/SPECIFIED ORGAN TRANSPLANTATION
Spectacle Lenses,60250,/PRODUCTION/SERVICES AND PROCEDURES/PROFESSIONAL/PROSTHETICS AND ORTHOTICS/PROSTHETIC DEVICE/SPECTACLE LENSES
Spectacle services (including prosthesis for aphakia),20293,/PRODUCTION/SERVICES AND PROCEDURES/PROFESSIONAL/PROSTHETICS AND ORTHOTICS/PROSTHETIC DEVICE/SPECTACLE SERVICES (INCLUDING PROSTHESIS FOR APHAKIA)
Speech and hearing evaluation,52837,"/PRODUCTION/SERVICES AND PROCEDURES/PROFESSIONAL/PHYSICAL THERAPY, OCCUPATIONAL THERAPY AND SPEECH THERAPY/SPEECH AND LANGUAGE PATHOLOGY/EVALUATION"
Speech and hearing therapy,12768,"/PRODUCTION/SERVICES AND PROCEDURES/PROFESSIONAL/PHYSICAL THERAPY, OCCUPATIONAL THERAPY AND SPEECH THERAPY/SPEECH AND LANGUAGE PATHOLOGY/THERAPY"
Speech and language pathology,12989,"/PRODUCTION/SERVICES AND PROCEDURES/PROFESSIONAL/PHYSICAL THERAPY, OCCUPATIONAL THERAPY AND SPEECH THERAPY/SPEECH AND LANGUAGE PATHOLOGY"
Speech generating devices (SGD),63957,/PRODUCTION/SERVICES AND PROCEDURES/PROFESSIONAL/DURABLE MEDICAL EQUIPMENT/SPEECH GENERATING DEVICES (SGD)
Speech therapy,52729,"/PRODUCTION/SERVICES AND PROCEDURES/FACILITY/INPATIENT HOSPITAL/PT,OT,SLP/SPEECH THERAPY"
Spermatic Cord,17042,/PRODUCTION/SERVICES AND PROCEDURES/PROFESSIONAL/SURGICAL PROCEDURES/MALE GENITAL SYSTEM/SPERMATIC CORD
Spinal Instrumentation,13704,/PRODUCTION/SERVICES AND PROCEDURES/PROFESSIONAL/SURGICAL PROCEDURES/MUSCULOSKELETAL SYSTEM/SPINE (VERTEBRAL COLUMN)/SPINAL INSTRUMENTATION
Spine and Spinal Cord,"13030,17441",/PRODUCTION/SERVICES AND PROCEDURES/PROFESSIONAL/ANESTHESIA/SPINE AND SPINAL CORD | /PRODUCTION/SERVICES AND PROCEDURES/PROFESSIONAL/SURGICAL PROCEDURES/NERVOUS SYSTEM/SPINE AND SPINAL CORD
"Spine Deformity (eg, Scoliosis, Kyphosis)",13703,"/PRODUCTION/SERVICES AND PROCEDURES/PROFESSIONAL/SURGICAL PROCEDURES/MUSCULOSKELETAL SYSTEM/SPINE (VERTEBRAL COLUMN)/ARTHRODESIS/SPINE DEFORMITY (EG, SCOLIOSIS, KYPHOSIS)"
Spleen,15920,/PRODUCTION/SERVICES AND PROCEDURES/PROFESSIONAL/SURGICAL PROCEDURES/HEMIC AND LYMPHATIC SYSTEM/SPLEEN
Splints,"59987,59989",/PRODUCTION/SERVICES AND PROCEDURES/PROFESSIONAL/SURGICAL PROCEDURES/MUSCULOSKELETAL SYSTEM/APPLICATION OF CASTS AND STRAPPING/BODY AND UPPER EXTREMITY/SPLINTS | /PRODUCTION/SERVICES AND PROCEDURES/PROFESSIONAL/SURGICAL PROCEDURES/MUSCULOSKELETAL SYSTEM/APPLICATION OF CASTS AND STRAPPING/LOWER EXTREMITY/SPLINTS
Standard,2327444,/PRODUCTION/SERVICES AND PROCEDURES/PROFESSIONAL/DURABLE MEDICAL EQUIPMENT/CAPPED RENTAL DME/WHEELCHAIRS/STANDARD
Standard Immunizations,89532,/PRODUCTION/SERVICES AND PROCEDURES/PROFESSIONAL/PREVENTIVE SERVICES/IMMUNIZATIONS/STANDARD IMMUNIZATIONS
Standby Services,60192,/PRODUCTION/SERVICES AND PROCEDURES/PROFESSIONAL/INPATIENT MEDICAL CARE/PROLONGED SERVICES/STANDBY SERVICES
Stereotactic Therapy,2319281,/PRODUCTION/SERVICES AND PROCEDURES/PROFESSIONAL/SURGICAL PROCEDURES/RESPIRATORY SYSTEM/STEREOTACTIC THERAPY
Stereotaxis,"17451,17464","/PRODUCTION/SERVICES AND PROCEDURES/PROFESSIONAL/SURGICAL PROCEDURES/NERVOUS SYSTEM/SKULL, MENINGES AND BRAIN/STEREOTAXIS | /PRODUCTION/SERVICES AND PROCEDURES/PROFESSIONAL/SURGICAL PROCEDURES/NERVOUS SYSTEM/SPINE AND SPINAL CORD/STEREOTAXIS"
Sterilization,52478,/PRODUCTION/SERVICES AND PROCEDURES/PROFESSIONAL/SURGICAL PROCEDURES/STERILIZATION
Stomach,15991,/PRODUCTION/SERVICES AND PROCEDURES/PROFESSIONAL/SURGICAL PROCEDURES/DIGESTIVE SYSTEM/STOMACH
Strapping - Any Age,"59985,59990",/PRODUCTION/SERVICES AND PROCEDURES/PROFESSIONAL/SURGICAL PROCEDURES/MUSCULOSKELETAL SYSTEM/APPLICATION OF CASTS AND STRAPPING/BODY AND UPPER EXTREMITY/STRAPPING - ANY AGE | /PRODUCTION/SERVICES AND PROCEDURES/PROFESSIONAL/SURGICAL PROCEDURES/MUSCULOSKELETAL SYSTEM/APPLICATION OF CASTS AND STRAPPING/LOWER EXTREMITY/STRAPPING - ANY AGE
Subacute care room and board,12917,/PRODUCTION/SERVICES AND PROCEDURES/FACILITY/LONG-TERM ACUTE CARE HOSPITAL/SUBACUTE CARE ROOM AND BOARD
Subsequent Care,2010271,/PRODUCTION/SERVICES AND PROCEDURES/PROFESSIONAL/NEWBORN CARE/SUBSEQUENT CARE
Subsequent Hospital Care,20786,/PRODUCTION/SERVICES AND PROCEDURES/PROFESSIONAL/INPATIENT MEDICAL CARE/EVALUATION AND MANAGEMENT FOR HOSPITAL INPATIENT SERVICES/SUBSEQUENT HOSPITAL CARE
Subsequent Nursing Facility Care,20829,/PRODUCTION/SERVICES AND PROCEDURES/PROFESSIONAL/INPATIENT MEDICAL CARE/NURSING FACILITY SERVICES/SUBSEQUENT NURSING FACILITY CARE
Substance abuse,52714,/PRODUCTION/SERVICES AND PROCEDURES/FACILITY/SUBSTANCE ABUSE
Suction Pump/Room Vaporizers,21406,/PRODUCTION/SERVICES AND PROCEDURES/PROFESSIONAL/DURABLE MEDICAL EQUIPMENT/SUCTION PUMP/ROOM VAPORIZERS
Sunglasses,60424,/PRODUCTION/SERVICES AND PROCEDURES/VISION/LENSES OTHER THAN CONTACTS/SUNGLASSES
Supplies and accessories for CPAP,2017330,/PRODUCTION/SERVICES AND PROCEDURES/PROFESSIONAL/MEDICAL AND SURGICAL SUPPLIES/SUPPLIES AND ACCESSORIES FOR CPAP
Supplies for Automatic External Defibrillator (AED),63953,/PRODUCTION/SERVICES AND PROCEDURES/PROFESSIONAL/MEDICAL AND SURGICAL SUPPLIES/SUPPLIES FOR AUTOMATIC EXTERNAL DEFIBRILLATOR (AED)
Supplies for ESRD,20969,/PRODUCTION/SERVICES AND PROCEDURES/PROFESSIONAL/MEDICAL AND SURGICAL SUPPLIES/SUPPLIES FOR ESRD
Supplies for Incontinence or Ostomy Appliances,20972,/PRODUCTION/SERVICES AND PROCEDURES/PROFESSIONAL/MEDICAL AND SURGICAL SUPPLIES/SUPPLIES FOR INCONTINENCE OR OSTOMY APPLIANCES
Supplies for other breathing equipment,61290,/PRODUCTION/SERVICES AND PROCEDURES/PROFESSIONAL/MEDICAL AND SURGICAL SUPPLIES/SUPPLIES FOR OTHER BREATHING EQUIPMENT
Supplies for Other Durable Medical Equipment,20967,/PRODUCTION/SERVICES AND PROCEDURES/PROFESSIONAL/MEDICAL AND SURGICAL SUPPLIES/SUPPLIES FOR OTHER DURABLE MEDICAL EQUIPMENT
Supplies for Oxygen and Related Respiratory Equipm,20966,/PRODUCTION/SERVICES AND PROCEDURES/PROFESSIONAL/MEDICAL AND SURGICAL SUPPLIES/SUPPLIES FOR OXYGEN AND RELATED RESPIRATORY EQUIPM
Supplies for Radiologic Procedures,20968,/PRODUCTION/SERVICES AND PROCEDURES/MARK-UP TOPICS ONLY/SUPPLIES FOR RADIOLOGIC PROCEDURES
Supply of Materials,20331,/PRODUCTION/SERVICES AND PROCEDURES/PROFESSIONAL/PROSTHETICS AND ORTHOTICS/PROSTHETIC DEVICE/SPECTACLE SERVICES (INCLUDING PROSTHESIS FOR APHAKIA)/SUPPLY OF MATERIALS
Support garments,52492,/PRODUCTION/SERVICES AND PROCEDURES/MARK-UP TOPICS ONLY/SUPPORT GARMENTS
Supported Prosthodontic Services,2380648,/PRODUCTION/SERVICES AND PROCEDURES/DENTAL/ALVEOPLASTY/DENTAL PROSTHODONTICS/FIXED PROSTHODONTICS/SUPPORTED PROSTHODONTIC SERVICES
Surgerical procedures for neck (soft tissues) and thorax,13669,/PRODUCTION/SERVICES AND PROCEDURES/PROFESSIONAL/SURGICAL PROCEDURES/MUSCULOSKELETAL SYSTEM/NECK (SOFT TISSUES) AND THORAX
Surgery and anesthesia,12714,/PRODUCTION/SERVICES AND PROCEDURES/MARK-UP TOPICS ONLY/SURGERY AND ANESTHESIA
"Surgery for Aneurysm, Arteriovenous, Malformation",17450,"/PRODUCTION/SERVICES AND PROCEDURES/PROFESSIONAL/SURGICAL PROCEDURES/NERVOUS SYSTEM/SKULL, MENINGES AND BRAIN/SURGERY FOR ANEURYSM, ARTERIOVENOUS, MALFORMATION"
"Surgery for Parathyroid, Thymus, Adrenal Glands, Pancreas and Carotid Body",17437,/PRODUCTION/SERVICES AND PROCEDURES/PROFESSIONAL/SURGICAL PROCEDURES/ENDOCRINE SYSTEM/PARATHYROID-THYMUS- ADRENALS- PANCREAS-CAROTID
Surgical alveoplasty with concurrent hazardous medical condition,66937,/PRODUCTION/SERVICES AND PROCEDURES/DENTAL II/SURGICAL ALVEOPLASTY WITH CONCURRENT HAZARDOUS MEDICAL CONDITION
Surgical charges,12818,/PRODUCTION/SERVICES AND PROCEDURES/FACILITY/INPATIENT HOSPITAL/SURGICAL CHARGES
Surgical Collapse Therapy; Thoracoplasty,15142,/PRODUCTION/SERVICES AND PROCEDURES/PROFESSIONAL/SURGICAL PROCEDURES/RESPIRATORY SYSTEM/LUNGS AND PLEURA/SURGICAL COLLAPSE THERAPY; THORACOPLASTY
Surgical excision of reactive inflammatory lesions,66781,/PRODUCTION/SERVICES AND PROCEDURES/DENTAL II/SURGICAL EXCISION OF REACTIVE INFLAMMATORY LESIONS
Surgical extractions with concurrent hazardous medical condition,66939,/PRODUCTION/SERVICES AND PROCEDURES/DENTAL II/SURGICAL EXTRACTIONS WITH CONCURRENT HAZARDOUS MEDICAL CONDITION
Surgical gingivectomy with concurrent hazardous medical condition,66943,/PRODUCTION/SERVICES AND PROCEDURES/DENTAL II/SURGICAL GINGIVECTOMY WITH CONCURRENT HAZARDOUS MEDICAL CONDITION
Surgical incision,66784,/PRODUCTION/SERVICES AND PROCEDURES/DENTAL II/SURGICAL INCISION
Surgical Incisions performed on the head,52844,/PRODUCTION/SERVICES AND PROCEDURES/PROFESSIONAL/SURGICAL PROCEDURES/MUSCULOSKELETAL SYSTEM/HEAD/INCISION
Surgical incisions performed on the spine,86303,/PRODUCTION/SERVICES AND PROCEDURES/PROFESSIONAL/SURGICAL PROCEDURES/MUSCULOSKELETAL SYSTEM/SPINE (VERTEBRAL COLUMN)/INCISION
Surgical pathology,12902,/PRODUCTION/SERVICES AND PROCEDURES/PROFESSIONAL/PATHOLOGY AND LABORATORY/SURGICAL PATHOLOGY
Surgical procedures for abdomen,52851,/PRODUCTION/SERVICES AND PROCEDURES/PROFESSIONAL/SURGICAL PROCEDURES/MUSCULOSKELETAL SYSTEM/ABDOMEN
Surgical procedures for back and flank,13670,/PRODUCTION/SERVICES AND PROCEDURES/PROFESSIONAL/SURGICAL PROCEDURES/MUSCULOSKELETAL SYSTEM/BACK AND FLANK
Surgical procedures for head,13668,/PRODUCTION/SERVICES AND PROCEDURES/PROFESSIONAL/SURGICAL PROCEDURES/MUSCULOSKELETAL SYSTEM/HEAD
Surgical procedures for spine (vertebral column),13671,/PRODUCTION/SERVICES AND PROCEDURES/PROFESSIONAL/SURGICAL PROCEDURES/MUSCULOSKELETAL SYSTEM/SPINE (VERTEBRAL COLUMN)
Surgical stockings,2010442,/PRODUCTION/SERVICES AND PROCEDURES/PROFESSIONAL/MEDICAL AND SURGICAL SUPPLIES/SURGICAL STOCKINGS
Suture,"60307,16056,60297,60317","/PRODUCTION/SERVICES AND PROCEDURES/PROFESSIONAL/SURGICAL PROCEDURES/DIGESTIVE SYSTEM/ABDOMEN, PERITONEUM, AND OMENTUM/SUTURE | /PRODUCTION/SERVICES AND PROCEDURES/PROFESSIONAL/SURGICAL PROCEDURES/DIGESTIVE SYSTEM/ANUS/SUTURE"
Syphilis Screening,2320976,/PRODUCTION/SERVICES AND PROCEDURES/PROFESSIONAL/NHCR/PPACA/PATHOLOGY & LABORATORY/SYPHILLIS SCREENING
TB Test,2321078,/PRODUCTION/SERVICES AND PROCEDURES/PROFESSIONAL/NHCR/PPACA/PATHOLOGY & LABORATORY/TB TEST
Team Conferences,20853,"/PRODUCTION/SERVICES AND PROCEDURES/PROFESSIONAL/OFFICE, OUTPATIENT AND HOME MEDICAL CARE VISITS/CASE MANAGEMENT SERVICES/TEAM CONFERENCES"
Technical Use Only,2021340,/PRODUCTION/SERVICES AND PROCEDURES/TECHNICAL USE ONLY
Telemedicine,12726,/PRODUCTION/SERVICES AND PROCEDURES/FACILITY/INPATIENT HOSPITAL/TELEMEDICINE
Telephone Assessment,2330673,/PRODUCTION/SERVICES AND PROCEDURES/PROFESSIONAL/BLUE HEALTH CONNECT/VALUE BASED PROGRAM/PROVIDER DELIVERED CARE MANAGEMENT/TELEPHONE ASSESSMENT
Telephone Calls,20854,"/PRODUCTION/SERVICES AND PROCEDURES/PROFESSIONAL/OFFICE, OUTPATIENT AND HOME MEDICAL CARE VISITS/CASE MANAGEMENT SERVICES/TELEPHONE CALLS"
Telephone Services - NHCR or Telemedicine,2006656,/PRODUCTION/SERVICES AND PROCEDURES/PROFESSIONAL/NHCR/PPACA/TELEPHONE SERVICES
"Temporal Bone, Middle Fossa Approach",18174,"/PRODUCTION/SERVICES AND PROCEDURES/PROFESSIONAL/SURGICAL PROCEDURES/AUDITORY SYSTEM/TEMPORAL BONE, MIDDLE FOSSA APPROACH"
Terminal Devices,23011,/PRODUCTION/SERVICES AND PROCEDURES/PROFESSIONAL/PROSTHETICS AND ORTHOTICS/PROSTHETIC DEVICE/TERMINAL DEVICES
Test Strips,2012815,/PRODUCTION/SERVICES AND PROCEDURES/PROFESSIONAL/DIABETES MANAGEMENT PROGRAM/TEST STRIPS
Testicular prosthesis,2016786,/PRODUCTION/SERVICES AND PROCEDURES/PROFESSIONAL/SURGICAL PROCEDURES/COSMETIC AND RECONSTRUCTIVE SURGERY PROCEDURES/RECONSTRUCTIVE PROCEDURES/TESTICULAR PROSTHESIS
Testis,17038,/PRODUCTION/SERVICES AND PROCEDURES/PROFESSIONAL/SURGICAL PROCEDURES/MALE GENITAL SYSTEM/TESTIS
Tests and measurements,12805,"/PRODUCTION/SERVICES AND PROCEDURES/PROFESSIONAL/PHYSICAL THERAPY, OCCUPATIONAL THERAPY AND SPEECH THERAPY/PHYSICAL THERAPY AND OCCUPATIONAL THERAPY/PHYSICAL THERAPY & OCCUPATIONAL THERAPIES AND TESTING/PHYSICAL MEDICINE AND REHABILIATIONS TESTS AND MEASUREMENTS"
Therapeutic,18786,/PRODUCTION/SERVICES AND PROCEDURES/PROFESSIONAL/RADIOLOGY/NUCLEAR MEDICINE/THERAPEUTIC
Therapeutic drug assays,12890,/PRODUCTION/SERVICES AND PROCEDURES/PROFESSIONAL/PATHOLOGY AND LABORATORY/THERAPEUTIC DRUG ASSAYS
Therapeutic electroshock therapy,52456,/PRODUCTION/SERVICES AND PROCEDURES/PROFESSIONAL/PSYCHIATRIC SERVICES/THERAPEUTIC ELECTROSHOCK THERAPY
Therapeutic infusable drugs,52381,/PRODUCTION/SERVICES AND PROCEDURES/MARK-UP TOPICS ONLY/THERAPEUTIC INFUSABLE DRUGS
Therapeutic procedures,12803,"/PRODUCTION/SERVICES AND PROCEDURES/PROFESSIONAL/PHYSICAL THERAPY, OCCUPATIONAL THERAPY AND SPEECH THERAPY/PHYSICAL THERAPY AND OCCUPATIONAL THERAPY/PHYSICAL THERAPY & OCCUPATIONAL THERAPIES AND TESTING/PHYSICAL MEDICINE AND REHABILIATION THERAPEUTIC PROCEDURES"
Therapeutic radiology,12884,/PRODUCTION/SERVICES AND PROCEDURES/PROFESSIONAL/RADIOLOGY/THERAPEUTIC RADIOLOGY
Thoracic Aortic Aneurysm,15408,/PRODUCTION/SERVICES AND PROCEDURES/PROFESSIONAL/SURGICAL PROCEDURES/CARDIOVASCULAR SYSTEM/HEART AND PERICARDIUM/THORACIC AORTIC ANEURYSM
Thoracic-Lumbar-Sacral Orthosis (TLSO),22561,/PRODUCTION/SERVICES AND PROCEDURES/PROFESSIONAL/PROSTHETICS AND ORTHOTICS/ORTHOTIC DEVICE/THORACIC-LUMBAR-SACRAL ORTHOSIS (TLSO)
Thorax (Chest Wall and Shoulder Girdle),13028,/PRODUCTION/SERVICES AND PROCEDURES/PROFESSIONAL/ANESTHESIA/THORAX (CHEST WALL AND SHOULDER GIRDLE)
Three D Printer,2375719,/PRODUCTION/SERVICES AND PROCEDURES/PROFESSIONAL/DIAGNOSTIC SERVICES/THREE D PRINTER
Thromboendarterectomy,15418,/PRODUCTION/SERVICES AND PROCEDURES/PROFESSIONAL/SURGICAL PROCEDURES/CARDIOVASCULAR SYSTEM/ARTERIES AND VEINS/THROMBOENDARTERECTOMY
Thyroid Gland,17436,/PRODUCTION/SERVICES AND PROCEDURES/PROFESSIONAL/SURGICAL PROCEDURES/ENDOCRINE SYSTEM/THYROID GLAND
Thyroid screening test,66496,/PRODUCTION/SERVICES AND PROCEDURES/PROFESSIONAL/PREVENTIVE SERVICES/LABORATORY SERVICES/THYROID SCREENING TEST
Tinted lenses,12947,/PRODUCTION/SERVICES AND PROCEDURES/VISION/LENSES OTHER THAN CONTACTS/TINTED
Tissue Conditioning,66574,/PRODUCTION/SERVICES AND PROCEDURES/DENTAL/CLASS II BASIC SERVICES/BASIC PROSTHODONTIC SERVICES (TYPE A)/TISSUE CONDITIONING
Tissue typing for immunology,19742,/PRODUCTION/SERVICES AND PROCEDURES/PROFESSIONAL/PATHOLOGY AND LABORATORY/IMMUNOLOGY LABORATORY TESTS/TISSUE TYPING
Tongue and Floor of Mouth,15985,/PRODUCTION/SERVICES AND PROCEDURES/PROFESSIONAL/SURGICAL PROCEDURES/DIGESTIVE SYSTEM/TONGUE AND FLOOR OF MOUTH
Topical fluoride treatment,60492,/PRODUCTION/SERVICES AND PROCEDURES/DENTAL/BASIC/TOPICAL FLUORIDE TREATMENT
Torso Supports,22566,/PRODUCTION/SERVICES AND PROCEDURES/PROFESSIONAL/PROSTHETICS AND ORTHOTICS/ORTHOTIC DEVICE/TORSO SUPPORTS
Total Anomalous Pulmonary Venous Drainage,15403,/PRODUCTION/SERVICES AND PROCEDURES/PROFESSIONAL/SURGICAL PROCEDURES/CARDIOVASCULAR SYSTEM/HEART AND PERICARDIUM/TOTAL ANOMALOUS PULMONARY VENOUS DRAINAGE
Trachea and Bronchi,15117,/PRODUCTION/SERVICES AND PROCEDURES/PROFESSIONAL/SURGICAL PROCEDURES/RESPIRATORY SYSTEM/TRACHEA AND BRONCHI
Tracheal Supplies,66768,/PRODUCTION/SERVICES AND PROCEDURES/PROFESSIONAL/MEDICAL AND SURGICAL SUPPLIES/TRACHEAL SUPPLIES
Traction - Cervical,21413,/PRODUCTION/SERVICES AND PROCEDURES/PROFESSIONAL/DURABLE MEDICAL EQUIPMENT/TRACTION EQUIPMENT/CERVICAL
Traction - Extremity,21414,/PRODUCTION/SERVICES AND PROCEDURES/PROFESSIONAL/DURABLE MEDICAL EQUIPMENT/TRACTION EQUIPMENT/EXTREMITY
Traction - Overdoor,60168,/PRODUCTION/SERVICES AND PROCEDURES/PROFESSIONAL/DURABLE MEDICAL EQUIPMENT/TRACTION EQUIPMENT/OVERDOOR
Traction - Pelvic,21415,/PRODUCTION/SERVICES AND PROCEDURES/PROFESSIONAL/DURABLE MEDICAL EQUIPMENT/TRACTION EQUIPMENT/PELVIC
Traction Equipment,60363,/PRODUCTION/SERVICES AND PROCEDURES/PROFESSIONAL/DURABLE MEDICAL EQUIPMENT/TRACTION EQUIPMENT
Training and educational classes for various topics,61341,/PRODUCTION/SERVICES AND PROCEDURES/PROFESSIONAL/MISCELLANEOUS/TRAINING AND EDUCATIONAL CLASSES FOR VARIOUS TOPICS
Transcatheter Procedures,"18592,15431",/PRODUCTION/SERVICES AND PROCEDURES/PROFESSIONAL/RADIOLOGY/DIAGNOSTIC RADIOLOGY/XRAY AND OTHER IMAGING/VEINS AND LYMPHATICS/TRANSCATHETER PROCEDURES | /PRODUCTION/SERVICES AND PROCEDURES/PROFESSIONAL/SURGICAL PROCEDURES/CARDIOVASCULAR SYSTEM/ADJUVANT TECHNIQUES/TRANSCATHETER PROCEDURES
Transcutaneous and/or Neuromuscular Electrical Ner,21411,/PRODUCTION/SERVICES AND PROCEDURES/PROFESSIONAL/DURABLE MEDICAL EQUIPMENT/TRANSCUTANEOUS AND/OR NEUROMUSCULAR ELECTRICAL NER
Transcutaneous Procedures,60262,/PRODUCTION/SERVICES AND PROCEDURES/PROFESSIONAL/PATHOLOGY AND LABORATORY/TRANSCUTANEOUS PROCEDURES
Transection or Avulsion,17472,"/PRODUCTION/SERVICES AND PROCEDURES/PROFESSIONAL/SURGICAL PROCEDURES/NERVOUS SYSTEM/EXTRACRANIAL NERVES, PERIPHERAL NERVES AND AUTONO/TRANSECTION OR AVULSION"
Transfer of the dialyzer to another location in the patients home,52441,/PRODUCTION/SERVICES AND PROCEDURES/MARK-UP TOPICS ONLY/DIALYSIS/TRANSFER OF THE DIALYZER TO ANOTHER LOCATION IN THE PATIENTS HOME
Transfusion medicine,12897,/PRODUCTION/SERVICES AND PROCEDURES/PROFESSIONAL/PATHOLOGY AND LABORATORY/TRANSFUSION MEDICINE
Transitional care management,2319225,"/PRODUCTION/SERVICES AND PROCEDURES/PROFESSIONAL/OFFICE, OUTPATIENT AND HOME MEDICAL CARE VISITS/TRANSITIONAL CARE MANAGEMENT"
Transluminal Angioplasty,15419,/PRODUCTION/SERVICES AND PROCEDURES/PROFESSIONAL/SURGICAL PROCEDURES/CARDIOVASCULAR SYSTEM/ARTERIES AND VEINS/TRANSLUMINAL ANGIOPLASTY
Transluminal Atherectomy,"18593,15420",/PRODUCTION/SERVICES AND PROCEDURES/PROFESSIONAL/RADIOLOGY/DIAGNOSTIC RADIOLOGY/XRAY AND OTHER IMAGING/VEINS AND LYMPHATICS/TRANSLUMINAL ATHERECTOMY | /PRODUCTION/SERVICES AND PROCEDURES/PROFESSIONAL/SURGICAL PROCEDURES/CARDIOVASCULAR SYSTEM/ARTERIES AND VEINS/TRANSLUMINAL ATHERECTOMY
Transmyocardial Revascularization,15390,/PRODUCTION/SERVICES AND PROCEDURES/PROFESSIONAL/SURGICAL PROCEDURES/CARDIOVASCULAR SYSTEM/HEART AND PERICARDIUM/TRANSMYOCARDIAL REVASCULARIZATION
Transosteal implant,63024,/PRODUCTION/SERVICES AND PROCEDURES/DENTAL/ALVEOPLASTY/IMPLANT DENTAL SERVICES/TRANSOSTEAL IMPLANT
Transpedicular or Costovertebral Approach,17459,/PRODUCTION/SERVICES AND PROCEDURES/PROFESSIONAL/SURGICAL PROCEDURES/NERVOUS SYSTEM/SPINE AND SPINAL CORD/TRANSPEDICULAR OR COSTOVERTEBRAL APPROACH
Transplantation,12828,/PRODUCTION/SERVICES AND PROCEDURES/PROFESSIONAL/SURGICAL PROCEDURES/TRANSPLANTATION
Transplantation charges,52868,/PRODUCTION/SERVICES AND PROCEDURES/FACILITY/INPATIENT HOSPITAL/SURGICAL CHARGES/TRANSPLANTATION CHARGES
Transport,2011882,/PRODUCTION/SERVICES AND PROCEDURES/PROFESSIONAL/AMBULANCE/EMERGENCY AMBULANCE SERVICES/TRANSPORT
Transport Chairs,2327474,/PRODUCTION/SERVICES AND PROCEDURES/PROFESSIONAL/DURABLE MEDICAL EQUIPMENT/CAPPED RENTAL DME/WHEELCHAIRS/TRANSPORT CHAIRS
"Transportation, meals, and lodging for transplant patients and their families",60057,"/PRODUCTION/SERVICES AND PROCEDURES/PROFESSIONAL/SURGICAL PROCEDURES/TRANSPLANTATION/TRANSPORTATION, MEALS, AND LODGING"
Transposition of the Great Vessels,15405,/PRODUCTION/SERVICES AND PROCEDURES/PROFESSIONAL/SURGICAL PROCEDURES/CARDIOVASCULAR SYSTEM/HEART AND PERICARDIUM/TRANSPOSITION OF THE GREAT VESSELS
Transurethral Surgery,16756,/PRODUCTION/SERVICES AND PROCEDURES/PROFESSIONAL/SURGICAL PROCEDURES/URINARY SYSTEM/BLADDER/TRANSURETHRAL SURGERY
Trapeze equipment,2327434,/PRODUCTION/SERVICES AND PROCEDURES/PROFESSIONAL/DURABLE MEDICAL EQUIPMENT/CAPPED RENTAL DME/TRAPEZE EQUIPMENT
"Trapeze Equipment, Fracture Frame and Other Ortho",21416,"/PRODUCTION/SERVICES AND PROCEDURES/PROFESSIONAL/DURABLE MEDICAL EQUIPMENT/TRAPEZE EQUIPMENT, FRACTURE FRAME AND OTHER ORTHO"
Trauma Response,63225,/PRODUCTION/SERVICES AND PROCEDURES/FACILITY/EMERGENCY ROOM CHARGES/TRAUMA RESPONSE
Treatment and observation rooms,12822,/PRODUCTION/SERVICES AND PROCEDURES/FACILITY/INPATIENT HOSPITAL/TREATMENT AND OBSERVATION ROOMS
Treatment of fractures - compound,66839,/PRODUCTION/SERVICES AND PROCEDURES/DENTAL II/TREATMENT OF FRACTURES - COMPOUND
Treatment of fractures - simple,66785,/PRODUCTION/SERVICES AND PROCEDURES/DENTAL II/TREATMENT OF FRACTURES - SIMPLE
Treatment plan,52795,/PRODUCTION/SERVICES AND PROCEDURES/PROFESSIONAL/BLUE HEALTH CONNECT/TREATMENT PLAN
Trifocal lense,60423,/PRODUCTION/SERVICES AND PROCEDURES/PROFESSIONAL/PROSTHETICS AND ORTHOTICS/PROSTHETIC DEVICE/SPECTACLE LENSES/TRIFOCAL LENSE
Truncus Arteriousus,15406,/PRODUCTION/SERVICES AND PROCEDURES/PROFESSIONAL/SURGICAL PROCEDURES/CARDIOVASCULAR SYSTEM/HEART AND PERICARDIUM/TRUNCUS ARTERIOUSUS
Tunica Vaginalis,17040,/PRODUCTION/SERVICES AND PROCEDURES/PROFESSIONAL/SURGICAL PROCEDURES/MALE GENITAL SYSTEM/TUNICA VAGINALIS
"Twist Drill, Burr Hole(s) or Trephine",17444,"/PRODUCTION/SERVICES AND PROCEDURES/PROFESSIONAL/SURGICAL PROCEDURES/NERVOUS SYSTEM/SKULL, MENINGES AND BRAIN/TWIST DRILL, BURR HOLE(S) OR TREPHINE"
Ultrasonic Guidance Procedures,18676,/PRODUCTION/SERVICES AND PROCEDURES/PROFESSIONAL/RADIOLOGY/DIAGNOSTIC RADIOLOGY/ULTRASOUND/ULTRASONIC GUIDANCE PROCEDURES
Ultrasound spinal canal,52561,/PRODUCTION/SERVICES AND PROCEDURES/PROFESSIONAL/RADIOLOGY/DIAGNOSTIC RADIOLOGY/ULTRASOUND/SPINAL CANAL
Ultraviolet Cabinet,60165,/PRODUCTION/SERVICES AND PROCEDURES/PROFESSIONAL/DURABLE MEDICAL EQUIPMENT/ULTRAVIOLET CABINET
Uninsured transplant donor,52641,/PRODUCTION/SERVICES AND PROCEDURES/PROFESSIONAL/SURGICAL PROCEDURES/TRANSPLANTATION/UNINSURED TRANSPLANT DONOR
Units of service,60552,/PRODUCTION/SERVICES AND PROCEDURES/FACILITY/HOME HEALTH CARE/UNITS OF SERVICE
Unlisted ophthalmology procedures,52252,/PRODUCTION/SERVICES AND PROCEDURES/PROFESSIONAL/DIAGNOSTIC SERVICES/UNLISTED OPHTHALMOLOGY PROCEDURES
Upper Abdomen,13031,/PRODUCTION/SERVICES AND PROCEDURES/PROFESSIONAL/ANESTHESIA/UPPER ABDOMEN
Upper Arch,"2386251,2385799,2385699,2385503",/PRODUCTION/SERVICES AND PROCEDURES/DENTAL/ALVEOPLASTY/DENTAL PROSTHODONTICS/FIXED PROSTHODONTICS/IMPLANT/ABUTMENT SUPPORTED DENTURE/COMPLETE DENTURE/UPPER ARCH | /PRODUCTION/SERVICES AND PROCEDURES/DENTAL/ALVEOPLASTY/DENTAL PROSTHODONTICS/FIXED/IMPLANT/ABUTMENT SUPPORTED DENTURE/PARTIAL DENTURE/UPPER ARCH
Upper Arm and Elbow,13039,/PRODUCTION/SERVICES AND PROCEDURES/PROFESSIONAL/ANESTHESIA/UPPER ARM AND ELBOW
Upper Leg (Except Knee),13035,/PRODUCTION/SERVICES AND PROCEDURES/PROFESSIONAL/ANESTHESIA/UPPER LEG (EXCEPT KNEE)
Upper Limb,23010,/PRODUCTION/SERVICES AND PROCEDURES/PROFESSIONAL/PROSTHETICS AND ORTHOTICS/PROSTHETIC DEVICE/UPPER LIMB
Upper or Lower Quadrant,2385703,/PRODUCTION/SERVICES AND PROCEDURES/DENTAL/ALVEOPLASTY/DENTAL PROSTHODONTICS/REMOVABLE/PARTIAL DENTURES (INCLUDING ROUTINE POST DELIVERY CARE)/QUADRANT
Upper Quadrant,2385701,/PRODUCTION/SERVICES AND PROCEDURES/DENTAL/ALVEOPLASTY/DENTAL PROSTHODONTICS/REMOVABLE/PARTIAL DENTURES (INCLUDING ROUTINE POST DELIVERY CARE)/UPPER ARCH
Ureter,16733,/PRODUCTION/SERVICES AND PROCEDURES/PROFESSIONAL/SURGICAL PROCEDURES/URINARY SYSTEM/URETER
Ureter and Pelvis,16757,/PRODUCTION/SERVICES AND PROCEDURES/PROFESSIONAL/SURGICAL PROCEDURES/URINARY SYSTEM/BLADDER/URETER AND PELVIS
Urethra,16735,/PRODUCTION/SERVICES AND PROCEDURES/PROFESSIONAL/SURGICAL PROCEDURES/URINARY SYSTEM/URETHRA
Urgent Care,2316977,/PRODUCTION/SERVICES AND PROCEDURES/FACILITY/URGENT CARE
Urinalysis,"2321073,12893",/PRODUCTION/SERVICES AND PROCEDURES/PROFESSIONAL/NHCR/PPACA/PATHOLOGY & LABORATORY/URINALYSIS | /PRODUCTION/SERVICES AND PROCEDURES/PROFESSIONAL/PATHOLOGY AND LABORATORY/URINALYSIS
Urinary system surgery and anesthesia,12858,/PRODUCTION/SERVICES AND PROCEDURES/PROFESSIONAL/SURGICAL PROCEDURES/URINARY SYSTEM
Urodynamics,16752,/PRODUCTION/SERVICES AND PROCEDURES/PROFESSIONAL/SURGICAL PROCEDURES/URINARY SYSTEM/BLADDER/URODYNAMICS
Vaccines,2317288,/PRODUCTION/SERVICES AND PROCEDURES/PROFESSIONAL/NHCR/PPACA/VACCINES
Vaccines and toxoids,12747,/PRODUCTION/SERVICES AND PROCEDURES/PROFESSIONAL/VACCINES AND TOXOIDS
Vagina,17174,/PRODUCTION/SERVICES AND PROCEDURES/PROFESSIONAL/SURGICAL PROCEDURES/FEMALE GENITAL SYSTEM/VAGINA
Vaginal Delivery,17382,/PRODUCTION/SERVICES AND PROCEDURES/PROFESSIONAL/MATERNITY CARE/CARE AND DELIVERY/VAGINAL DELIVERY
Vas Deferens,52480,/PRODUCTION/SERVICES AND PROCEDURES/PROFESSIONAL/SURGICAL PROCEDURES/MALE GENITAL SYSTEM/VAS DEFERENS
Vascular Catheters,20961,/PRODUCTION/SERVICES AND PROCEDURES/PROFESSIONAL/MEDICAL AND SURGICAL SUPPLIES/VASCULAR CATHETERS
Vendor,2331935,/PRODUCTION/SERVICES AND PROCEDURES/TECHNICAL USE ONLY/VENDOR
Venipuncture,2010263,/PRODUCTION/SERVICES AND PROCEDURES/PROFESSIONAL/PATHOLOGY AND LABORATORY/VENIPUNCTURE
Venous,15427,/PRODUCTION/SERVICES AND PROCEDURES/PROFESSIONAL/SURGICAL PROCEDURES/CARDIOVASCULAR SYSTEM/ADJUVANT TECHNIQUES/VENOUS
Venous Grafting Only for Coronary Artery Bypass,15397,/PRODUCTION/SERVICES AND PROCEDURES/PROFESSIONAL/SURGICAL PROCEDURES/CARDIOVASCULAR SYSTEM/HEART AND PERICARDIUM/VENOUS GRAFTING ONLY FOR CORONARY ARTERY BYPASS
Venous Reconstruction,15413,/PRODUCTION/SERVICES AND PROCEDURES/PROFESSIONAL/SURGICAL PROCEDURES/CARDIOVASCULAR SYSTEM/ARTERIES AND VEINS/VENOUS RECONSTRUCTION
Ventricular Assist Device,82051,/PRODUCTION/SERVICES AND PROCEDURES/PROFESSIONAL/PROSTHETICS AND ORTHOTICS/PROSTHETIC DEVICE/VENTRICULAR ASSIST DEVICE
"Vertebral Body, Embolization or Injection",13700,"/PRODUCTION/SERVICES AND PROCEDURES/PROFESSIONAL/SURGICAL PROCEDURES/MUSCULOSKELETAL SYSTEM/SPINE (VERTEBRAL COLUMN)/VERTEBRAL BODY, EMBOLIZATION OR INJECTION"
Vertical Bitewing,2380948,/PRODUCTION/SERVICES AND PROCEDURES/DENTAL/BASIC/DENTAL RADIOGRAPHS/VERTICAL BITEWING
Vesical Neck and Prostate,16758,/PRODUCTION/SERVICES AND PROCEDURES/PROFESSIONAL/SURGICAL PROCEDURES/URINARY SYSTEM/BLADDER/VESICAL NECK AND PROSTATE
"Vestibular Function Tests, With Observation and Ev",38309,"/PRODUCTION/SERVICES AND PROCEDURES/PROFESSIONAL/DIAGNOSTIC SERVICES/OTORHINOLARYNGOLOGIC SERVICES/VESTIBULAR FUNCTION TESTS, WITH OBSERVATION AND EV"
"Vestibular Function Tests, With Recording (eg, ENG)",38310,"/PRODUCTION/SERVICES AND PROCEDURES/PROFESSIONAL/DIAGNOSTIC SERVICES/OTORHINOLARYNGOLOGIC SERVICES/VESTIBULAR FUNCTION TESTS, WITH RECORDING (EG, ENG)"
Vestibule of Mouth,15984,/PRODUCTION/SERVICES AND PROCEDURES/PROFESSIONAL/SURGICAL PROCEDURES/DIGESTIVE SYSTEM/VESTIBULE OF MOUTH
Visceral and Penile Vascular Studies,20498,/PRODUCTION/SERVICES AND PROCEDURES/PROFESSIONAL/DIAGNOSTIC SERVICES/NON-INVASIVE VASCULAR DIAGNOSTIC STUDIES/VISCERAL AND PENILE VASCULAR STUDIES
Vision,12723,/PRODUCTION/SERVICES AND PROCEDURES/VISION
Vision Aids,60251,/PRODUCTION/SERVICES AND PROCEDURES/PROFESSIONAL/PROSTHETICS AND ORTHOTICS/PROSTHETIC DEVICE/VISION AIDS
Vision aids,60221,/PRODUCTION/SERVICES AND PROCEDURES/VISION/AIDS
Vision exam,12942,/PRODUCTION/SERVICES AND PROCEDURES/VISION/EXAM
Visual Screening,2317280,/PRODUCTION/SERVICES AND PROCEDURES/PROFESSIONAL/NHCR/PPACA/DIAGNOSTIC SERVICES/VISUAL SCREENING
Vitreous,17917,/PRODUCTION/SERVICES AND PROCEDURES/PROFESSIONAL/SURGICAL PROCEDURES/EYE AND OCULAR ADNEXA/POSTERIOR SEGMENT/VITREOUS
"Vulva, Perineum and Introitus",17173,"/PRODUCTION/SERVICES AND PROCEDURES/PROFESSIONAL/SURGICAL PROCEDURES/FEMALE GENITAL SYSTEM/VULVA, PERINEUM AND INTROITUS"
Walkers,"21397,2327423","/PRODUCTION/SERVICES AND PROCEDURES/PROFESSIONAL/DURABLE MEDICAL EQUIPMENT/CANES, CRUTCHES, WALKERS/WALKERS | /PRODUCTION/SERVICES AND PROCEDURES/PROFESSIONAL/DURABLE MEDICAL EQUIPMENT/CAPPED RENTAL DME/WALKER"
Ward (Medical or General),88578,"/PRODUCTION/SERVICES AND PROCEDURES/FACILITY/SKILLED NURSING FACILITY/ROOM, BOARD AND NURSING/WARD (MEDICAL OR GENERAL)"
Weight loss drugs,61406,/PRODUCTION/SERVICES AND PROCEDURES/PRESCRIPTION DRUG PROGRAM/ELECTIVE DRUGS/WEIGHT LOSS DRUGS
Weight reduction,52433,/PRODUCTION/SERVICES AND PROCEDURES/MARK-UP TOPICS ONLY/WEIGHT REDUCTION
Well baby care,60046,/PRODUCTION/SERVICES AND PROCEDURES/PROFESSIONAL/PREVENTIVE SERVICES/EVALUATION AND MANAGEMENT - HEALTH MAINTENANCE EXAM OR GYNECOLOGICAL EXAM/ROUTINE PHYSICAL/WELL BABY CARE
Well child care,60054,/PRODUCTION/SERVICES AND PROCEDURES/PROFESSIONAL/PREVENTIVE SERVICES/EVALUATION AND MANAGEMENT - HEALTH MAINTENANCE EXAM OR GYNECOLOGICAL EXAM/ROUTINE PHYSICAL/WELL CHILD CARE
Wellness Assessment,2432360,/PRODUCTION/SERVICES AND PROCEDURES/PROFESSIONAL/WELLNESS ASSESSMENT
Wheelchair - Amputee,21423,/PRODUCTION/SERVICES AND PROCEDURES/PROFESSIONAL/DURABLE MEDICAL EQUIPMENT/WHEELCHAIRS AND ACCESSORIES/ AMPUTEE
Wheelchair - Fully Reclining,21420,/PRODUCTION/SERVICES AND PROCEDURES/PROFESSIONAL/DURABLE MEDICAL EQUIPMENT/WHEELCHAIRS AND ACCESSORIES/FULLY RECLINING
Wheelchair - Heavy-duty,21427,/PRODUCTION/SERVICES AND PROCEDURES/PROFESSIONAL/DURABLE MEDICAL EQUIPMENT/WHEELCHAIRS AND ACCESSORIES/HEAVY-DUTY
Wheelchair - Lightweight,21426,/PRODUCTION/SERVICES AND PROCEDURES/PROFESSIONAL/DURABLE MEDICAL EQUIPMENT/WHEELCHAIRS AND ACCESSORIES/LIGHTWEIGHT
Wheelchair - Pediatric,61294,/PRODUCTION/SERVICES AND PROCEDURES/PROFESSIONAL/DURABLE MEDICAL EQUIPMENT/CAPPED RENTAL DME/WHEELCHAIR - PEDIATRIC
Wheelchair - Power,21424,/PRODUCTION/SERVICES AND PROCEDURES/PROFESSIONAL/DURABLE MEDICAL EQUIPMENT/WHEELCHAIRS AND ACCESSORIES/POWER
Wheelchair - Semi-reclining,21421,/PRODUCTION/SERVICES AND PROCEDURES/PROFESSIONAL/DURABLE MEDICAL EQUIPMENT/WHEELCHAIRS AND ACCESSORIES/SEMI-RECLINING
Wheelchair - Special Size,21425,/PRODUCTION/SERVICES AND PROCEDURES/PROFESSIONAL/DURABLE MEDICAL EQUIPMENT/WHEELCHAIRS AND ACCESSORIES/SPECIAL SIZE
Wheelchair - Standard,21422,/PRODUCTION/SERVICES AND PROCEDURES/PROFESSIONAL/DURABLE MEDICAL EQUIPMENT/WHEELCHAIRS AND ACCESSORIES/STANDARD
Wheelchair Accessories,"2327374,21418",/PRODUCTION/SERVICES AND PROCEDURES/PROFESSIONAL/DURABLE MEDICAL EQUIPMENT/CAPPED RENTAL DME/WHEELCHAIR ACCESSORIES | /PRODUCTION/SERVICES AND PROCEDURES/PROFESSIONAL/DURABLE MEDICAL EQUIPMENT/WHEELCHAIRS AND ACCESSORIES/ACCESSORIES
Wheelchairs,2327436,/PRODUCTION/SERVICES AND PROCEDURES/PROFESSIONAL/DURABLE MEDICAL EQUIPMENT/CAPPED RENTAL DME/WHEELCHAIRS
Wheelchairs and Accessories,60364,/PRODUCTION/SERVICES AND PROCEDURES/PROFESSIONAL/DURABLE MEDICAL EQUIPMENT/WHEELCHAIRS AND ACCESSORIES
Whirlpool - Equipment,21428,/PRODUCTION/SERVICES AND PROCEDURES/PROFESSIONAL/DURABLE MEDICAL EQUIPMENT/WHIRLPOOL - EQUIPMENT
Whole blood,87713,"/PRODUCTION/SERVICES AND PROCEDURES/FACILITY/INPATIENT HOSPITAL/BLOOD PRODUCTS, STORAGE AND PROCESSING/BLOOD PRODUCTS/WHOLE BLOOD"
Work Related or Medical Disability Evaluation Serv,20892,"/PRODUCTION/SERVICES AND PROCEDURES/PROFESSIONAL/OFFICE, OUTPATIENT AND HOME MEDICAL CARE VISITS/SPECIAL SERVICES/WORK RELATED OR MEDICAL DISABILITY EVALUATION SERV"
"Wound Exploration - Trauma (Penetrating Gunshot, Stab Wound)",13683,/PRODUCTION/SERVICES AND PROCEDURES/PROFESSIONAL/SURGICAL PROCEDURES/MUSCULOSKELETAL SYSTEM/GENERAL/WOUND EXPLORATION - TRAUMA
Wounds of the Heart and Great Vessels,15394,/PRODUCTION/SERVICES AND PROCEDURES/PROFESSIONAL/SURGICAL PROCEDURES/CARDIOVASCULAR SYSTEM/HEART AND PERICARDIUM/WOUNDS OF THE HEART AND GREAT VESSELS
X-RAYS OF THE SPINE AND PELVIS,18269,/PRODUCTION/SERVICES AND PROCEDURES/PROFESSIONAL/CHIROPRACTIC SERVICES/X-RAYS OF THE SPINE AND PELVIS
Xray and other imaging chest,18268,/PRODUCTION/SERVICES AND PROCEDURES/PROFESSIONAL/RADIOLOGY/DIAGNOSTIC RADIOLOGY/XRAY AND OTHER IMAGING/CHEST
